{"screenId":"3","vn":"681027120701119","action":"play_start","audioUrl":"http://IPV4:PORT/audio/female/prefix.mp3","message":"เริ่มเล่นไฟล์เสียง: /audio/female/prefix.mp3","timestamp":"2025-11-15T19:43:01.622Z"}
{"screenId":"3","vn":"681027120701119","action":"play_error","audioUrl":"http://IPV4:PORT/audio/female/prefix.mp3","message":"เกิดข้อผิดพลาดในการเล่นไฟล์เสียง: /audio/female/prefix.mp3","error":"Playback was unable to start. This is most commonly an issue on mobile devices and Chrome where playback was not within a user interaction.","timestamp":"2025-11-15T19:43:01.647Z"}
{"screenId":"3","vn":"681027120701119","action":"load_start","audioUrl":"http://IPV4:PORT/audio/female/prefix.mp3","message":"กำลังโหลดไฟล์เสียง: /audio/female/prefix.mp3","timestamp":"2025-11-15T19:43:01.299Z"}
{"screenId":"3","vn":"681027120701119","action":"load_success","audioUrl":"http://IPV4:PORT/audio/female/prefix.mp3","message":"โหลดไฟล์เสียงสำเร็จ: /audio/female/prefix.mp3","timestamp":"2025-11-15T19:43:01.640Z"}
{"screenId":"3","vn":"681027120701119","action":"load_start","audioUrl":"http://IPV4:PORT/audio/female/D.mp3","message":"กำลังโหลดไฟล์เสียง: /audio/female/D.mp3","timestamp":"2025-11-15T19:43:01.648Z"}
{"screenId":"3","vn":"681027120701119","action":"play_start","audioUrl":"http://IPV4:PORT/audio/female/D.mp3","message":"เริ่มเล่นไฟล์เสียง: /audio/female/D.mp3","timestamp":"2025-11-15T19:43:01.876Z"}
{"screenId":"3","vn":"681027120701119","action":"play_end","audioUrl":"http://IPV4:PORT/audio/female/D.mp3","message":"เล่นไฟล์เสียงเสร็จสิ้น: /audio/female/D.mp3","timestamp":"2025-11-15T19:43:04.043Z"}
{"screenId":"3","vn":"681027120701119","action":"load_success","audioUrl":"http://IPV4:PORT/audio/female/D.mp3","message":"โหลดไฟล์เสียงสำเร็จ: /audio/female/D.mp3","timestamp":"2025-11-15T19:43:01.878Z"}
{"screenId":"3","vn":"681027120701119","action":"load_start","audioUrl":"http://IPV4:PORT/audio/female/0.mp3","message":"กำลังโหลดไฟล์เสียง: /audio/female/0.mp3","timestamp":"2025-11-15T19:43:04.045Z"}
{"screenId":"3","vn":"681027120701119","action":"play_start","audioUrl":"http://IPV4:PORT/audio/female/0.mp3","message":"เริ่มเล่นไฟล์เสียง: /audio/female/0.mp3","timestamp":"2025-11-15T19:43:04.116Z"}
{"screenId":"3","vn":"681027120701119","action":"load_success","audioUrl":"http://IPV4:PORT/audio/female/0.mp3","message":"โหลดไฟล์เสียงสำเร็จ: /audio/female/0.mp3","timestamp":"2025-11-15T19:43:04.117Z"}
{"screenId":"3","vn":"681027120701119","action":"load_success","audioUrl":"http://IPV4:PORT/audio/female/0.mp3","message":"โหลดไฟล์เสียงสำเร็จ: /audio/female/0.mp3","timestamp":"2025-11-15T19:43:04.183Z"}
{"screenId":"3","vn":"681027120701119","action":"play_end","audioUrl":"http://IPV4:PORT/audio/female/0.mp3","message":"เล่นไฟล์เสียงเสร็จสิ้น: /audio/female/0.mp3","timestamp":"2025-11-15T19:43:05.102Z"}
{"screenId":"3","vn":"681027120701119","action":"load_success","audioUrl":"http://IPV4:PORT/audio/female/0.mp3","message":"โหลดไฟล์เสียงสำเร็จ: /audio/female/0.mp3","timestamp":"2025-11-15T19:43:05.233Z"}
{"screenId":"3","vn":"681027120701119","action":"play_start","audioUrl":"http://IPV4:PORT/audio/female/0.mp3","message":"เริ่มเล่นไฟล์เสียง: /audio/female/0.mp3","timestamp":"2025-11-15T19:43:05.184Z"}
{"screenId":"3","vn":"681027120701119","action":"load_start","audioUrl":"http://IPV4:PORT/audio/female/0.mp3","message":"กำลังโหลดไฟล์เสียง: /audio/female/0.mp3","timestamp":"2025-11-15T19:43:05.103Z"}
{"screenId":"3","vn":"681027120701119","action":"load_success","audioUrl":"http://IPV4:PORT/audio/female/0.mp3","message":"โหลดไฟล์เสียงสำเร็จ: /audio/female/0.mp3","timestamp":"2025-11-15T19:43:05.186Z"}
{"screenId":"3","vn":"681027120701119","action":"play_end","audioUrl":"http://IPV4:PORT/audio/female/0.mp3","message":"เล่นไฟล์เสียงเสร็จสิ้น: /audio/female/0.mp3","timestamp":"2025-11-15T19:43:06.142Z"}
{"screenId":"3","vn":"681027120701119","action":"load_start","audioUrl":"http://IPV4:PORT/audio/female/2.mp3","message":"กำลังโหลดไฟล์เสียง: /audio/female/2.mp3","timestamp":"2025-11-15T19:43:06.144Z"}
{"screenId":"3","vn":"681027120701119","action":"play_start","audioUrl":"http://IPV4:PORT/audio/female/2.mp3","message":"เริ่มเล่นไฟล์เสียง: /audio/female/2.mp3","timestamp":"2025-11-15T19:43:06.223Z"}
{"screenId":"3","vn":"681027120701119","action":"load_success","audioUrl":"http://IPV4:PORT/audio/female/2.mp3","message":"โหลดไฟล์เสียงสำเร็จ: /audio/female/2.mp3","timestamp":"2025-11-15T19:43:06.224Z"}
{"screenId":"3","vn":"681027120701119","action":"play_end","audioUrl":"http://IPV4:PORT/audio/female/2.mp3","message":"เล่นไฟล์เสียงเสร็จสิ้น: /audio/female/2.mp3","timestamp":"2025-11-15T19:43:07.342Z"}
{"screenId":"3","vn":"681027120701119","action":"load_success","audioUrl":"http://IPV4:PORT/audio/female/2.mp3","message":"โหลดไฟล์เสียงสำเร็จ: /audio/female/2.mp3","timestamp":"2025-11-15T19:43:06.336Z"}
{"screenId":"3","vn":"681027120701119","action":"load_start","audioUrl":"http://IPV4:PORT/audio/cache/female/%E0%B8%A0%E0%B8%93%E0%B8%B1%E0%B8%95.mp3","message":"กำลังโหลดไฟล์เสียง: /audio/cache/female/%E0%B8%A0%E0%B8%93%E0%B8%B1%E0%B8%95.mp3","timestamp":"2025-11-15T19:43:07.344Z"}
{"screenId":"3","vn":"681027120701119","action":"play_start","audioUrl":"http://IPV4:PORT/audio/cache/female/%E0%B8%A0%E0%B8%93%E0%B8%B1%E0%B8%95.mp3","message":"เริ่มเล่นไฟล์เสียง: /audio/cache/female/%E0%B8%A0%E0%B8%93%E0%B8%B1%E0%B8%95.mp3","timestamp":"2025-11-15T19:43:07.637Z"}
{"screenId":"3","vn":"681027120701119","action":"play_end","audioUrl":"http://IPV4:PORT/audio/cache/female/%E0%B8%A0%E0%B8%93%E0%B8%B1%E0%B8%95.mp3","message":"เล่นไฟล์เสียงเสร็จสิ้น: /audio/cache/female/%E0%B8%A0%E0%B8%93%E0%B8%B1%E0%B8%95.mp3","timestamp":"2025-11-15T19:43:08.363Z"}
{"screenId":"3","vn":"681027120701119","action":"load_success","audioUrl":"http://IPV4:PORT/audio/cache/female/%E0%B8%A0%E0%B8%93%E0%B8%B1%E0%B8%95.mp3","message":"โหลดไฟล์เสียงสำเร็จ: /audio/cache/female/%E0%B8%A0%E0%B8%93%E0%B8%B1%E0%B8%95.mp3","timestamp":"2025-11-15T19:43:07.639Z"}
{"screenId":"3","vn":"681027120701119","action":"load_start","audioUrl":"http://IPV4:PORT/audio/cache/female/%E0%B9%81%E0%B8%8A%E0%B9%88%E0%B8%A1%E0%B8%AA%E0%B8%B4%E0%B8%87%E0%B8%AB%E0%B9%8C.mp3","message":"กำลังโหลดไฟล์เสียง: /audio/cache/female/%E0%B9%81%E0%B8%8A%E0%B9%88%E0%B8%A1%E0%B8%AA%E0%B8%B4%E0%B8%87%E0%B8%AB%E0%B9%8C.mp3","timestamp":"2025-11-15T19:43:08.364Z"}
{"screenId":"3","vn":"681027120701119","action":"play_start","audioUrl":"http://IPV4:PORT/audio/cache/female/%E0%B9%81%E0%B8%8A%E0%B9%88%E0%B8%A1%E0%B8%AA%E0%B8%B4%E0%B8%87%E0%B8%AB%E0%B9%8C.mp3","message":"เริ่มเล่นไฟล์เสียง: /audio/cache/female/%E0%B9%81%E0%B8%8A%E0%B9%88%E0%B8%A1%E0%B8%AA%E0%B8%B4%E0%B8%87%E0%B8%AB%E0%B9%8C.mp3","timestamp":"2025-11-15T19:43:08.576Z"}
{"screenId":"3","vn":"681027120701119","action":"load_start","audioUrl":"http://IPV4:PORT/audio/cache/female/%E0%B8%8A%E0%B9%88%E0%B8%AD%E0%B8%87%E0%B8%9A%E0%B8%A3%E0%B8%B4%E0%B8%81%E0%B8%B2%E0%B8%A31.mp3","message":"กำลังโหลดไฟล์เสียง: /audio/cache/female/%E0%B8%8A%E0%B9%88%E0%B8%AD%E0%B8%87%E0%B8%9A%E0%B8%A3%E0%B8%B4%E0%B8%81%E0%B8%B2%E0%B8%A31.mp3","timestamp":"2025-11-15T19:43:09.784Z"}
{"screenId":"3","vn":"681027120701119","action":"load_success","audioUrl":"http://IPV4:PORT/audio/cache/female/%E0%B9%81%E0%B8%8A%E0%B9%88%E0%B8%A1%E0%B8%AA%E0%B8%B4%E0%B8%87%E0%B8%AB%E0%B9%8C.mp3","message":"โหลดไฟล์เสียงสำเร็จ: /audio/cache/female/%E0%B9%81%E0%B8%8A%E0%B9%88%E0%B8%A1%E0%B8%AA%E0%B8%B4%E0%B8%87%E0%B8%AB%E0%B9%8C.mp3","timestamp":"2025-11-15T19:43:08.578Z"}
{"screenId":"3","vn":"681027120701119","action":"play_start","audioUrl":"http://IPV4:PORT/audio/cache/female/%E0%B8%8A%E0%B9%88%E0%B8%AD%E0%B8%87%E0%B8%9A%E0%B8%A3%E0%B8%B4%E0%B8%81%E0%B8%B2%E0%B8%A31.mp3","message":"เริ่มเล่นไฟล์เสียง: /audio/cache/female/%E0%B8%8A%E0%B9%88%E0%B8%AD%E0%B8%87%E0%B8%9A%E0%B8%A3%E0%B8%B4%E0%B8%81%E0%B8%B2%E0%B8%A31.mp3","timestamp":"2025-11-15T19:43:09.886Z"}
{"screenId":"3","vn":"681027120701119","action":"load_success","audioUrl":"http://IPV4:PORT/audio/cache/female/%E0%B8%8A%E0%B9%88%E0%B8%AD%E0%B8%87%E0%B8%9A%E0%B8%A3%E0%B8%B4%E0%B8%81%E0%B8%B2%E0%B8%A31.mp3","message":"โหลดไฟล์เสียงสำเร็จ: /audio/cache/female/%E0%B8%8A%E0%B9%88%E0%B8%AD%E0%B8%87%E0%B8%9A%E0%B8%A3%E0%B8%B4%E0%B8%81%E0%B8%B2%E0%B8%A31.mp3","timestamp":"2025-11-15T19:43:09.888Z"}
{"screenId":"3","vn":"681027120701119","action":"play_end","audioUrl":"http://IPV4:PORT/audio/cache/female/%E0%B9%81%E0%B8%8A%E0%B9%88%E0%B8%A1%E0%B8%AA%E0%B8%B4%E0%B8%87%E0%B8%AB%E0%B9%8C.mp3","message":"เล่นไฟล์เสียงเสร็จสิ้น: /audio/cache/female/%E0%B9%81%E0%B8%8A%E0%B9%88%E0%B8%A1%E0%B8%AA%E0%B8%B4%E0%B8%87%E0%B8%AB%E0%B9%8C.mp3","timestamp":"2025-11-15T19:43:09.782Z"}
{"screenId":"3","vn":"681027120701119","action":"play_end","audioUrl":"http://IPV4:PORT/audio/cache/female/%E0%B8%8A%E0%B9%88%E0%B8%AD%E0%B8%87%E0%B8%9A%E0%B8%A3%E0%B8%B4%E0%B8%81%E0%B8%B2%E0%B8%A31.mp3","message":"เล่นไฟล์เสียงเสร็จสิ้น: /audio/cache/female/%E0%B8%8A%E0%B9%88%E0%B8%AD%E0%B8%87%E0%B8%9A%E0%B8%A3%E0%B8%B4%E0%B8%81%E0%B8%B2%E0%B8%A31.mp3","timestamp":"2025-11-15T19:43:11.762Z"}
{"screenId":"3","vn":"681012160536640","action":"load_start","audioUrl":"http://IPV4:PORT/audio/female/prefix.mp3","message":"กำลังโหลดไฟล์เสียง: /audio/female/prefix.mp3","timestamp":"2025-11-15T20:01:34.915Z"}
{"screenId":"3","vn":"681012160536640","action":"load_start","audioUrl":"http://IPV4:PORT/audio/female/prefix.mp3","message":"กำลังโหลดไฟล์เสียง: /audio/female/prefix.mp3","timestamp":"2025-11-15T20:01:35.160Z"}
{"screenId":"3","vn":"681012160536640","action":"play_start","audioUrl":"http://IPV4:PORT/audio/female/prefix.mp3","message":"เริ่มเล่นไฟล์เสียง: /audio/female/prefix.mp3","timestamp":"2025-11-15T20:01:35.295Z"}
{"screenId":"3","vn":"681012160536640","action":"load_success","audioUrl":"http://IPV4:PORT/audio/female/prefix.mp3","message":"โหลดไฟล์เสียงสำเร็จ: /audio/female/prefix.mp3","timestamp":"2025-11-15T20:01:35.299Z"}
{"screenId":"3","vn":"681012160536640","action":"play_end","audioUrl":"http://IPV4:PORT/audio/female/prefix.mp3","message":"เล่นไฟล์เสียงเสร็จสิ้น: /audio/female/prefix.mp3","timestamp":"2025-11-15T20:01:38.419Z"}
{"screenId":"3","vn":"681012160536640","action":"play_start","audioUrl":"http://IPV4:PORT/audio/female/A.mp3","message":"เริ่มเล่นไฟล์เสียง: /audio/female/A.mp3","timestamp":"2025-11-15T20:01:38.432Z"}
{"screenId":"3","vn":"681012160536640","action":"load_start","audioUrl":"http://IPV4:PORT/audio/female/A.mp3","message":"กำลังโหลดไฟล์เสียง: /audio/female/A.mp3","timestamp":"2025-11-15T20:01:38.421Z"}
{"screenId":"3","vn":"681012160536640","action":"load_success","audioUrl":"http://IPV4:PORT/audio/female/A.mp3","message":"โหลดไฟล์เสียงสำเร็จ: /audio/female/A.mp3","timestamp":"2025-11-15T20:01:38.436Z"}
{"screenId":"3","vn":"681012160536640","action":"play_end","audioUrl":"http://IPV4:PORT/audio/female/A.mp3","message":"เล่นไฟล์เสียงเสร็จสิ้น: /audio/female/A.mp3","timestamp":"2025-11-15T20:01:39.314Z"}
{"screenId":"3","vn":"681012160536640","action":"load_start","audioUrl":"http://IPV4:PORT/audio/female/0.mp3","message":"กำลังโหลดไฟล์เสียง: /audio/female/0.mp3","timestamp":"2025-11-15T20:01:39.316Z"}
{"screenId":"3","vn":"681012160536640","action":"load_success","audioUrl":"http://IPV4:PORT/audio/female/0.mp3","message":"โหลดไฟล์เสียงสำเร็จ: /audio/female/0.mp3","timestamp":"2025-11-15T20:01:39.326Z"}
{"screenId":"3","vn":"681012160536640","action":"load_start","audioUrl":"http://IPV4:PORT/audio/female/0.mp3","message":"กำลังโหลดไฟล์เสียง: /audio/female/0.mp3","timestamp":"2025-11-15T20:01:40.296Z"}
{"screenId":"3","vn":"681012160536640","action":"play_start","audioUrl":"http://IPV4:PORT/audio/female/0.mp3","message":"เริ่มเล่นไฟล์เสียง: /audio/female/0.mp3","timestamp":"2025-11-15T20:01:39.323Z"}
{"screenId":"3","vn":"681012160536640","action":"play_end","audioUrl":"http://IPV4:PORT/audio/female/0.mp3","message":"เล่นไฟล์เสียงเสร็จสิ้น: /audio/female/0.mp3","timestamp":"2025-11-15T20:01:40.294Z"}
{"screenId":"3","vn":"681012160536640","action":"play_start","audioUrl":"http://IPV4:PORT/audio/female/0.mp3","message":"เริ่มเล่นไฟล์เสียง: /audio/female/0.mp3","timestamp":"2025-11-15T20:01:40.302Z"}
{"screenId":"3","vn":"681012160536640","action":"load_success","audioUrl":"http://IPV4:PORT/audio/female/0.mp3","message":"โหลดไฟล์เสียงสำเร็จ: /audio/female/0.mp3","timestamp":"2025-11-15T20:01:40.304Z"}
{"screenId":"3","vn":"681012160536640","action":"play_end","audioUrl":"http://IPV4:PORT/audio/female/0.mp3","message":"เล่นไฟล์เสียงเสร็จสิ้น: /audio/female/0.mp3","timestamp":"2025-11-15T20:01:41.294Z"}
{"screenId":"3","vn":"681012160536640","action":"load_start","audioUrl":"http://IPV4:PORT/audio/female/1.mp3","message":"กำลังโหลดไฟล์เสียง: /audio/female/1.mp3","timestamp":"2025-11-15T20:01:41.296Z"}
{"screenId":"3","vn":"681012160536640","action":"play_start","audioUrl":"http://IPV4:PORT/audio/female/1.mp3","message":"เริ่มเล่นไฟล์เสียง: /audio/female/1.mp3","timestamp":"2025-11-15T20:01:41.306Z"}
{"screenId":"3","vn":"681012160536640","action":"load_success","audioUrl":"http://IPV4:PORT/audio/female/1.mp3","message":"โหลดไฟล์เสียงสำเร็จ: /audio/female/1.mp3","timestamp":"2025-11-15T20:01:41.309Z"}
{"screenId":"3","vn":"681012160536640","action":"play_end","audioUrl":"http://IPV4:PORT/audio/female/1.mp3","message":"เล่นไฟล์เสียงเสร็จสิ้น: /audio/female/1.mp3","timestamp":"2025-11-15T20:01:42.236Z"}
{"screenId":"3","vn":"681012160536640","action":"load_start","audioUrl":"http://IPV4:PORT/audio/cache/female/%E0%B8%97%E0%B8%94%E0%B8%AA%E0%B8%AD%E0%B8%9A111.mp3","message":"กำลังโหลดไฟล์เสียง: /audio/cache/female/%E0%B8%97%E0%B8%94%E0%B8%AA%E0%B8%AD%E0%B8%9A111.mp3","timestamp":"2025-11-15T20:01:42.237Z"}
{"screenId":"3","vn":"681012160536640","action":"load_success","audioUrl":"http://IPV4:PORT/audio/cache/female/%E0%B8%97%E0%B8%94%E0%B8%AA%E0%B8%AD%E0%B8%9A111.mp3","message":"โหลดไฟล์เสียงสำเร็จ: /audio/cache/female/%E0%B8%97%E0%B8%94%E0%B8%AA%E0%B8%AD%E0%B8%9A111.mp3","timestamp":"2025-11-15T20:01:42.252Z"}
{"screenId":"3","vn":"681012160536640","action":"play_start","audioUrl":"http://IPV4:PORT/audio/cache/female/%E0%B8%97%E0%B8%94%E0%B8%AA%E0%B8%AD%E0%B8%9A111.mp3","message":"เริ่มเล่นไฟล์เสียง: /audio/cache/female/%E0%B8%97%E0%B8%94%E0%B8%AA%E0%B8%AD%E0%B8%9A111.mp3","timestamp":"2025-11-15T20:01:42.248Z"}
{"screenId":"3","vn":"681012160536640","action":"play_end","audioUrl":"http://IPV4:PORT/audio/cache/female/%E0%B8%97%E0%B8%94%E0%B8%AA%E0%B8%AD%E0%B8%9A111.mp3","message":"เล่นไฟล์เสียงเสร็จสิ้น: /audio/cache/female/%E0%B8%97%E0%B8%94%E0%B8%AA%E0%B8%AD%E0%B8%9A111.mp3","timestamp":"2025-11-15T20:01:44.095Z"}
{"screenId":"3","vn":"681012160536640","action":"load_start","audioUrl":"http://IPV4:PORT/audio/cache/female/%E0%B8%97%E0%B8%94%E0%B8%AA%E0%B8%AD%E0%B8%9A.mp3","message":"กำลังโหลดไฟล์เสียง: /audio/cache/female/%E0%B8%97%E0%B8%94%E0%B8%AA%E0%B8%AD%E0%B8%9A.mp3","timestamp":"2025-11-15T20:01:44.096Z"}
{"screenId":"3","vn":"681012160536640","action":"play_start","audioUrl":"http://IPV4:PORT/audio/cache/female/%E0%B8%97%E0%B8%94%E0%B8%AA%E0%B8%AD%E0%B8%9A.mp3","message":"เริ่มเล่นไฟล์เสียง: /audio/cache/female/%E0%B8%97%E0%B8%94%E0%B8%AA%E0%B8%AD%E0%B8%9A.mp3","timestamp":"2025-11-15T20:01:44.107Z"}
{"screenId":"3","vn":"681012160536640","action":"load_success","audioUrl":"http://IPV4:PORT/audio/cache/female/%E0%B8%97%E0%B8%94%E0%B8%AA%E0%B8%AD%E0%B8%9A.mp3","message":"โหลดไฟล์เสียงสำเร็จ: /audio/cache/female/%E0%B8%97%E0%B8%94%E0%B8%AA%E0%B8%AD%E0%B8%9A.mp3","timestamp":"2025-11-15T20:01:44.109Z"}
{"screenId":"3","vn":"681012160536640","action":"load_start","audioUrl":"http://IPV4:PORT/audio/cache/female/%E0%B8%8A%E0%B9%88%E0%B8%AD%E0%B8%87%E0%B8%A3%E0%B8%B1%E0%B8%9A%E0%B8%A2%E0%B8%B21.mp3","message":"กำลังโหลดไฟล์เสียง: /audio/cache/female/%E0%B8%8A%E0%B9%88%E0%B8%AD%E0%B8%87%E0%B8%A3%E0%B8%B1%E0%B8%9A%E0%B8%A2%E0%B8%B21.mp3","timestamp":"2025-11-15T20:01:45.199Z"}
{"screenId":"3","vn":"681012160536640","action":"play_end","audioUrl":"http://IPV4:PORT/audio/cache/female/%E0%B8%97%E0%B8%94%E0%B8%AA%E0%B8%AD%E0%B8%9A.mp3","message":"เล่นไฟล์เสียงเสร็จสิ้น: /audio/cache/female/%E0%B8%97%E0%B8%94%E0%B8%AA%E0%B8%AD%E0%B8%9A.mp3","timestamp":"2025-11-15T20:01:45.197Z"}
{"screenId":"3","vn":"681012160536640","action":"play_start","audioUrl":"http://IPV4:PORT/audio/cache/female/%E0%B8%8A%E0%B9%88%E0%B8%AD%E0%B8%87%E0%B8%A3%E0%B8%B1%E0%B8%9A%E0%B8%A2%E0%B8%B21.mp3","message":"เริ่มเล่นไฟล์เสียง: /audio/cache/female/%E0%B8%8A%E0%B9%88%E0%B8%AD%E0%B8%87%E0%B8%A3%E0%B8%B1%E0%B8%9A%E0%B8%A2%E0%B8%B21.mp3","timestamp":"2025-11-15T20:01:45.215Z"}
{"screenId":"3","vn":"681012160536640","action":"load_success","audioUrl":"http://IPV4:PORT/audio/cache/female/%E0%B8%8A%E0%B9%88%E0%B8%AD%E0%B8%87%E0%B8%A3%E0%B8%B1%E0%B8%9A%E0%B8%A2%E0%B8%B21.mp3","message":"โหลดไฟล์เสียงสำเร็จ: /audio/cache/female/%E0%B8%8A%E0%B9%88%E0%B8%AD%E0%B8%87%E0%B8%A3%E0%B8%B1%E0%B8%9A%E0%B8%A2%E0%B8%B21.mp3","timestamp":"2025-11-15T20:01:45.220Z"}
{"screenId":"3","vn":"681012160536640","action":"play_end","audioUrl":"http://IPV4:PORT/audio/cache/female/%E0%B8%8A%E0%B9%88%E0%B8%AD%E0%B8%87%E0%B8%A3%E0%B8%B1%E0%B8%9A%E0%B8%A2%E0%B8%B21.mp3","message":"เล่นไฟล์เสียงเสร็จสิ้น: /audio/cache/female/%E0%B8%8A%E0%B9%88%E0%B8%AD%E0%B8%87%E0%B8%A3%E0%B8%B1%E0%B8%9A%E0%B8%A2%E0%B8%B21.mp3","timestamp":"2025-11-15T20:01:47.116Z"}
{"screenId":"3","vn":"681012160536640","action":"play_start","audioUrl":"http://IPV4:PORT/audio/female/prefix.mp3","message":"เริ่มเล่นไฟล์เสียง: /audio/female/prefix.mp3","timestamp":"2025-11-15T20:02:07.142Z"}
{"screenId":"3","vn":"681012160536640","action":"load_success","audioUrl":"http://IPV4:PORT/audio/female/prefix.mp3","message":"โหลดไฟล์เสียงสำเร็จ: /audio/female/prefix.mp3","timestamp":"2025-11-15T20:02:07.148Z"}
{"screenId":"3","vn":"681012160536640","action":"play_error","audioUrl":"http://IPV4:PORT/audio/female/prefix.mp3","message":"เกิดข้อผิดพลาดในการเล่นไฟล์เสียง: /audio/female/prefix.mp3","error":"Playback was unable to start. This is most commonly an issue on mobile devices and Chrome where playback was not within a user interaction.","timestamp":"2025-11-15T20:02:07.173Z"}
{"screenId":"3","vn":"681012160536640","action":"load_start","audioUrl":"http://IPV4:PORT/audio/female/A.mp3","message":"กำลังโหลดไฟล์เสียง: /audio/female/A.mp3","timestamp":"2025-11-15T20:02:07.187Z"}
{"screenId":"3","vn":"681012160536640","action":"load_start","audioUrl":"http://IPV4:PORT/audio/female/0.mp3","message":"กำลังโหลดไฟล์เสียง: /audio/female/0.mp3","timestamp":"2025-11-15T20:02:07.281Z"}
{"screenId":"3","vn":"681012160536640","action":"play_error","audioUrl":"http://IPV4:PORT/audio/female/prefix.mp3","message":"เกิดข้อผิดพลาดในการเล่นไฟล์เสียง: /audio/female/prefix.mp3","error":"Playback was unable to start. This is most commonly an issue on mobile devices and Chrome where playback was not within a user interaction.","timestamp":"2025-11-15T20:02:07.224Z"}
{"screenId":"3","vn":"681012160536640","action":"play_start","audioUrl":"http://IPV4:PORT/audio/female/A.mp3","message":"เริ่มเล่นไฟล์เสียง: /audio/female/A.mp3","timestamp":"2025-11-15T20:02:12.077Z"}
{"screenId":"3","vn":"681012160536640","action":"load_success","audioUrl":"http://IPV4:PORT/audio/female/A.mp3","message":"โหลดไฟล์เสียงสำเร็จ: /audio/female/A.mp3","timestamp":"2025-11-15T20:02:12.079Z"}
{"screenId":"3","vn":"681012160536640","action":"play_error","audioUrl":"http://IPV4:PORT/audio/female/A.mp3","message":"เกิดข้อผิดพลาดในการเล่นไฟล์เสียง: /audio/female/A.mp3","error":"Playback was unable to start. This is most commonly an issue on mobile devices and Chrome where playback was not within a user interaction.","timestamp":"2025-11-15T20:02:12.082Z"}
{"screenId":"3","vn":"681012160536640","action":"play_error","audioUrl":"http://IPV4:PORT/audio/female/A.mp3","message":"เกิดข้อผิดพลาดในการเล่นไฟล์เสียง: /audio/female/A.mp3","error":"Playback was unable to start. This is most commonly an issue on mobile devices and Chrome where playback was not within a user interaction.","timestamp":"2025-11-15T20:02:12.116Z"}
{"screenId":"3","vn":"681012160536640","action":"load_start","audioUrl":"http://IPV4:PORT/audio/female/1.mp3","message":"กำลังโหลดไฟล์เสียง: /audio/female/1.mp3","timestamp":"2025-11-15T20:02:12.122Z"}
{"screenId":"3","vn":"681012160536640","action":"load_start","audioUrl":"http://IPV4:PORT/audio/female/0.mp3","message":"กำลังโหลดไฟล์เสียง: /audio/female/0.mp3","timestamp":"2025-11-15T20:02:12.094Z"}
{"screenId":"3","vn":"681012160536640","action":"play_start","audioUrl":"http://IPV4:PORT/audio/female/0.mp3","message":"เริ่มเล่นไฟล์เสียง: /audio/female/0.mp3","timestamp":"2025-11-15T20:02:29.481Z"}
{"screenId":"3","vn":"681012160536640","action":"load_success","audioUrl":"http://IPV4:PORT/audio/female/0.mp3","message":"โหลดไฟล์เสียงสำเร็จ: /audio/female/0.mp3","timestamp":"2025-11-15T20:02:29.492Z"}
{"screenId":"3","vn":"681012160536640","action":"play_error","audioUrl":"http://IPV4:PORT/audio/female/0.mp3","message":"เกิดข้อผิดพลาดในการเล่นไฟล์เสียง: /audio/female/0.mp3","error":"Playback was unable to start. This is most commonly an issue on mobile devices and Chrome where playback was not within a user interaction.","timestamp":"2025-11-15T20:02:29.510Z"}
{"screenId":"3","vn":"681012160536640","action":"play_error","audioUrl":"http://IPV4:PORT/audio/female/0.mp3","message":"เกิดข้อผิดพลาดในการเล่นไฟล์เสียง: /audio/female/0.mp3","error":"Playback was unable to start. This is most commonly an issue on mobile devices and Chrome where playback was not within a user interaction.","timestamp":"2025-11-15T20:02:29.576Z"}
{"screenId":"3","vn":"681012160536640","action":"load_start","audioUrl":"http://IPV4:PORT/audio/cache/female/%E0%B8%97%E0%B8%94%E0%B8%AA%E0%B8%AD%E0%B8%9A111.mp3","message":"กำลังโหลดไฟล์เสียง: /audio/cache/female/%E0%B8%97%E0%B8%94%E0%B8%AA%E0%B8%AD%E0%B8%9A111.mp3","timestamp":"2025-11-15T20:02:29.528Z"}
{"screenId":"3","vn":"681012160536640","action":"load_start","audioUrl":"http://IPV4:PORT/audio/cache/female/%E0%B8%97%E0%B8%94%E0%B8%AA%E0%B8%AD%E0%B8%9A.mp3","message":"กำลังโหลดไฟล์เสียง: /audio/cache/female/%E0%B8%97%E0%B8%94%E0%B8%AA%E0%B8%AD%E0%B8%9A.mp3","timestamp":"2025-11-15T20:02:29.591Z"}
{"screenId":"3","vn":"681012160536640","action":"play_start","audioUrl":"http://IPV4:PORT/audio/female/0.mp3","message":"เริ่มเล่นไฟล์เสียง: /audio/female/0.mp3","timestamp":"2025-11-15T20:02:36.892Z"}
{"screenId":"3","vn":"681012160536640","action":"load_success","audioUrl":"http://IPV4:PORT/audio/female/0.mp3","message":"โหลดไฟล์เสียงสำเร็จ: /audio/female/0.mp3","timestamp":"2025-11-15T20:02:36.912Z"}
{"screenId":"3","vn":"681012160536640","action":"play_error","audioUrl":"http://IPV4:PORT/audio/female/0.mp3","message":"เกิดข้อผิดพลาดในการเล่นไฟล์เสียง: /audio/female/0.mp3","error":"Playback was unable to start. This is most commonly an issue on mobile devices and Chrome where playback was not within a user interaction.","timestamp":"2025-11-15T20:02:36.927Z"}
{"screenId":"3","vn":"681012160536640","action":"load_start","audioUrl":"http://IPV4:PORT/audio/cache/female/%E0%B8%8A%E0%B9%88%E0%B8%AD%E0%B8%87%E0%B8%A3%E0%B8%B1%E0%B8%9A%E0%B8%A2%E0%B8%B21.mp3","message":"กำลังโหลดไฟล์เสียง: /audio/cache/female/%E0%B8%8A%E0%B9%88%E0%B8%AD%E0%B8%87%E0%B8%A3%E0%B8%B1%E0%B8%9A%E0%B8%A2%E0%B8%B21.mp3","timestamp":"2025-11-15T20:02:36.939Z"}
{"screenId":"3","vn":"681012160536640","action":"play_error","audioUrl":"http://IPV4:PORT/audio/female/0.mp3","message":"เกิดข้อผิดพลาดในการเล่นไฟล์เสียง: /audio/female/0.mp3","error":"Playback was unable to start. This is most commonly an issue on mobile devices and Chrome where playback was not within a user interaction.","timestamp":"2025-11-15T20:02:37.145Z"}
{"screenId":"3","vn":"681012160536640","action":"play_start","audioUrl":"http://IPV4:PORT/audio/female/1.mp3","message":"เริ่มเล่นไฟล์เสียง: /audio/female/1.mp3","timestamp":"2025-11-15T20:02:44.939Z"}
{"screenId":"3","vn":"681012160536640","action":"load_success","audioUrl":"http://IPV4:PORT/audio/female/1.mp3","message":"โหลดไฟล์เสียงสำเร็จ: /audio/female/1.mp3","timestamp":"2025-11-15T20:02:44.948Z"}
{"screenId":"3","vn":"681012160536640","action":"play_error","audioUrl":"http://IPV4:PORT/audio/female/1.mp3","message":"เกิดข้อผิดพลาดในการเล่นไฟล์เสียง: /audio/female/1.mp3","error":"Playback was unable to start. This is most commonly an issue on mobile devices and Chrome where playback was not within a user interaction.","timestamp":"2025-11-15T20:02:44.987Z"}
{"screenId":"3","vn":"681012160536640","action":"play_error","audioUrl":"http://IPV4:PORT/audio/female/1.mp3","message":"เกิดข้อผิดพลาดในการเล่นไฟล์เสียง: /audio/female/1.mp3","error":"Playback was unable to start. This is most commonly an issue on mobile devices and Chrome where playback was not within a user interaction.","timestamp":"2025-11-15T20:02:44.965Z"}
{"screenId":"3","vn":"681012160536640","action":"play_start","audioUrl":"http://IPV4:PORT/audio/cache/female/%E0%B8%97%E0%B8%94%E0%B8%AA%E0%B8%AD%E0%B8%9A111.mp3","message":"เริ่มเล่นไฟล์เสียง: /audio/cache/female/%E0%B8%97%E0%B8%94%E0%B8%AA%E0%B8%AD%E0%B8%9A111.mp3","timestamp":"2025-11-15T20:02:47.670Z"}
{"screenId":"3","vn":"681012160536640","action":"load_success","audioUrl":"http://IPV4:PORT/audio/cache/female/%E0%B8%97%E0%B8%94%E0%B8%AA%E0%B8%AD%E0%B8%9A111.mp3","message":"โหลดไฟล์เสียงสำเร็จ: /audio/cache/female/%E0%B8%97%E0%B8%94%E0%B8%AA%E0%B8%AD%E0%B8%9A111.mp3","timestamp":"2025-11-15T20:02:47.679Z"}
{"screenId":"3","vn":"681012160536640","action":"play_start","audioUrl":"http://IPV4:PORT/audio/cache/female/%E0%B8%97%E0%B8%94%E0%B8%AA%E0%B8%AD%E0%B8%9A.mp3","message":"เริ่มเล่นไฟล์เสียง: /audio/cache/female/%E0%B8%97%E0%B8%94%E0%B8%AA%E0%B8%AD%E0%B8%9A.mp3","timestamp":"2025-11-15T20:02:47.841Z"}
{"screenId":"3","vn":"681012160536640","action":"load_success","audioUrl":"http://IPV4:PORT/audio/cache/female/%E0%B8%97%E0%B8%94%E0%B8%AA%E0%B8%AD%E0%B8%9A.mp3","message":"โหลดไฟล์เสียงสำเร็จ: /audio/cache/female/%E0%B8%97%E0%B8%94%E0%B8%AA%E0%B8%AD%E0%B8%9A.mp3","timestamp":"2025-11-15T20:02:48.154Z"}
{"screenId":"3","vn":"681012160536640","action":"play_error","audioUrl":"http://IPV4:PORT/audio/cache/female/%E0%B8%97%E0%B8%94%E0%B8%AA%E0%B8%AD%E0%B8%9A111.mp3","message":"เกิดข้อผิดพลาดในการเล่นไฟล์เสียง: /audio/cache/female/%E0%B8%97%E0%B8%94%E0%B8%AA%E0%B8%AD%E0%B8%9A111.mp3","error":"Playback was unable to start. This is most commonly an issue on mobile devices and Chrome where playback was not within a user interaction.","timestamp":"2025-11-15T20:02:48.174Z"}
{"screenId":"3","vn":"681012160536640","action":"play_error","audioUrl":"http://IPV4:PORT/audio/cache/female/%E0%B8%97%E0%B8%94%E0%B8%AA%E0%B8%AD%E0%B8%9A111.mp3","message":"เกิดข้อผิดพลาดในการเล่นไฟล์เสียง: /audio/cache/female/%E0%B8%97%E0%B8%94%E0%B8%AA%E0%B8%AD%E0%B8%9A111.mp3","error":"Playback was unable to start. This is most commonly an issue on mobile devices and Chrome where playback was not within a user interaction.","timestamp":"2025-11-15T20:02:48.197Z"}
{"screenId":"3","vn":"681012160536640","action":"play_error","audioUrl":"http://IPV4:PORT/audio/cache/female/%E0%B8%97%E0%B8%94%E0%B8%AA%E0%B8%AD%E0%B8%9A.mp3","message":"เกิดข้อผิดพลาดในการเล่นไฟล์เสียง: /audio/cache/female/%E0%B8%97%E0%B8%94%E0%B8%AA%E0%B8%AD%E0%B8%9A.mp3","error":"Playback was unable to start. This is most commonly an issue on mobile devices and Chrome where playback was not within a user interaction.","timestamp":"2025-11-15T20:02:48.282Z"}
{"screenId":"3","vn":"681012160536640","action":"play_error","audioUrl":"http://IPV4:PORT/audio/cache/female/%E0%B8%97%E0%B8%94%E0%B8%AA%E0%B8%AD%E0%B8%9A.mp3","message":"เกิดข้อผิดพลาดในการเล่นไฟล์เสียง: /audio/cache/female/%E0%B8%97%E0%B8%94%E0%B8%AA%E0%B8%AD%E0%B8%9A.mp3","error":"Playback was unable to start. This is most commonly an issue on mobile devices and Chrome where playback was not within a user interaction.","timestamp":"2025-11-15T20:02:48.345Z"}
{"screenId":"3","vn":"681012160536640","action":"play_start","audioUrl":"http://IPV4:PORT/audio/cache/female/%E0%B8%8A%E0%B9%88%E0%B8%AD%E0%B8%87%E0%B8%A3%E0%B8%B1%E0%B8%9A%E0%B8%A2%E0%B8%B21.mp3","message":"เริ่มเล่นไฟล์เสียง: /audio/cache/female/%E0%B8%8A%E0%B9%88%E0%B8%AD%E0%B8%87%E0%B8%A3%E0%B8%B1%E0%B8%9A%E0%B8%A2%E0%B8%B21.mp3","timestamp":"2025-11-15T20:02:53.283Z"}
{"screenId":"3","vn":"681012160536640","action":"load_success","audioUrl":"http://IPV4:PORT/audio/cache/female/%E0%B8%8A%E0%B9%88%E0%B8%AD%E0%B8%87%E0%B8%A3%E0%B8%B1%E0%B8%9A%E0%B8%A2%E0%B8%B21.mp3","message":"โหลดไฟล์เสียงสำเร็จ: /audio/cache/female/%E0%B8%8A%E0%B9%88%E0%B8%AD%E0%B8%87%E0%B8%A3%E0%B8%B1%E0%B8%9A%E0%B8%A2%E0%B8%B21.mp3","timestamp":"2025-11-15T20:02:53.290Z"}
{"screenId":"3","vn":"681012160536640","action":"play_error","audioUrl":"http://IPV4:PORT/audio/cache/female/%E0%B8%8A%E0%B9%88%E0%B8%AD%E0%B8%87%E0%B8%A3%E0%B8%B1%E0%B8%9A%E0%B8%A2%E0%B8%B21.mp3","message":"เกิดข้อผิดพลาดในการเล่นไฟล์เสียง: /audio/cache/female/%E0%B8%8A%E0%B9%88%E0%B8%AD%E0%B8%87%E0%B8%A3%E0%B8%B1%E0%B8%9A%E0%B8%A2%E0%B8%B21.mp3","error":"Playback was unable to start. This is most commonly an issue on mobile devices and Chrome where playback was not within a user interaction.","timestamp":"2025-11-15T20:02:53.369Z"}
{"screenId":"3","vn":"681012160536640","action":"play_error","audioUrl":"http://IPV4:PORT/audio/cache/female/%E0%B8%8A%E0%B9%88%E0%B8%AD%E0%B8%87%E0%B8%A3%E0%B8%B1%E0%B8%9A%E0%B8%A2%E0%B8%B21.mp3","message":"เกิดข้อผิดพลาดในการเล่นไฟล์เสียง: /audio/cache/female/%E0%B8%8A%E0%B9%88%E0%B8%AD%E0%B8%87%E0%B8%A3%E0%B8%B1%E0%B8%9A%E0%B8%A2%E0%B8%B21.mp3","error":"Playback was unable to start. This is most commonly an issue on mobile devices and Chrome where playback was not within a user interaction.","timestamp":"2025-11-15T20:02:53.310Z"}
{"screenId":"3","vn":"681012160536640","action":"load_start","audioUrl":"http://IPV4:PORT/audio/female/prefix.mp3","message":"กำลังโหลดไฟล์เสียง: /audio/female/prefix.mp3","timestamp":"2025-11-15T20:03:56.718Z"}
{"screenId":"3","vn":"681012160536640","action":"load_success","audioUrl":"http://IPV4:PORT/audio/female/prefix.mp3","message":"โหลดไฟล์เสียงสำเร็จ: /audio/female/prefix.mp3","timestamp":"2025-11-15T20:03:56.894Z"}
{"screenId":"3","vn":"681012160536640","action":"play_start","audioUrl":"http://IPV4:PORT/audio/female/prefix.mp3","message":"เริ่มเล่นไฟล์เสียง: /audio/female/prefix.mp3","timestamp":"2025-11-15T20:03:56.891Z"}
{"screenId":"3","vn":"681012160536640","action":"play_error","audioUrl":"http://IPV4:PORT/audio/female/prefix.mp3","message":"เกิดข้อผิดพลาดในการเล่นไฟล์เสียง: /audio/female/prefix.mp3","error":"Playback was unable to start. This is most commonly an issue on mobile devices and Chrome where playback was not within a user interaction.","timestamp":"2025-11-15T20:03:56.901Z"}
{"screenId":"3","vn":"681012160536640","action":"load_start","audioUrl":"http://IPV4:PORT/audio/female/A.mp3","message":"กำลังโหลดไฟล์เสียง: /audio/female/A.mp3","timestamp":"2025-11-15T20:03:56.904Z"}
{"screenId":"3","vn":"681012160536640","action":"play_error","audioUrl":"http://IPV4:PORT/audio/female/prefix.mp3","message":"เกิดข้อผิดพลาดในการเล่นไฟล์เสียง: /audio/female/prefix.mp3","error":"Playback was unable to start. This is most commonly an issue on mobile devices and Chrome where playback was not within a user interaction.","timestamp":"2025-11-15T20:03:56.909Z"}
{"screenId":"3","vn":"681012160536640","action":"load_start","audioUrl":"http://IPV4:PORT/audio/female/0.mp3","message":"กำลังโหลดไฟล์เสียง: /audio/female/0.mp3","timestamp":"2025-11-15T20:03:56.912Z"}
{"screenId":"3","vn":"681012160536640","action":"play_start","audioUrl":"http://IPV4:PORT/audio/female/A.mp3","message":"เริ่มเล่นไฟล์เสียง: /audio/female/A.mp3","timestamp":"2025-11-15T20:03:56.969Z"}
{"screenId":"3","vn":"681012160536640","action":"load_success","audioUrl":"http://IPV4:PORT/audio/female/A.mp3","message":"โหลดไฟล์เสียงสำเร็จ: /audio/female/A.mp3","timestamp":"2025-11-15T20:03:56.972Z"}
{"screenId":"3","vn":"681012160536640","action":"play_error","audioUrl":"http://IPV4:PORT/audio/female/A.mp3","message":"เกิดข้อผิดพลาดในการเล่นไฟล์เสียง: /audio/female/A.mp3","error":"Playback was unable to start. This is most commonly an issue on mobile devices and Chrome where playback was not within a user interaction.","timestamp":"2025-11-15T20:03:56.979Z"}
{"screenId":"3","vn":"681012160536640","action":"load_start","audioUrl":"http://IPV4:PORT/audio/female/0.mp3","message":"กำลังโหลดไฟล์เสียง: /audio/female/0.mp3","timestamp":"2025-11-15T20:03:56.981Z"}
{"screenId":"3","vn":"681012160536640","action":"load_start","audioUrl":"http://IPV4:PORT/audio/female/prefix.mp3","message":"กำลังโหลดไฟล์เสียง: /audio/female/prefix.mp3","timestamp":"2025-11-15T20:04:24.126Z"}
{"screenId":"3","vn":"681012160536640","action":"load_success","audioUrl":"http://IPV4:PORT/audio/female/prefix.mp3","message":"โหลดไฟล์เสียงสำเร็จ: /audio/female/prefix.mp3","timestamp":"2025-11-15T20:04:24.291Z"}
{"screenId":"3","vn":"681012160536640","action":"play_start","audioUrl":"http://IPV4:PORT/audio/female/prefix.mp3","message":"เริ่มเล่นไฟล์เสียง: /audio/female/prefix.mp3","timestamp":"2025-11-15T20:04:24.287Z"}
{"screenId":"3","vn":"681012160536640","action":"play_error","audioUrl":"http://IPV4:PORT/audio/female/prefix.mp3","message":"เกิดข้อผิดพลาดในการเล่นไฟล์เสียง: /audio/female/prefix.mp3","error":"Playback was unable to start. This is most commonly an issue on mobile devices and Chrome where playback was not within a user interaction.","timestamp":"2025-11-15T20:04:24.294Z"}
{"screenId":"3","vn":"681012160536640","action":"play_error","audioUrl":"http://IPV4:PORT/audio/female/prefix.mp3","message":"เกิดข้อผิดพลาดในการเล่นไฟล์เสียง: /audio/female/prefix.mp3","error":"Playback was unable to start. This is most commonly an issue on mobile devices and Chrome where playback was not within a user interaction.","timestamp":"2025-11-15T20:04:24.300Z"}
{"screenId":"3","vn":"681012160536640","action":"load_start","audioUrl":"http://IPV4:PORT/audio/female/A.mp3","message":"กำลังโหลดไฟล์เสียง: /audio/female/A.mp3","timestamp":"2025-11-15T20:04:24.296Z"}
{"screenId":"3","vn":"681012160536640","action":"load_start","audioUrl":"http://IPV4:PORT/audio/female/0.mp3","message":"กำลังโหลดไฟล์เสียง: /audio/female/0.mp3","timestamp":"2025-11-15T20:04:24.302Z"}
{"screenId":"3","vn":"681012160536640","action":"play_start","audioUrl":"http://IPV4:PORT/audio/female/A.mp3","message":"เริ่มเล่นไฟล์เสียง: /audio/female/A.mp3","timestamp":"2025-11-15T20:04:24.356Z"}
{"screenId":"3","vn":"681012160536640","action":"load_success","audioUrl":"http://IPV4:PORT/audio/female/A.mp3","message":"โหลดไฟล์เสียงสำเร็จ: /audio/female/A.mp3","timestamp":"2025-11-15T20:04:24.358Z"}
{"screenId":"3","vn":"681012160536640","action":"play_start","audioUrl":"http://IPV4:PORT/audio/female/0.mp3","message":"เริ่มเล่นไฟล์เสียง: /audio/female/0.mp3","timestamp":"2025-11-15T20:04:24.360Z"}
{"screenId":"3","vn":"681012160536640","action":"play_error","audioUrl":"http://IPV4:PORT/audio/female/A.mp3","message":"เกิดข้อผิดพลาดในการเล่นไฟล์เสียง: /audio/female/A.mp3","error":"Playback was unable to start. This is most commonly an issue on mobile devices and Chrome where playback was not within a user interaction.","timestamp":"2025-11-15T20:04:24.365Z"}
{"screenId":"3","vn":"681012160536640","action":"load_success","audioUrl":"http://IPV4:PORT/audio/female/0.mp3","message":"โหลดไฟล์เสียงสำเร็จ: /audio/female/0.mp3","timestamp":"2025-11-15T20:04:24.362Z"}
{"screenId":"3","vn":"681012160536640","action":"load_start","audioUrl":"http://IPV4:PORT/audio/female/0.mp3","message":"กำลังโหลดไฟล์เสียง: /audio/female/0.mp3","timestamp":"2025-11-15T20:04:24.367Z"}
{"screenId":"3","vn":"681012160536640","action":"play_error","audioUrl":"http://IPV4:PORT/audio/female/A.mp3","message":"เกิดข้อผิดพลาดในการเล่นไฟล์เสียง: /audio/female/A.mp3","error":"Playback was unable to start. This is most commonly an issue on mobile devices and Chrome where playback was not within a user interaction.","timestamp":"2025-11-15T20:04:24.369Z"}
{"screenId":"3","vn":"681012160536640","action":"load_start","audioUrl":"http://IPV4:PORT/audio/female/1.mp3","message":"กำลังโหลดไฟล์เสียง: /audio/female/1.mp3","timestamp":"2025-11-15T20:04:24.371Z"}
{"screenId":"3","vn":"681012160536640","action":"play_error","audioUrl":"http://IPV4:PORT/audio/female/0.mp3","message":"เกิดข้อผิดพลาดในการเล่นไฟล์เสียง: /audio/female/0.mp3","error":"Playback was unable to start. This is most commonly an issue on mobile devices and Chrome where playback was not within a user interaction.","timestamp":"2025-11-15T20:04:24.379Z"}
{"screenId":"3","vn":"681012160536640","action":"load_start","audioUrl":"http://IPV4:PORT/audio/cache/female/%E0%B8%97%E0%B8%94%E0%B8%AA%E0%B8%AD%E0%B8%9A111.mp3","message":"กำลังโหลดไฟล์เสียง: /audio/cache/female/%E0%B8%97%E0%B8%94%E0%B8%AA%E0%B8%AD%E0%B8%9A111.mp3","timestamp":"2025-11-15T20:04:24.383Z"}
{"screenId":"3","vn":"681012160536640","action":"play_error","audioUrl":"http://IPV4:PORT/audio/female/0.mp3","message":"เกิดข้อผิดพลาดในการเล่นไฟล์เสียง: /audio/female/0.mp3","error":"Playback was unable to start. This is most commonly an issue on mobile devices and Chrome where playback was not within a user interaction.","timestamp":"2025-11-15T20:04:24.386Z"}
{"screenId":"3","vn":"681012160536640","action":"load_start","audioUrl":"http://IPV4:PORT/audio/cache/female/%E0%B8%97%E0%B8%94%E0%B8%AA%E0%B8%AD%E0%B8%9A.mp3","message":"กำลังโหลดไฟล์เสียง: /audio/cache/female/%E0%B8%97%E0%B8%94%E0%B8%AA%E0%B8%AD%E0%B8%9A.mp3","timestamp":"2025-11-15T20:04:24.387Z"}
{"screenId":"3","vn":"681012160536640","action":"play_start","audioUrl":"http://IPV4:PORT/audio/female/0.mp3","message":"เริ่มเล่นไฟล์เสียง: /audio/female/0.mp3","timestamp":"2025-11-15T20:04:24.442Z"}
{"screenId":"3","vn":"681012160536640","action":"load_success","audioUrl":"http://IPV4:PORT/audio/female/0.mp3","message":"โหลดไฟล์เสียงสำเร็จ: /audio/female/0.mp3","timestamp":"2025-11-15T20:04:24.445Z"}
{"screenId":"3","vn":"681012160536640","action":"play_error","audioUrl":"http://IPV4:PORT/audio/female/0.mp3","message":"เกิดข้อผิดพลาดในการเล่นไฟล์เสียง: /audio/female/0.mp3","error":"Playback was unable to start. This is most commonly an issue on mobile devices and Chrome where playback was not within a user interaction.","timestamp":"2025-11-15T20:04:24.457Z"}
{"screenId":"3","vn":"681012160536640","action":"load_start","audioUrl":"http://IPV4:PORT/audio/cache/female/%E0%B8%8A%E0%B9%88%E0%B8%AD%E0%B8%87%E0%B8%A3%E0%B8%B1%E0%B8%9A%E0%B8%A2%E0%B8%B21.mp3","message":"กำลังโหลดไฟล์เสียง: /audio/cache/female/%E0%B8%8A%E0%B9%88%E0%B8%AD%E0%B8%87%E0%B8%A3%E0%B8%B1%E0%B8%9A%E0%B8%A2%E0%B8%B21.mp3","timestamp":"2025-11-15T20:04:24.458Z"}
{"screenId":"3","vn":"681012160536640","action":"play_error","audioUrl":"http://IPV4:PORT/audio/female/0.mp3","message":"เกิดข้อผิดพลาดในการเล่นไฟล์เสียง: /audio/female/0.mp3","error":"Playback was unable to start. This is most commonly an issue on mobile devices and Chrome where playback was not within a user interaction.","timestamp":"2025-11-15T20:04:24.461Z"}
{"screenId":"3","vn":"681012160536640","action":"load_success","audioUrl":"http://IPV4:PORT/audio/female/1.mp3","message":"โหลดไฟล์เสียงสำเร็จ: /audio/female/1.mp3","timestamp":"2025-11-15T20:04:24.475Z"}
{"screenId":"3","vn":"681012160536640","action":"play_start","audioUrl":"http://IPV4:PORT/audio/female/1.mp3","message":"เริ่มเล่นไฟล์เสียง: /audio/female/1.mp3","timestamp":"2025-11-15T20:04:24.472Z"}
{"screenId":"3","vn":"681012160536640","action":"play_start","audioUrl":"http://IPV4:PORT/audio/cache/female/%E0%B8%97%E0%B8%94%E0%B8%AA%E0%B8%AD%E0%B8%9A111.mp3","message":"เริ่มเล่นไฟล์เสียง: /audio/cache/female/%E0%B8%97%E0%B8%94%E0%B8%AA%E0%B8%AD%E0%B8%9A111.mp3","timestamp":"2025-11-15T20:04:24.477Z"}
{"screenId":"3","vn":"681012160536640","action":"load_success","audioUrl":"http://IPV4:PORT/audio/cache/female/%E0%B8%97%E0%B8%94%E0%B8%AA%E0%B8%AD%E0%B8%9A111.mp3","message":"โหลดไฟล์เสียงสำเร็จ: /audio/cache/female/%E0%B8%97%E0%B8%94%E0%B8%AA%E0%B8%AD%E0%B8%9A111.mp3","timestamp":"2025-11-15T20:04:24.479Z"}
{"screenId":"3","vn":"681012160536640","action":"play_start","audioUrl":"http://IPV4:PORT/audio/cache/female/%E0%B8%97%E0%B8%94%E0%B8%AA%E0%B8%AD%E0%B8%9A.mp3","message":"เริ่มเล่นไฟล์เสียง: /audio/cache/female/%E0%B8%97%E0%B8%94%E0%B8%AA%E0%B8%AD%E0%B8%9A.mp3","timestamp":"2025-11-15T20:04:24.481Z"}
{"screenId":"3","vn":"681012160536640","action":"load_success","audioUrl":"http://IPV4:PORT/audio/cache/female/%E0%B8%97%E0%B8%94%E0%B8%AA%E0%B8%AD%E0%B8%9A.mp3","message":"โหลดไฟล์เสียงสำเร็จ: /audio/cache/female/%E0%B8%97%E0%B8%94%E0%B8%AA%E0%B8%AD%E0%B8%9A.mp3","timestamp":"2025-11-15T20:04:24.483Z"}
{"screenId":"3","vn":"681012160536640","action":"play_error","audioUrl":"http://IPV4:PORT/audio/female/1.mp3","message":"เกิดข้อผิดพลาดในการเล่นไฟล์เสียง: /audio/female/1.mp3","error":"Playback was unable to start. This is most commonly an issue on mobile devices and Chrome where playback was not within a user interaction.","timestamp":"2025-11-15T20:04:24.486Z"}
{"screenId":"3","vn":"681012160536640","action":"play_error","audioUrl":"http://IPV4:PORT/audio/female/1.mp3","message":"เกิดข้อผิดพลาดในการเล่นไฟล์เสียง: /audio/female/1.mp3","error":"Playback was unable to start. This is most commonly an issue on mobile devices and Chrome where playback was not within a user interaction.","timestamp":"2025-11-15T20:04:24.488Z"}
{"screenId":"3","vn":"681012160536640","action":"play_error","audioUrl":"http://IPV4:PORT/audio/cache/female/%E0%B8%97%E0%B8%94%E0%B8%AA%E0%B8%AD%E0%B8%9A111.mp3","message":"เกิดข้อผิดพลาดในการเล่นไฟล์เสียง: /audio/cache/female/%E0%B8%97%E0%B8%94%E0%B8%AA%E0%B8%AD%E0%B8%9A111.mp3","error":"Playback was unable to start. This is most commonly an issue on mobile devices and Chrome where playback was not within a user interaction.","timestamp":"2025-11-15T20:04:24.494Z"}
{"screenId":"3","vn":"681012160536640","action":"play_error","audioUrl":"http://IPV4:PORT/audio/cache/female/%E0%B8%97%E0%B8%94%E0%B8%AA%E0%B8%AD%E0%B8%9A111.mp3","message":"เกิดข้อผิดพลาดในการเล่นไฟล์เสียง: /audio/cache/female/%E0%B8%97%E0%B8%94%E0%B8%AA%E0%B8%AD%E0%B8%9A111.mp3","error":"Playback was unable to start. This is most commonly an issue on mobile devices and Chrome where playback was not within a user interaction.","timestamp":"2025-11-15T20:04:24.496Z"}
{"screenId":"3","vn":"681012160536640","action":"play_error","audioUrl":"http://IPV4:PORT/audio/cache/female/%E0%B8%97%E0%B8%94%E0%B8%AA%E0%B8%AD%E0%B8%9A.mp3","message":"เกิดข้อผิดพลาดในการเล่นไฟล์เสียง: /audio/cache/female/%E0%B8%97%E0%B8%94%E0%B8%AA%E0%B8%AD%E0%B8%9A.mp3","error":"Playback was unable to start. This is most commonly an issue on mobile devices and Chrome where playback was not within a user interaction.","timestamp":"2025-11-15T20:04:24.499Z"}
{"screenId":"3","vn":"681012160536640","action":"play_error","audioUrl":"http://IPV4:PORT/audio/cache/female/%E0%B8%97%E0%B8%94%E0%B8%AA%E0%B8%AD%E0%B8%9A.mp3","message":"เกิดข้อผิดพลาดในการเล่นไฟล์เสียง: /audio/cache/female/%E0%B8%97%E0%B8%94%E0%B8%AA%E0%B8%AD%E0%B8%9A.mp3","error":"Playback was unable to start. This is most commonly an issue on mobile devices and Chrome where playback was not within a user interaction.","timestamp":"2025-11-15T20:04:24.501Z"}
{"screenId":"3","vn":"681012160536640","action":"load_start","audioUrl":"http://IPV4:PORT/audio/female/prefix.mp3","message":"กำลังโหลดไฟล์เสียง: /audio/female/prefix.mp3","timestamp":"2025-11-15T20:07:02.828Z"}
{"screenId":"3","vn":"681012160536640","action":"play_start","audioUrl":"http://IPV4:PORT/audio/female/prefix.mp3","message":"เริ่มเล่นไฟล์เสียง: /audio/female/prefix.mp3","timestamp":"2025-11-15T20:07:03.024Z"}
{"screenId":"3","vn":"681012160536640","action":"load_success","audioUrl":"http://IPV4:PORT/audio/female/prefix.mp3","message":"โหลดไฟล์เสียงสำเร็จ: /audio/female/prefix.mp3","timestamp":"2025-11-15T20:07:03.030Z"}
{"screenId":"3","vn":"681012160536640","action":"play_end","audioUrl":"http://IPV4:PORT/audio/female/prefix.mp3","message":"เล่นไฟล์เสียงเสร็จสิ้น: /audio/female/prefix.mp3","timestamp":"2025-11-15T20:07:05.909Z"}
{"screenId":"3","vn":"681012160536640","action":"load_start","audioUrl":"http://IPV4:PORT/audio/female/A.mp3","message":"กำลังโหลดไฟล์เสียง: /audio/female/A.mp3","timestamp":"2025-11-15T20:07:05.911Z"}
{"screenId":"3","vn":"681012160536640","action":"load_success","audioUrl":"http://IPV4:PORT/audio/female/A.mp3","message":"โหลดไฟล์เสียงสำเร็จ: /audio/female/A.mp3","timestamp":"2025-11-15T20:07:05.925Z"}
{"screenId":"3","vn":"681012160536640","action":"play_start","audioUrl":"http://IPV4:PORT/audio/female/A.mp3","message":"เริ่มเล่นไฟล์เสียง: /audio/female/A.mp3","timestamp":"2025-11-15T20:07:05.923Z"}
{"screenId":"3","vn":"681012160536640","action":"play_end","audioUrl":"http://IPV4:PORT/audio/female/A.mp3","message":"เล่นไฟล์เสียงเสร็จสิ้น: /audio/female/A.mp3","timestamp":"2025-11-15T20:07:06.770Z"}
{"screenId":"3","vn":"681012160536640","action":"load_start","audioUrl":"http://IPV4:PORT/audio/female/0.mp3","message":"กำลังโหลดไฟล์เสียง: /audio/female/0.mp3","timestamp":"2025-11-15T20:07:06.771Z"}
{"screenId":"3","vn":"681012160536640","action":"load_success","audioUrl":"http://IPV4:PORT/audio/female/0.mp3","message":"โหลดไฟล์เสียงสำเร็จ: /audio/female/0.mp3","timestamp":"2025-11-15T20:07:06.786Z"}
{"screenId":"3","vn":"681012160536640","action":"play_start","audioUrl":"http://IPV4:PORT/audio/female/0.mp3","message":"เริ่มเล่นไฟล์เสียง: /audio/female/0.mp3","timestamp":"2025-11-15T20:07:06.783Z"}
{"screenId":"3","vn":"681012160536640","action":"load_start","audioUrl":"http://IPV4:PORT/audio/female/0.mp3","message":"กำลังโหลดไฟล์เสียง: /audio/female/0.mp3","timestamp":"2025-11-15T20:07:07.750Z"}
{"screenId":"3","vn":"681012160536640","action":"play_end","audioUrl":"http://IPV4:PORT/audio/female/0.mp3","message":"เล่นไฟล์เสียงเสร็จสิ้น: /audio/female/0.mp3","timestamp":"2025-11-15T20:07:07.748Z"}
{"screenId":"3","vn":"681012160536640","action":"play_start","audioUrl":"http://IPV4:PORT/audio/female/0.mp3","message":"เริ่มเล่นไฟล์เสียง: /audio/female/0.mp3","timestamp":"2025-11-15T20:07:07.761Z"}
{"screenId":"3","vn":"681012160536640","action":"load_success","audioUrl":"http://IPV4:PORT/audio/female/0.mp3","message":"โหลดไฟล์เสียงสำเร็จ: /audio/female/0.mp3","timestamp":"2025-11-15T20:07:07.765Z"}
{"screenId":"3","vn":"681012160536640","action":"play_start","audioUrl":"http://IPV4:PORT/audio/female/1.mp3","message":"เริ่มเล่นไฟล์เสียง: /audio/female/1.mp3","timestamp":"2025-11-15T20:07:08.743Z"}
{"screenId":"3","vn":"681012160536640","action":"play_end","audioUrl":"http://IPV4:PORT/audio/female/0.mp3","message":"เล่นไฟล์เสียงเสร็จสิ้น: /audio/female/0.mp3","timestamp":"2025-11-15T20:07:08.730Z"}
{"screenId":"3","vn":"681012160536640","action":"load_success","audioUrl":"http://IPV4:PORT/audio/female/1.mp3","message":"โหลดไฟล์เสียงสำเร็จ: /audio/female/1.mp3","timestamp":"2025-11-15T20:07:08.746Z"}
{"screenId":"3","vn":"681012160536640","action":"load_start","audioUrl":"http://IPV4:PORT/audio/female/1.mp3","message":"กำลังโหลดไฟล์เสียง: /audio/female/1.mp3","timestamp":"2025-11-15T20:07:08.732Z"}
{"screenId":"3","vn":"681012160536640","action":"play_end","audioUrl":"http://IPV4:PORT/audio/female/1.mp3","message":"เล่นไฟล์เสียงเสร็จสิ้น: /audio/female/1.mp3","timestamp":"2025-11-15T20:07:09.689Z"}
{"screenId":"3","vn":"681012160536640","action":"load_start","audioUrl":"http://IPV4:PORT/audio/cache/female/%E0%B8%97%E0%B8%94%E0%B8%AA%E0%B8%AD%E0%B8%9A111.mp3","message":"กำลังโหลดไฟล์เสียง: /audio/cache/female/%E0%B8%97%E0%B8%94%E0%B8%AA%E0%B8%AD%E0%B8%9A111.mp3","timestamp":"2025-11-15T20:07:09.691Z"}
{"screenId":"3","vn":"681012160536640","action":"play_start","audioUrl":"http://IPV4:PORT/audio/cache/female/%E0%B8%97%E0%B8%94%E0%B8%AA%E0%B8%AD%E0%B8%9A111.mp3","message":"เริ่มเล่นไฟล์เสียง: /audio/cache/female/%E0%B8%97%E0%B8%94%E0%B8%AA%E0%B8%AD%E0%B8%9A111.mp3","timestamp":"2025-11-15T20:07:09.702Z"}
{"screenId":"3","vn":"681012160536640","action":"load_success","audioUrl":"http://IPV4:PORT/audio/cache/female/%E0%B8%97%E0%B8%94%E0%B8%AA%E0%B8%AD%E0%B8%9A111.mp3","message":"โหลดไฟล์เสียงสำเร็จ: /audio/cache/female/%E0%B8%97%E0%B8%94%E0%B8%AA%E0%B8%AD%E0%B8%9A111.mp3","timestamp":"2025-11-15T20:07:09.705Z"}
{"screenId":"3","vn":"681012160536640","action":"play_end","audioUrl":"http://IPV4:PORT/audio/cache/female/%E0%B8%97%E0%B8%94%E0%B8%AA%E0%B8%AD%E0%B8%9A111.mp3","message":"เล่นไฟล์เสียงเสร็จสิ้น: /audio/cache/female/%E0%B8%97%E0%B8%94%E0%B8%AA%E0%B8%AD%E0%B8%9A111.mp3","timestamp":"2025-11-15T20:07:11.509Z"}
{"screenId":"3","vn":"681012160536640","action":"load_start","audioUrl":"http://IPV4:PORT/audio/cache/female/%E0%B8%97%E0%B8%94%E0%B8%AA%E0%B8%AD%E0%B8%9A.mp3","message":"กำลังโหลดไฟล์เสียง: /audio/cache/female/%E0%B8%97%E0%B8%94%E0%B8%AA%E0%B8%AD%E0%B8%9A.mp3","timestamp":"2025-11-15T20:07:11.511Z"}
{"screenId":"3","vn":"681012160536640","action":"play_start","audioUrl":"http://IPV4:PORT/audio/cache/female/%E0%B8%97%E0%B8%94%E0%B8%AA%E0%B8%AD%E0%B8%9A.mp3","message":"เริ่มเล่นไฟล์เสียง: /audio/cache/female/%E0%B8%97%E0%B8%94%E0%B8%AA%E0%B8%AD%E0%B8%9A.mp3","timestamp":"2025-11-15T20:07:11.523Z"}
{"screenId":"3","vn":"681012160536640","action":"load_success","audioUrl":"http://IPV4:PORT/audio/cache/female/%E0%B8%97%E0%B8%94%E0%B8%AA%E0%B8%AD%E0%B8%9A.mp3","message":"โหลดไฟล์เสียงสำเร็จ: /audio/cache/female/%E0%B8%97%E0%B8%94%E0%B8%AA%E0%B8%AD%E0%B8%9A.mp3","timestamp":"2025-11-15T20:07:11.525Z"}
{"screenId":"3","vn":"681012160536640","action":"play_end","audioUrl":"http://IPV4:PORT/audio/cache/female/%E0%B8%97%E0%B8%94%E0%B8%AA%E0%B8%AD%E0%B8%9A.mp3","message":"เล่นไฟล์เสียงเสร็จสิ้น: /audio/cache/female/%E0%B8%97%E0%B8%94%E0%B8%AA%E0%B8%AD%E0%B8%9A.mp3","timestamp":"2025-11-15T20:07:12.608Z"}
{"screenId":"3","vn":"681012160536640","action":"load_start","audioUrl":"http://IPV4:PORT/audio/cache/female/%E0%B8%8A%E0%B9%88%E0%B8%AD%E0%B8%87%E0%B8%A3%E0%B8%B1%E0%B8%9A%E0%B8%A2%E0%B8%B21.mp3","message":"กำลังโหลดไฟล์เสียง: /audio/cache/female/%E0%B8%8A%E0%B9%88%E0%B8%AD%E0%B8%87%E0%B8%A3%E0%B8%B1%E0%B8%9A%E0%B8%A2%E0%B8%B21.mp3","timestamp":"2025-11-15T20:07:12.609Z"}
{"screenId":"3","vn":"681012160536640","action":"play_start","audioUrl":"http://IPV4:PORT/audio/cache/female/%E0%B8%8A%E0%B9%88%E0%B8%AD%E0%B8%87%E0%B8%A3%E0%B8%B1%E0%B8%9A%E0%B8%A2%E0%B8%B21.mp3","message":"เริ่มเล่นไฟล์เสียง: /audio/cache/female/%E0%B8%8A%E0%B9%88%E0%B8%AD%E0%B8%87%E0%B8%A3%E0%B8%B1%E0%B8%9A%E0%B8%A2%E0%B8%B21.mp3","timestamp":"2025-11-15T20:07:12.621Z"}
{"screenId":"3","vn":"681012160536640","action":"load_success","audioUrl":"http://IPV4:PORT/audio/cache/female/%E0%B8%8A%E0%B9%88%E0%B8%AD%E0%B8%87%E0%B8%A3%E0%B8%B1%E0%B8%9A%E0%B8%A2%E0%B8%B21.mp3","message":"โหลดไฟล์เสียงสำเร็จ: /audio/cache/female/%E0%B8%8A%E0%B9%88%E0%B8%AD%E0%B8%87%E0%B8%A3%E0%B8%B1%E0%B8%9A%E0%B8%A2%E0%B8%B21.mp3","timestamp":"2025-11-15T20:07:12.624Z"}
{"screenId":"3","vn":"681012160536640","action":"play_end","audioUrl":"http://IPV4:PORT/audio/cache/female/%E0%B8%8A%E0%B9%88%E0%B8%AD%E0%B8%87%E0%B8%A3%E0%B8%B1%E0%B8%9A%E0%B8%A2%E0%B8%B21.mp3","message":"เล่นไฟล์เสียงเสร็จสิ้น: /audio/cache/female/%E0%B8%8A%E0%B9%88%E0%B8%AD%E0%B8%87%E0%B8%A3%E0%B8%B1%E0%B8%9A%E0%B8%A2%E0%B8%B21.mp3","timestamp":"2025-11-15T20:07:14.529Z"}
{"screenId":"3","vn":"681012160536640","action":"load_start","audioUrl":"http://IPV4:PORT/audio/female/prefix.mp3","message":"กำลังโหลดไฟล์เสียง: /audio/female/prefix.mp3","timestamp":"2025-11-15T20:15:37.094Z"}
{"screenId":"3","vn":"681012160536640","action":"load_success","audioUrl":"http://IPV4:PORT/audio/female/prefix.mp3","message":"โหลดไฟล์เสียงสำเร็จ: /audio/female/prefix.mp3","timestamp":"2025-11-15T20:15:37.163Z"}
{"screenId":"3","vn":"681012160536640","action":"play_start","audioUrl":"http://IPV4:PORT/audio/female/prefix.mp3","message":"เริ่มเล่นไฟล์เสียง: /audio/female/prefix.mp3","timestamp":"2025-11-15T20:15:37.161Z"}
{"screenId":"3","vn":"681012160536640","action":"play_end","audioUrl":"http://IPV4:PORT/audio/female/prefix.mp3","message":"เล่นไฟล์เสียงเสร็จสิ้น: /audio/female/prefix.mp3","timestamp":"2025-11-15T20:15:40.195Z"}
{"screenId":"3","vn":"681012160536640","action":"load_start","audioUrl":"http://IPV4:PORT/audio/female/A.mp3","message":"กำลังโหลดไฟล์เสียง: /audio/female/A.mp3","timestamp":"2025-11-15T20:15:40.196Z"}
{"screenId":"3","vn":"681012160536640","action":"play_start","audioUrl":"http://IPV4:PORT/audio/female/A.mp3","message":"เริ่มเล่นไฟล์เสียง: /audio/female/A.mp3","timestamp":"2025-11-15T20:15:40.206Z"}
{"screenId":"3","vn":"681012160536640","action":"load_success","audioUrl":"http://IPV4:PORT/audio/female/A.mp3","message":"โหลดไฟล์เสียงสำเร็จ: /audio/female/A.mp3","timestamp":"2025-11-15T20:15:40.207Z"}
{"screenId":"3","vn":"681012160536640","action":"play_end","audioUrl":"http://IPV4:PORT/audio/female/A.mp3","message":"เล่นไฟล์เสียงเสร็จสิ้น: /audio/female/A.mp3","timestamp":"2025-11-15T20:15:41.054Z"}
{"screenId":"3","vn":"681012160536640","action":"load_start","audioUrl":"http://IPV4:PORT/audio/female/0.mp3","message":"กำลังโหลดไฟล์เสียง: /audio/female/0.mp3","timestamp":"2025-11-15T20:15:41.054Z"}
{"screenId":"3","vn":"681012160536640","action":"play_start","audioUrl":"http://IPV4:PORT/audio/female/0.mp3","message":"เริ่มเล่นไฟล์เสียง: /audio/female/0.mp3","timestamp":"2025-11-15T20:15:41.062Z"}
{"screenId":"3","vn":"681012160536640","action":"load_success","audioUrl":"http://IPV4:PORT/audio/female/0.mp3","message":"โหลดไฟล์เสียงสำเร็จ: /audio/female/0.mp3","timestamp":"2025-11-15T20:15:41.064Z"}
{"screenId":"3","vn":"681012160536640","action":"play_end","audioUrl":"http://IPV4:PORT/audio/female/0.mp3","message":"เล่นไฟล์เสียงเสร็จสิ้น: /audio/female/0.mp3","timestamp":"2025-11-15T20:15:42.034Z"}
{"screenId":"3","vn":"681012160536640","action":"load_start","audioUrl":"http://IPV4:PORT/audio/female/0.mp3","message":"กำลังโหลดไฟล์เสียง: /audio/female/0.mp3","timestamp":"2025-11-15T20:15:42.035Z"}
{"screenId":"3","vn":"681012160536640","action":"play_start","audioUrl":"http://IPV4:PORT/audio/female/0.mp3","message":"เริ่มเล่นไฟล์เสียง: /audio/female/0.mp3","timestamp":"2025-11-15T20:15:42.038Z"}
{"screenId":"3","vn":"681012160536640","action":"load_success","audioUrl":"http://IPV4:PORT/audio/female/0.mp3","message":"โหลดไฟล์เสียงสำเร็จ: /audio/female/0.mp3","timestamp":"2025-11-15T20:15:42.040Z"}
{"screenId":"3","vn":"681012160536640","action":"play_end","audioUrl":"http://IPV4:PORT/audio/female/0.mp3","message":"เล่นไฟล์เสียงเสร็จสิ้น: /audio/female/0.mp3","timestamp":"2025-11-15T20:15:42.994Z"}
{"screenId":"3","vn":"681012160536640","action":"load_start","audioUrl":"http://IPV4:PORT/audio/female/1.mp3","message":"กำลังโหลดไฟล์เสียง: /audio/female/1.mp3","timestamp":"2025-11-15T20:15:42.995Z"}
{"screenId":"3","vn":"681012160536640","action":"play_start","audioUrl":"http://IPV4:PORT/audio/female/1.mp3","message":"เริ่มเล่นไฟล์เสียง: /audio/female/1.mp3","timestamp":"2025-11-15T20:15:43.003Z"}
{"screenId":"3","vn":"681012160536640","action":"play_end","audioUrl":"http://IPV4:PORT/audio/female/1.mp3","message":"เล่นไฟล์เสียงเสร็จสิ้น: /audio/female/1.mp3","timestamp":"2025-11-15T20:15:43.934Z"}
{"screenId":"3","vn":"681012160536640","action":"load_success","audioUrl":"http://IPV4:PORT/audio/female/1.mp3","message":"โหลดไฟล์เสียงสำเร็จ: /audio/female/1.mp3","timestamp":"2025-11-15T20:15:43.005Z"}
{"screenId":"3","vn":"681012160536640","action":"play_start","audioUrl":"http://IPV4:PORT/audio/cache/female/%E0%B8%97%E0%B8%94%E0%B8%AA%E0%B8%AD%E0%B8%9A111.mp3","message":"เริ่มเล่นไฟล์เสียง: /audio/cache/female/%E0%B8%97%E0%B8%94%E0%B8%AA%E0%B8%AD%E0%B8%9A111.mp3","timestamp":"2025-11-15T20:15:43.947Z"}
{"screenId":"3","vn":"681012160536640","action":"load_start","audioUrl":"http://IPV4:PORT/audio/cache/female/%E0%B8%97%E0%B8%94%E0%B8%AA%E0%B8%AD%E0%B8%9A111.mp3","message":"กำลังโหลดไฟล์เสียง: /audio/cache/female/%E0%B8%97%E0%B8%94%E0%B8%AA%E0%B8%AD%E0%B8%9A111.mp3","timestamp":"2025-11-15T20:15:43.936Z"}
{"screenId":"3","vn":"681012160536640","action":"load_success","audioUrl":"http://IPV4:PORT/audio/cache/female/%E0%B8%97%E0%B8%94%E0%B8%AA%E0%B8%AD%E0%B8%9A111.mp3","message":"โหลดไฟล์เสียงสำเร็จ: /audio/cache/female/%E0%B8%97%E0%B8%94%E0%B8%AA%E0%B8%AD%E0%B8%9A111.mp3","timestamp":"2025-11-15T20:15:43.948Z"}
{"screenId":"3","vn":"681012160536640","action":"play_end","audioUrl":"http://IPV4:PORT/audio/cache/female/%E0%B8%97%E0%B8%94%E0%B8%AA%E0%B8%AD%E0%B8%9A111.mp3","message":"เล่นไฟล์เสียงเสร็จสิ้น: /audio/cache/female/%E0%B8%97%E0%B8%94%E0%B8%AA%E0%B8%AD%E0%B8%9A111.mp3","timestamp":"2025-11-15T20:15:45.754Z"}
{"screenId":"3","vn":"681012160536640","action":"load_start","audioUrl":"http://IPV4:PORT/audio/cache/female/%E0%B8%8A%E0%B9%88%E0%B8%AD%E0%B8%87%E0%B8%A3%E0%B8%B1%E0%B8%9A%E0%B8%A2%E0%B8%B21.mp3","message":"กำลังโหลดไฟล์เสียง: /audio/cache/female/%E0%B8%8A%E0%B9%88%E0%B8%AD%E0%B8%87%E0%B8%A3%E0%B8%B1%E0%B8%9A%E0%B8%A2%E0%B8%B21.mp3","timestamp":"2025-11-15T20:15:45.755Z"}
{"screenId":"3","vn":"681012160536640","action":"play_start","audioUrl":"http://IPV4:PORT/audio/cache/female/%E0%B8%8A%E0%B9%88%E0%B8%AD%E0%B8%87%E0%B8%A3%E0%B8%B1%E0%B8%9A%E0%B8%A2%E0%B8%B21.mp3","message":"เริ่มเล่นไฟล์เสียง: /audio/cache/female/%E0%B8%8A%E0%B9%88%E0%B8%AD%E0%B8%87%E0%B8%A3%E0%B8%B1%E0%B8%9A%E0%B8%A2%E0%B8%B21.mp3","timestamp":"2025-11-15T20:15:45.762Z"}
{"screenId":"3","vn":"681012160536640","action":"load_success","audioUrl":"http://IPV4:PORT/audio/cache/female/%E0%B8%8A%E0%B9%88%E0%B8%AD%E0%B8%87%E0%B8%A3%E0%B8%B1%E0%B8%9A%E0%B8%A2%E0%B8%B21.mp3","message":"โหลดไฟล์เสียงสำเร็จ: /audio/cache/female/%E0%B8%8A%E0%B9%88%E0%B8%AD%E0%B8%87%E0%B8%A3%E0%B8%B1%E0%B8%9A%E0%B8%A2%E0%B8%B21.mp3","timestamp":"2025-11-15T20:15:45.764Z"}
{"screenId":"3","vn":"681012160536640","action":"play_end","audioUrl":"http://IPV4:PORT/audio/cache/female/%E0%B8%8A%E0%B9%88%E0%B8%AD%E0%B8%87%E0%B8%A3%E0%B8%B1%E0%B8%9A%E0%B8%A2%E0%B8%B21.mp3","message":"เล่นไฟล์เสียงเสร็จสิ้น: /audio/cache/female/%E0%B8%8A%E0%B9%88%E0%B8%AD%E0%B8%87%E0%B8%A3%E0%B8%B1%E0%B8%9A%E0%B8%A2%E0%B8%B21.mp3","timestamp":"2025-11-15T20:15:47.614Z"}
{"screenId":"3","vn":"681012160536640","action":"load_start","audioUrl":"http://IPV4:PORT/audio/male/prefix.mp3","message":"กำลังโหลดไฟล์เสียง: /audio/male/prefix.mp3","timestamp":"2025-11-15T21:22:23.849Z"}
{"screenId":"3","vn":"681012160536640","action":"load_start","audioUrl":"http://IPV4:PORT/audio/male/prefix.mp3","message":"กำลังโหลดไฟล์เสียง: /audio/male/prefix.mp3","timestamp":"2025-11-15T21:22:24.102Z"}
{"screenId":"3","vn":"681012160536640","action":"play_start","audioUrl":"http://IPV4:PORT/audio/male/prefix.mp3","message":"เริ่มเล่นไฟล์เสียง: /audio/male/prefix.mp3","timestamp":"2025-11-15T21:22:24.538Z"}
{"screenId":"3","vn":"681012160536640","action":"load_success","audioUrl":"http://IPV4:PORT/audio/male/prefix.mp3","message":"โหลดไฟล์เสียงสำเร็จ: /audio/male/prefix.mp3","timestamp":"2025-11-15T21:22:24.541Z"}
{"screenId":"3","vn":"681012160536640","action":"play_end","audioUrl":"http://IPV4:PORT/audio/male/prefix.mp3","message":"เล่นไฟล์เสียงเสร็จสิ้น: /audio/male/prefix.mp3","timestamp":"2025-11-15T21:22:27.166Z"}
{"screenId":"3","vn":"681012160536640","action":"play_start","audioUrl":"http://IPV4:PORT/audio/male/A.mp3","message":"เริ่มเล่นไฟล์เสียง: /audio/male/A.mp3","timestamp":"2025-11-15T21:22:27.251Z"}
{"screenId":"3","vn":"681012160536640","action":"load_start","audioUrl":"http://IPV4:PORT/audio/male/A.mp3","message":"กำลังโหลดไฟล์เสียง: /audio/male/A.mp3","timestamp":"2025-11-15T21:22:27.167Z"}
{"screenId":"3","vn":"681012160536640","action":"load_success","audioUrl":"http://IPV4:PORT/audio/male/A.mp3","message":"โหลดไฟล์เสียงสำเร็จ: /audio/male/A.mp3","timestamp":"2025-11-15T21:22:27.253Z"}
{"screenId":"3","vn":"681012160536640","action":"load_start","audioUrl":"http://IPV4:PORT/audio/male/0.mp3","message":"กำลังโหลดไฟล์เสียง: /audio/male/0.mp3","timestamp":"2025-11-15T21:22:28.106Z"}
{"screenId":"3","vn":"681012160536640","action":"play_end","audioUrl":"http://IPV4:PORT/audio/male/A.mp3","message":"เล่นไฟล์เสียงเสร็จสิ้น: /audio/male/A.mp3","timestamp":"2025-11-15T21:22:28.105Z"}
{"screenId":"3","vn":"681012160536640","action":"load_success","audioUrl":"http://IPV4:PORT/audio/male/0.mp3","message":"โหลดไฟล์เสียงสำเร็จ: /audio/male/0.mp3","timestamp":"2025-11-15T21:22:28.195Z"}
{"screenId":"3","vn":"681012160536640","action":"play_start","audioUrl":"http://IPV4:PORT/audio/male/0.mp3","message":"เริ่มเล่นไฟล์เสียง: /audio/male/0.mp3","timestamp":"2025-11-15T21:22:28.193Z"}
{"screenId":"3","vn":"681012160536640","action":"play_end","audioUrl":"http://IPV4:PORT/audio/male/0.mp3","message":"เล่นไฟล์เสียงเสร็จสิ้น: /audio/male/0.mp3","timestamp":"2025-11-15T21:22:29.266Z"}
{"screenId":"3","vn":"681012160536640","action":"load_start","audioUrl":"http://IPV4:PORT/audio/male/0.mp3","message":"กำลังโหลดไฟล์เสียง: /audio/male/0.mp3","timestamp":"2025-11-15T21:22:29.267Z"}
{"screenId":"3","vn":"681012160536640","action":"play_start","audioUrl":"http://IPV4:PORT/audio/male/0.mp3","message":"เริ่มเล่นไฟล์เสียง: /audio/male/0.mp3","timestamp":"2025-11-15T21:22:29.270Z"}
{"screenId":"3","vn":"681012160536640","action":"load_success","audioUrl":"http://IPV4:PORT/audio/male/0.mp3","message":"โหลดไฟล์เสียงสำเร็จ: /audio/male/0.mp3","timestamp":"2025-11-15T21:22:29.271Z"}
{"screenId":"3","vn":"681012160536640","action":"play_end","audioUrl":"http://IPV4:PORT/audio/male/0.mp3","message":"เล่นไฟล์เสียงเสร็จสิ้น: /audio/male/0.mp3","timestamp":"2025-11-15T21:22:30.325Z"}
{"screenId":"3","vn":"681012160536640","action":"load_start","audioUrl":"http://IPV4:PORT/audio/male/1.mp3","message":"กำลังโหลดไฟล์เสียง: /audio/male/1.mp3","timestamp":"2025-11-15T21:22:30.326Z"}
{"screenId":"3","vn":"681012160536640","action":"play_start","audioUrl":"http://IPV4:PORT/audio/male/1.mp3","message":"เริ่มเล่นไฟล์เสียง: /audio/male/1.mp3","timestamp":"2025-11-15T21:22:30.414Z"}
{"screenId":"3","vn":"681012160536640","action":"play_end","audioUrl":"http://IPV4:PORT/audio/male/1.mp3","message":"เล่นไฟล์เสียงเสร็จสิ้น: /audio/male/1.mp3","timestamp":"2025-11-15T21:22:31.364Z"}
{"screenId":"3","vn":"681012160536640","action":"load_success","audioUrl":"http://IPV4:PORT/audio/male/1.mp3","message":"โหลดไฟล์เสียงสำเร็จ: /audio/male/1.mp3","timestamp":"2025-11-15T21:22:30.415Z"}
{"screenId":"3","vn":"681012160536640","action":"play_start","audioUrl":"http://IPV4:PORT/audio/cache/male/%E0%B8%8A%E0%B9%88%E0%B8%AD%E0%B8%87%E0%B8%A3%E0%B8%B1%E0%B8%9A%E0%B8%A2%E0%B8%B21.mp3","message":"เริ่มเล่นไฟล์เสียง: /audio/cache/male/%E0%B8%8A%E0%B9%88%E0%B8%AD%E0%B8%87%E0%B8%A3%E0%B8%B1%E0%B8%9A%E0%B8%A2%E0%B8%B21.mp3","timestamp":"2025-11-15T21:22:31.453Z"}
{"screenId":"3","vn":"681012160536640","action":"load_start","audioUrl":"http://IPV4:PORT/audio/cache/male/%E0%B8%8A%E0%B9%88%E0%B8%AD%E0%B8%87%E0%B8%A3%E0%B8%B1%E0%B8%9A%E0%B8%A2%E0%B8%B21.mp3","message":"กำลังโหลดไฟล์เสียง: /audio/cache/male/%E0%B8%8A%E0%B9%88%E0%B8%AD%E0%B8%87%E0%B8%A3%E0%B8%B1%E0%B8%9A%E0%B8%A2%E0%B8%B21.mp3","timestamp":"2025-11-15T21:22:31.365Z"}
{"screenId":"3","vn":"681012160536640","action":"load_success","audioUrl":"http://IPV4:PORT/audio/cache/male/%E0%B8%8A%E0%B9%88%E0%B8%AD%E0%B8%87%E0%B8%A3%E0%B8%B1%E0%B8%9A%E0%B8%A2%E0%B8%B21.mp3","message":"โหลดไฟล์เสียงสำเร็จ: /audio/cache/male/%E0%B8%8A%E0%B9%88%E0%B8%AD%E0%B8%87%E0%B8%A3%E0%B8%B1%E0%B8%9A%E0%B8%A2%E0%B8%B21.mp3","timestamp":"2025-11-15T21:22:31.455Z"}
{"screenId":"3","vn":"681012160536640","action":"load_start","audioUrl":"http://IPV4:PORT/audio/male/prefix.mp3","message":"กำลังโหลดไฟล์เสียง: /audio/male/prefix.mp3","timestamp":"2025-11-15T21:22:35.473Z"}
{"screenId":"3","vn":"681012160536640","action":"play_end","audioUrl":"http://IPV4:PORT/audio/cache/male/%E0%B8%8A%E0%B9%88%E0%B8%AD%E0%B8%87%E0%B8%A3%E0%B8%B1%E0%B8%9A%E0%B8%A2%E0%B8%B21.mp3","message":"เล่นไฟล์เสียงเสร็จสิ้น: /audio/cache/male/%E0%B8%8A%E0%B9%88%E0%B8%AD%E0%B8%87%E0%B8%A3%E0%B8%B1%E0%B8%9A%E0%B8%A2%E0%B8%B21.mp3","timestamp":"2025-11-15T21:22:33.325Z"}
{"screenId":"3","vn":"681012160536640","action":"load_success","audioUrl":"http://IPV4:PORT/audio/male/prefix.mp3","message":"โหลดไฟล์เสียงสำเร็จ: /audio/male/prefix.mp3","timestamp":"2025-11-15T21:22:35.494Z"}
{"screenId":"3","vn":"681012160536640","action":"play_start","audioUrl":"http://IPV4:PORT/audio/male/prefix.mp3","message":"เริ่มเล่นไฟล์เสียง: /audio/male/prefix.mp3","timestamp":"2025-11-15T21:22:35.492Z"}
{"screenId":"3","vn":"681012160536640","action":"play_end","audioUrl":"http://IPV4:PORT/audio/male/prefix.mp3","message":"เล่นไฟล์เสียงเสร็จสิ้น: /audio/male/prefix.mp3","timestamp":"2025-11-15T21:22:37.186Z"}
{"screenId":"3","vn":"681012160536640","action":"load_start","audioUrl":"http://IPV4:PORT/audio/male/A.mp3","message":"กำลังโหลดไฟล์เสียง: /audio/male/A.mp3","timestamp":"2025-11-15T21:22:37.188Z"}
{"screenId":"3","vn":"681012160536640","action":"play_start","audioUrl":"http://IPV4:PORT/audio/male/A.mp3","message":"เริ่มเล่นไฟล์เสียง: /audio/male/A.mp3","timestamp":"2025-11-15T21:22:37.192Z"}
{"screenId":"3","vn":"681012160536640","action":"load_success","audioUrl":"http://IPV4:PORT/audio/male/A.mp3","message":"โหลดไฟล์เสียงสำเร็จ: /audio/male/A.mp3","timestamp":"2025-11-15T21:22:37.193Z"}
{"screenId":"3","vn":"681012160536640","action":"play_start","audioUrl":"http://IPV4:PORT/audio/male/0.mp3","message":"เริ่มเล่นไฟล์เสียง: /audio/male/0.mp3","timestamp":"2025-11-15T21:22:38.089Z"}
{"screenId":"3","vn":"681012160536640","action":"play_end","audioUrl":"http://IPV4:PORT/audio/male/A.mp3","message":"เล่นไฟล์เสียงเสร็จสิ้น: /audio/male/A.mp3","timestamp":"2025-11-15T21:22:38.085Z"}
{"screenId":"3","vn":"681012160536640","action":"load_start","audioUrl":"http://IPV4:PORT/audio/male/0.mp3","message":"กำลังโหลดไฟล์เสียง: /audio/male/0.mp3","timestamp":"2025-11-15T21:22:38.086Z"}
{"screenId":"3","vn":"681012160536640","action":"load_success","audioUrl":"http://IPV4:PORT/audio/male/0.mp3","message":"โหลดไฟล์เสียงสำเร็จ: /audio/male/0.mp3","timestamp":"2025-11-15T21:22:38.091Z"}
{"screenId":"3","vn":"681012160536640","action":"play_end","audioUrl":"http://IPV4:PORT/audio/male/0.mp3","message":"เล่นไฟล์เสียงเสร็จสิ้น: /audio/male/0.mp3","timestamp":"2025-11-15T21:22:39.165Z"}
{"screenId":"3","vn":"681012160536640","action":"load_start","audioUrl":"http://IPV4:PORT/audio/male/0.mp3","message":"กำลังโหลดไฟล์เสียง: /audio/male/0.mp3","timestamp":"2025-11-15T21:22:39.166Z"}
{"screenId":"3","vn":"681012160536640","action":"play_start","audioUrl":"http://IPV4:PORT/audio/male/0.mp3","message":"เริ่มเล่นไฟล์เสียง: /audio/male/0.mp3","timestamp":"2025-11-15T21:22:39.170Z"}
{"screenId":"3","vn":"681012160536640","action":"load_success","audioUrl":"http://IPV4:PORT/audio/male/0.mp3","message":"โหลดไฟล์เสียงสำเร็จ: /audio/male/0.mp3","timestamp":"2025-11-15T21:22:39.171Z"}
{"screenId":"3","vn":"681012160536640","action":"play_end","audioUrl":"http://IPV4:PORT/audio/male/0.mp3","message":"เล่นไฟล์เสียงเสร็จสิ้น: /audio/male/0.mp3","timestamp":"2025-11-15T21:22:40.225Z"}
{"screenId":"3","vn":"681012160536640","action":"load_start","audioUrl":"http://IPV4:PORT/audio/male/1.mp3","message":"กำลังโหลดไฟล์เสียง: /audio/male/1.mp3","timestamp":"2025-11-15T21:22:40.226Z"}
{"screenId":"3","vn":"681012160536640","action":"play_start","audioUrl":"http://IPV4:PORT/audio/male/1.mp3","message":"เริ่มเล่นไฟล์เสียง: /audio/male/1.mp3","timestamp":"2025-11-15T21:22:40.231Z"}
{"screenId":"3","vn":"681012160536640","action":"load_success","audioUrl":"http://IPV4:PORT/audio/male/1.mp3","message":"โหลดไฟล์เสียงสำเร็จ: /audio/male/1.mp3","timestamp":"2025-11-15T21:22:40.232Z"}
{"screenId":"3","vn":"681012160536640","action":"play_end","audioUrl":"http://IPV4:PORT/audio/male/1.mp3","message":"เล่นไฟล์เสียงเสร็จสิ้น: /audio/male/1.mp3","timestamp":"2025-11-15T21:22:41.146Z"}
{"screenId":"3","vn":"681012160536640","action":"load_start","audioUrl":"http://IPV4:PORT/audio/cache/male/%E0%B8%8A%E0%B9%88%E0%B8%AD%E0%B8%87%E0%B8%A3%E0%B8%B1%E0%B8%9A%E0%B8%A2%E0%B8%B21.mp3","message":"กำลังโหลดไฟล์เสียง: /audio/cache/male/%E0%B8%8A%E0%B9%88%E0%B8%AD%E0%B8%87%E0%B8%A3%E0%B8%B1%E0%B8%9A%E0%B8%A2%E0%B8%B21.mp3","timestamp":"2025-11-15T21:22:41.147Z"}
{"screenId":"3","vn":"681012160536640","action":"play_start","audioUrl":"http://IPV4:PORT/audio/cache/male/%E0%B8%8A%E0%B9%88%E0%B8%AD%E0%B8%87%E0%B8%A3%E0%B8%B1%E0%B8%9A%E0%B8%A2%E0%B8%B21.mp3","message":"เริ่มเล่นไฟล์เสียง: /audio/cache/male/%E0%B8%8A%E0%B9%88%E0%B8%AD%E0%B8%87%E0%B8%A3%E0%B8%B1%E0%B8%9A%E0%B8%A2%E0%B8%B21.mp3","timestamp":"2025-11-15T21:22:41.151Z"}
{"screenId":"3","vn":"681012160536640","action":"play_end","audioUrl":"http://IPV4:PORT/audio/cache/male/%E0%B8%8A%E0%B9%88%E0%B8%AD%E0%B8%87%E0%B8%A3%E0%B8%B1%E0%B8%9A%E0%B8%A2%E0%B8%B21.mp3","message":"เล่นไฟล์เสียงเสร็จสิ้น: /audio/cache/male/%E0%B8%8A%E0%B9%88%E0%B8%AD%E0%B8%87%E0%B8%A3%E0%B8%B1%E0%B8%9A%E0%B8%A2%E0%B8%B21.mp3","timestamp":"2025-11-15T21:22:43.391Z"}
{"screenId":"3","vn":"681012160536640","action":"load_success","audioUrl":"http://IPV4:PORT/audio/cache/male/%E0%B8%8A%E0%B9%88%E0%B8%AD%E0%B8%87%E0%B8%A3%E0%B8%B1%E0%B8%9A%E0%B8%A2%E0%B8%B21.mp3","message":"โหลดไฟล์เสียงสำเร็จ: /audio/cache/male/%E0%B8%8A%E0%B9%88%E0%B8%AD%E0%B8%87%E0%B8%A3%E0%B8%B1%E0%B8%9A%E0%B8%A2%E0%B8%B21.mp3","timestamp":"2025-11-15T21:22:41.152Z"}
{"screenId":"3","vn":"681012160536640","action":"play_start","audioUrl":"http://IPV4:PORT/audio/male/prefix.mp3","message":"เริ่มเล่นไฟล์เสียง: /audio/male/prefix.mp3","timestamp":"2025-11-15T21:23:27.132Z"}
{"screenId":"3","vn":"681012160536640","action":"load_success","audioUrl":"http://IPV4:PORT/audio/male/prefix.mp3","message":"โหลดไฟล์เสียงสำเร็จ: /audio/male/prefix.mp3","timestamp":"2025-11-15T21:23:27.138Z"}
{"screenId":"3","vn":"681012160536640","action":"play_error","audioUrl":"http://IPV4:PORT/audio/male/prefix.mp3","message":"เกิดข้อผิดพลาดในการเล่นไฟล์เสียง: /audio/male/prefix.mp3","error":"Playback was unable to start. This is most commonly an issue on mobile devices and Chrome where playback was not within a user interaction.","timestamp":"2025-11-15T21:23:27.154Z"}
{"screenId":"3","vn":"681012160536640","action":"play_error","audioUrl":"http://IPV4:PORT/audio/male/prefix.mp3","message":"เกิดข้อผิดพลาดในการเล่นไฟล์เสียง: /audio/male/prefix.mp3","error":"Playback was unable to start. This is most commonly an issue on mobile devices and Chrome where playback was not within a user interaction.","timestamp":"2025-11-15T21:23:27.175Z"}
{"screenId":"3","vn":"681012160536640","action":"load_start","audioUrl":"http://IPV4:PORT/audio/male/A.mp3","message":"กำลังโหลดไฟล์เสียง: /audio/male/A.mp3","timestamp":"2025-11-15T21:23:27.158Z"}
{"screenId":"3","vn":"681012160536640","action":"load_start","audioUrl":"http://IPV4:PORT/audio/male/0.mp3","message":"กำลังโหลดไฟล์เสียง: /audio/male/0.mp3","timestamp":"2025-11-15T21:23:27.188Z"}
{"screenId":"3","vn":"681012160536640","action":"load_start","audioUrl":"http://IPV4:PORT/audio/male/prefix.mp3","message":"กำลังโหลดไฟล์เสียง: /audio/male/prefix.mp3","timestamp":"2025-11-15T21:23:27.952Z"}
{"screenId":"3","vn":"681012160536640","action":"play_start","audioUrl":"http://IPV4:PORT/audio/male/prefix.mp3","message":"เริ่มเล่นไฟล์เสียง: /audio/male/prefix.mp3","timestamp":"2025-11-15T21:23:28.132Z"}
{"screenId":"3","vn":"681012160536640","action":"load_success","audioUrl":"http://IPV4:PORT/audio/male/prefix.mp3","message":"โหลดไฟล์เสียงสำเร็จ: /audio/male/prefix.mp3","timestamp":"2025-11-15T21:23:28.136Z"}
{"screenId":"3","vn":"681012160536640","action":"play_end","audioUrl":"http://IPV4:PORT/audio/male/prefix.mp3","message":"เล่นไฟล์เสียงเสร็จสิ้น: /audio/male/prefix.mp3","timestamp":"2025-11-15T21:23:30.289Z"}
{"screenId":"3","vn":"681012160536640","action":"load_start","audioUrl":"http://IPV4:PORT/audio/male/A.mp3","message":"กำลังโหลดไฟล์เสียง: /audio/male/A.mp3","timestamp":"2025-11-15T21:23:30.292Z"}
{"screenId":"3","vn":"681012160536640","action":"play_start","audioUrl":"http://IPV4:PORT/audio/male/A.mp3","message":"เริ่มเล่นไฟล์เสียง: /audio/male/A.mp3","timestamp":"2025-11-15T21:23:30.303Z"}
{"screenId":"3","vn":"681012160536640","action":"load_success","audioUrl":"http://IPV4:PORT/audio/male/A.mp3","message":"โหลดไฟล์เสียงสำเร็จ: /audio/male/A.mp3","timestamp":"2025-11-15T21:23:30.305Z"}
{"screenId":"3","vn":"681012160536640","action":"play_end","audioUrl":"http://IPV4:PORT/audio/male/A.mp3","message":"เล่นไฟล์เสียงเสร็จสิ้น: /audio/male/A.mp3","timestamp":"2025-11-15T21:23:31.169Z"}
{"screenId":"3","vn":"681012160536640","action":"load_start","audioUrl":"http://IPV4:PORT/audio/male/0.mp3","message":"กำลังโหลดไฟล์เสียง: /audio/male/0.mp3","timestamp":"2025-11-15T21:23:31.170Z"}
{"screenId":"3","vn":"681012160536640","action":"play_start","audioUrl":"http://IPV4:PORT/audio/male/0.mp3","message":"เริ่มเล่นไฟล์เสียง: /audio/male/0.mp3","timestamp":"2025-11-15T21:23:31.180Z"}
{"screenId":"3","vn":"681012160536640","action":"load_success","audioUrl":"http://IPV4:PORT/audio/male/0.mp3","message":"โหลดไฟล์เสียงสำเร็จ: /audio/male/0.mp3","timestamp":"2025-11-15T21:23:31.183Z"}
{"screenId":"3","vn":"681012160536640","action":"play_end","audioUrl":"http://IPV4:PORT/audio/male/0.mp3","message":"เล่นไฟล์เสียงเสร็จสิ้น: /audio/male/0.mp3","timestamp":"2025-11-15T21:23:32.269Z"}
{"screenId":"3","vn":"681012160536640","action":"play_end","audioUrl":"http://IPV4:PORT/audio/male/0.mp3","message":"เล่นไฟล์เสียงเสร็จสิ้น: /audio/male/0.mp3","timestamp":"2025-11-15T21:23:33.348Z"}
{"screenId":"3","vn":"681012160536640","action":"load_start","audioUrl":"http://IPV4:PORT/audio/male/1.mp3","message":"กำลังโหลดไฟล์เสียง: /audio/male/1.mp3","timestamp":"2025-11-15T21:23:33.350Z"}
{"screenId":"3","vn":"681012160536640","action":"play_start","audioUrl":"http://IPV4:PORT/audio/male/0.mp3","message":"เริ่มเล่นไฟล์เสียง: /audio/male/0.mp3","timestamp":"2025-11-15T21:23:32.276Z"}
{"screenId":"3","vn":"681012160536640","action":"load_start","audioUrl":"http://IPV4:PORT/audio/male/0.mp3","message":"กำลังโหลดไฟล์เสียง: /audio/male/0.mp3","timestamp":"2025-11-15T21:23:32.271Z"}
{"screenId":"3","vn":"681012160536640","action":"load_success","audioUrl":"http://IPV4:PORT/audio/male/0.mp3","message":"โหลดไฟล์เสียงสำเร็จ: /audio/male/0.mp3","timestamp":"2025-11-15T21:23:32.279Z"}
{"screenId":"3","vn":"681012160536640","action":"play_start","audioUrl":"http://IPV4:PORT/audio/male/1.mp3","message":"เริ่มเล่นไฟล์เสียง: /audio/male/1.mp3","timestamp":"2025-11-15T21:23:33.361Z"}
{"screenId":"3","vn":"681012160536640","action":"load_start","audioUrl":"http://IPV4:PORT/audio/cache/male/%E0%B8%8A%E0%B9%88%E0%B8%AD%E0%B8%87%E0%B8%A3%E0%B8%B1%E0%B8%9A%E0%B8%A2%E0%B8%B21.mp3","message":"กำลังโหลดไฟล์เสียง: /audio/cache/male/%E0%B8%8A%E0%B9%88%E0%B8%AD%E0%B8%87%E0%B8%A3%E0%B8%B1%E0%B8%9A%E0%B8%A2%E0%B8%B21.mp3","timestamp":"2025-11-15T21:23:34.290Z"}
{"screenId":"3","vn":"681012160536640","action":"load_success","audioUrl":"http://IPV4:PORT/audio/male/1.mp3","message":"โหลดไฟล์เสียงสำเร็จ: /audio/male/1.mp3","timestamp":"2025-11-15T21:23:33.363Z"}
{"screenId":"3","vn":"681012160536640","action":"load_success","audioUrl":"http://IPV4:PORT/audio/cache/male/%E0%B8%8A%E0%B9%88%E0%B8%AD%E0%B8%87%E0%B8%A3%E0%B8%B1%E0%B8%9A%E0%B8%A2%E0%B8%B21.mp3","message":"โหลดไฟล์เสียงสำเร็จ: /audio/cache/male/%E0%B8%8A%E0%B9%88%E0%B8%AD%E0%B8%87%E0%B8%A3%E0%B8%B1%E0%B8%9A%E0%B8%A2%E0%B8%B21.mp3","timestamp":"2025-11-15T21:23:34.303Z"}
{"screenId":"3","vn":"681012160536640","action":"play_start","audioUrl":"http://IPV4:PORT/audio/cache/male/%E0%B8%8A%E0%B9%88%E0%B8%AD%E0%B8%87%E0%B8%A3%E0%B8%B1%E0%B8%9A%E0%B8%A2%E0%B8%B21.mp3","message":"เริ่มเล่นไฟล์เสียง: /audio/cache/male/%E0%B8%8A%E0%B9%88%E0%B8%AD%E0%B8%87%E0%B8%A3%E0%B8%B1%E0%B8%9A%E0%B8%A2%E0%B8%B21.mp3","timestamp":"2025-11-15T21:23:34.301Z"}
{"screenId":"3","vn":"681012160536640","action":"play_end","audioUrl":"http://IPV4:PORT/audio/male/1.mp3","message":"เล่นไฟล์เสียงเสร็จสิ้น: /audio/male/1.mp3","timestamp":"2025-11-15T21:23:34.289Z"}
{"screenId":"3","vn":"681012160536640","action":"play_end","audioUrl":"http://IPV4:PORT/audio/cache/male/%E0%B8%8A%E0%B9%88%E0%B8%AD%E0%B8%87%E0%B8%A3%E0%B8%B1%E0%B8%9A%E0%B8%A2%E0%B8%B21.mp3","message":"เล่นไฟล์เสียงเสร็จสิ้น: /audio/cache/male/%E0%B8%8A%E0%B9%88%E0%B8%AD%E0%B8%87%E0%B8%A3%E0%B8%B1%E0%B8%9A%E0%B8%A2%E0%B8%B21.mp3","timestamp":"2025-11-15T21:23:36.169Z"}
{"screenId":"3","vn":"681012160536640","action":"play_start","audioUrl":"http://IPV4:PORT/audio/male/prefix.mp3","message":"เริ่มเล่นไฟล์เสียง: /audio/male/prefix.mp3","timestamp":"2025-11-15T21:23:40.051Z"}
{"screenId":"3","vn":"681012160536640","action":"load_start","audioUrl":"http://IPV4:PORT/audio/male/prefix.mp3","message":"กำลังโหลดไฟล์เสียง: /audio/male/prefix.mp3","timestamp":"2025-11-15T21:23:39.996Z"}
{"screenId":"3","vn":"681012160536640","action":"load_success","audioUrl":"http://IPV4:PORT/audio/male/prefix.mp3","message":"โหลดไฟล์เสียงสำเร็จ: /audio/male/prefix.mp3","timestamp":"2025-11-15T21:23:40.054Z"}
{"screenId":"3","vn":"681012160536640","action":"play_end","audioUrl":"http://IPV4:PORT/audio/male/prefix.mp3","message":"เล่นไฟล์เสียงเสร็จสิ้น: /audio/male/prefix.mp3","timestamp":"2025-11-15T21:23:41.748Z"}
{"screenId":"3","vn":"681012160536640","action":"load_start","audioUrl":"http://IPV4:PORT/audio/male/A.mp3","message":"กำลังโหลดไฟล์เสียง: /audio/male/A.mp3","timestamp":"2025-11-15T21:23:41.750Z"}
{"screenId":"3","vn":"681012160536640","action":"play_start","audioUrl":"http://IPV4:PORT/audio/male/A.mp3","message":"เริ่มเล่นไฟล์เสียง: /audio/male/A.mp3","timestamp":"2025-11-15T21:23:41.754Z"}
{"screenId":"3","vn":"681012160536640","action":"play_end","audioUrl":"http://IPV4:PORT/audio/male/A.mp3","message":"เล่นไฟล์เสียงเสร็จสิ้น: /audio/male/A.mp3","timestamp":"2025-11-15T21:23:42.609Z"}
{"screenId":"3","vn":"681012160536640","action":"load_success","audioUrl":"http://IPV4:PORT/audio/male/A.mp3","message":"โหลดไฟล์เสียงสำเร็จ: /audio/male/A.mp3","timestamp":"2025-11-15T21:23:41.756Z"}
{"screenId":"3","vn":"681012160536640","action":"load_start","audioUrl":"http://IPV4:PORT/audio/male/0.mp3","message":"กำลังโหลดไฟล์เสียง: /audio/male/0.mp3","timestamp":"2025-11-15T21:23:42.611Z"}
{"screenId":"3","vn":"681012160536640","action":"play_start","audioUrl":"http://IPV4:PORT/audio/male/0.mp3","message":"เริ่มเล่นไฟล์เสียง: /audio/male/0.mp3","timestamp":"2025-11-15T21:23:42.619Z"}
{"screenId":"3","vn":"681012160536640","action":"play_end","audioUrl":"http://IPV4:PORT/audio/male/0.mp3","message":"เล่นไฟล์เสียงเสร็จสิ้น: /audio/male/0.mp3","timestamp":"2025-11-15T21:23:43.709Z"}
{"screenId":"3","vn":"681012160536640","action":"load_start","audioUrl":"http://IPV4:PORT/audio/male/0.mp3","message":"กำลังโหลดไฟล์เสียง: /audio/male/0.mp3","timestamp":"2025-11-15T21:23:43.712Z"}
{"screenId":"3","vn":"681012160536640","action":"load_success","audioUrl":"http://IPV4:PORT/audio/male/0.mp3","message":"โหลดไฟล์เสียงสำเร็จ: /audio/male/0.mp3","timestamp":"2025-11-15T21:23:42.621Z"}
{"screenId":"3","vn":"681012160536640","action":"load_success","audioUrl":"http://IPV4:PORT/audio/male/0.mp3","message":"โหลดไฟล์เสียงสำเร็จ: /audio/male/0.mp3","timestamp":"2025-11-15T21:23:43.722Z"}
{"screenId":"3","vn":"681012160536640","action":"play_start","audioUrl":"http://IPV4:PORT/audio/male/0.mp3","message":"เริ่มเล่นไฟล์เสียง: /audio/male/0.mp3","timestamp":"2025-11-15T21:23:43.719Z"}
{"screenId":"3","vn":"681012160536640","action":"play_end","audioUrl":"http://IPV4:PORT/audio/male/0.mp3","message":"เล่นไฟล์เสียงเสร็จสิ้น: /audio/male/0.mp3","timestamp":"2025-11-15T21:23:44.809Z"}
{"screenId":"3","vn":"681012160536640","action":"load_start","audioUrl":"http://IPV4:PORT/audio/male/1.mp3","message":"กำลังโหลดไฟล์เสียง: /audio/male/1.mp3","timestamp":"2025-11-15T21:23:44.811Z"}
{"screenId":"3","vn":"681012160536640","action":"play_start","audioUrl":"http://IPV4:PORT/audio/male/1.mp3","message":"เริ่มเล่นไฟล์เสียง: /audio/male/1.mp3","timestamp":"2025-11-15T21:23:44.818Z"}
{"screenId":"3","vn":"681012160536640","action":"load_success","audioUrl":"http://IPV4:PORT/audio/male/1.mp3","message":"โหลดไฟล์เสียงสำเร็จ: /audio/male/1.mp3","timestamp":"2025-11-15T21:23:44.822Z"}
{"screenId":"3","vn":"681012160536640","action":"load_start","audioUrl":"http://IPV4:PORT/audio/cache/male/%E0%B8%8A%E0%B9%88%E0%B8%AD%E0%B8%87%E0%B8%A3%E0%B8%B1%E0%B8%9A%E0%B8%A2%E0%B8%B21.mp3","message":"กำลังโหลดไฟล์เสียง: /audio/cache/male/%E0%B8%8A%E0%B9%88%E0%B8%AD%E0%B8%87%E0%B8%A3%E0%B8%B1%E0%B8%9A%E0%B8%A2%E0%B8%B21.mp3","timestamp":"2025-11-15T21:23:45.792Z"}
{"screenId":"3","vn":"681012160536640","action":"play_end","audioUrl":"http://IPV4:PORT/audio/male/1.mp3","message":"เล่นไฟล์เสียงเสร็จสิ้น: /audio/male/1.mp3","timestamp":"2025-11-15T21:23:45.791Z"}
{"screenId":"3","vn":"681012160536640","action":"play_start","audioUrl":"http://IPV4:PORT/audio/cache/male/%E0%B8%8A%E0%B9%88%E0%B8%AD%E0%B8%87%E0%B8%A3%E0%B8%B1%E0%B8%9A%E0%B8%A2%E0%B8%B21.mp3","message":"เริ่มเล่นไฟล์เสียง: /audio/cache/male/%E0%B8%8A%E0%B9%88%E0%B8%AD%E0%B8%87%E0%B8%A3%E0%B8%B1%E0%B8%9A%E0%B8%A2%E0%B8%B21.mp3","timestamp":"2025-11-15T21:23:45.799Z"}
{"screenId":"3","vn":"681012160536640","action":"load_success","audioUrl":"http://IPV4:PORT/audio/cache/male/%E0%B8%8A%E0%B9%88%E0%B8%AD%E0%B8%87%E0%B8%A3%E0%B8%B1%E0%B8%9A%E0%B8%A2%E0%B8%B21.mp3","message":"โหลดไฟล์เสียงสำเร็จ: /audio/cache/male/%E0%B8%8A%E0%B9%88%E0%B8%AD%E0%B8%87%E0%B8%A3%E0%B8%B1%E0%B8%9A%E0%B8%A2%E0%B8%B21.mp3","timestamp":"2025-11-15T21:23:45.802Z"}
{"screenId":"3","vn":"681012160536640","action":"play_start","audioUrl":"http://IPV4:PORT/audio/male/prefix.mp3","message":"เริ่มเล่นไฟล์เสียง: /audio/male/prefix.mp3","timestamp":"2025-11-15T21:23:49.956Z"}
{"screenId":"3","vn":"681012160536640","action":"load_start","audioUrl":"http://IPV4:PORT/audio/male/prefix.mp3","message":"กำลังโหลดไฟล์เสียง: /audio/male/prefix.mp3","timestamp":"2025-11-15T21:23:49.903Z"}
{"screenId":"3","vn":"681012160536640","action":"play_end","audioUrl":"http://IPV4:PORT/audio/cache/male/%E0%B8%8A%E0%B9%88%E0%B8%AD%E0%B8%87%E0%B8%A3%E0%B8%B1%E0%B8%9A%E0%B8%A2%E0%B8%B21.mp3","message":"เล่นไฟล์เสียงเสร็จสิ้น: /audio/cache/male/%E0%B8%8A%E0%B9%88%E0%B8%AD%E0%B8%87%E0%B8%A3%E0%B8%B1%E0%B8%9A%E0%B8%A2%E0%B8%B21.mp3","timestamp":"2025-11-15T21:23:47.689Z"}
{"screenId":"3","vn":"681012160536640","action":"load_success","audioUrl":"http://IPV4:PORT/audio/male/prefix.mp3","message":"โหลดไฟล์เสียงสำเร็จ: /audio/male/prefix.mp3","timestamp":"2025-11-15T21:23:49.959Z"}
{"screenId":"3","vn":"681012160536640","action":"play_start","audioUrl":"http://IPV4:PORT/audio/male/A.mp3","message":"เริ่มเล่นไฟล์เสียง: /audio/male/A.mp3","timestamp":"2025-11-15T21:23:51.655Z"}
{"screenId":"3","vn":"681012160536640","action":"load_success","audioUrl":"http://IPV4:PORT/audio/male/A.mp3","message":"โหลดไฟล์เสียงสำเร็จ: /audio/male/A.mp3","timestamp":"2025-11-15T21:23:51.660Z"}
{"screenId":"3","vn":"681012160536640","action":"play_end","audioUrl":"http://IPV4:PORT/audio/male/prefix.mp3","message":"เล่นไฟล์เสียงเสร็จสิ้น: /audio/male/prefix.mp3","timestamp":"2025-11-15T21:23:51.649Z"}
{"screenId":"3","vn":"681012160536640","action":"load_start","audioUrl":"http://IPV4:PORT/audio/male/A.mp3","message":"กำลังโหลดไฟล์เสียง: /audio/male/A.mp3","timestamp":"2025-11-15T21:23:51.650Z"}
{"screenId":"3","vn":"681012160536640","action":"play_end","audioUrl":"http://IPV4:PORT/audio/male/A.mp3","message":"เล่นไฟล์เสียงเสร็จสิ้น: /audio/male/A.mp3","timestamp":"2025-11-15T21:23:52.530Z"}
{"screenId":"3","vn":"681012160536640","action":"load_start","audioUrl":"http://IPV4:PORT/audio/male/0.mp3","message":"กำลังโหลดไฟล์เสียง: /audio/male/0.mp3","timestamp":"2025-11-15T21:23:52.532Z"}
{"screenId":"3","vn":"681012160536640","action":"play_start","audioUrl":"http://IPV4:PORT/audio/male/0.mp3","message":"เริ่มเล่นไฟล์เสียง: /audio/male/0.mp3","timestamp":"2025-11-15T21:23:52.539Z"}
{"screenId":"3","vn":"681012160536640","action":"load_success","audioUrl":"http://IPV4:PORT/audio/male/0.mp3","message":"โหลดไฟล์เสียงสำเร็จ: /audio/male/0.mp3","timestamp":"2025-11-15T21:23:52.542Z"}
{"screenId":"3","vn":"681012160536640","action":"play_end","audioUrl":"http://IPV4:PORT/audio/male/0.mp3","message":"เล่นไฟล์เสียงเสร็จสิ้น: /audio/male/0.mp3","timestamp":"2025-11-15T21:23:53.630Z"}
{"screenId":"3","vn":"681012160536640","action":"play_end","audioUrl":"http://IPV4:PORT/audio/male/0.mp3","message":"เล่นไฟล์เสียงเสร็จสิ้น: /audio/male/0.mp3","timestamp":"2025-11-15T21:23:54.709Z"}
{"screenId":"3","vn":"681012160536640","action":"load_start","audioUrl":"http://IPV4:PORT/audio/male/0.mp3","message":"กำลังโหลดไฟล์เสียง: /audio/male/0.mp3","timestamp":"2025-11-15T21:23:53.632Z"}
{"screenId":"3","vn":"681012160536640","action":"load_success","audioUrl":"http://IPV4:PORT/audio/male/0.mp3","message":"โหลดไฟล์เสียงสำเร็จ: /audio/male/0.mp3","timestamp":"2025-11-15T21:23:53.640Z"}
{"screenId":"3","vn":"681012160536640","action":"play_start","audioUrl":"http://IPV4:PORT/audio/male/0.mp3","message":"เริ่มเล่นไฟล์เสียง: /audio/male/0.mp3","timestamp":"2025-11-15T21:23:53.637Z"}
{"screenId":"3","vn":"681012160536640","action":"load_start","audioUrl":"http://IPV4:PORT/audio/male/1.mp3","message":"กำลังโหลดไฟล์เสียง: /audio/male/1.mp3","timestamp":"2025-11-15T21:23:54.711Z"}
{"screenId":"3","vn":"681012160536640","action":"play_start","audioUrl":"http://IPV4:PORT/audio/male/1.mp3","message":"เริ่มเล่นไฟล์เสียง: /audio/male/1.mp3","timestamp":"2025-11-15T21:23:54.727Z"}
{"screenId":"3","vn":"681012160536640","action":"play_start","audioUrl":"http://IPV4:PORT/audio/cache/male/%E0%B8%8A%E0%B9%88%E0%B8%AD%E0%B8%87%E0%B8%A3%E0%B8%B1%E0%B8%9A%E0%B8%A2%E0%B8%B21.mp3","message":"เริ่มเล่นไฟล์เสียง: /audio/cache/male/%E0%B8%8A%E0%B9%88%E0%B8%AD%E0%B8%87%E0%B8%A3%E0%B8%B1%E0%B8%9A%E0%B8%A2%E0%B8%B21.mp3","timestamp":"2025-11-15T21:23:55.676Z"}
{"screenId":"3","vn":"681012160536640","action":"load_success","audioUrl":"http://IPV4:PORT/audio/male/1.mp3","message":"โหลดไฟล์เสียงสำเร็จ: /audio/male/1.mp3","timestamp":"2025-11-15T21:23:54.729Z"}
{"screenId":"3","vn":"681012160536640","action":"load_start","audioUrl":"http://IPV4:PORT/audio/cache/male/%E0%B8%8A%E0%B9%88%E0%B8%AD%E0%B8%87%E0%B8%A3%E0%B8%B1%E0%B8%9A%E0%B8%A2%E0%B8%B21.mp3","message":"กำลังโหลดไฟล์เสียง: /audio/cache/male/%E0%B8%8A%E0%B9%88%E0%B8%AD%E0%B8%87%E0%B8%A3%E0%B8%B1%E0%B8%9A%E0%B8%A2%E0%B8%B21.mp3","timestamp":"2025-11-15T21:23:55.670Z"}
{"screenId":"3","vn":"681012160536640","action":"load_success","audioUrl":"http://IPV4:PORT/audio/cache/male/%E0%B8%8A%E0%B9%88%E0%B8%AD%E0%B8%87%E0%B8%A3%E0%B8%B1%E0%B8%9A%E0%B8%A2%E0%B8%B21.mp3","message":"โหลดไฟล์เสียงสำเร็จ: /audio/cache/male/%E0%B8%8A%E0%B9%88%E0%B8%AD%E0%B8%87%E0%B8%A3%E0%B8%B1%E0%B8%9A%E0%B8%A2%E0%B8%B21.mp3","timestamp":"2025-11-15T21:23:55.679Z"}
{"screenId":"3","vn":"681012160536640","action":"play_end","audioUrl":"http://IPV4:PORT/audio/male/1.mp3","message":"เล่นไฟล์เสียงเสร็จสิ้น: /audio/male/1.mp3","timestamp":"2025-11-15T21:23:55.669Z"}
{"screenId":"3","vn":"681012160536640","action":"play_end","audioUrl":"http://IPV4:PORT/audio/cache/male/%E0%B8%8A%E0%B9%88%E0%B8%AD%E0%B8%87%E0%B8%A3%E0%B8%B1%E0%B8%9A%E0%B8%A2%E0%B8%B21.mp3","message":"เล่นไฟล์เสียงเสร็จสิ้น: /audio/cache/male/%E0%B8%8A%E0%B9%88%E0%B8%AD%E0%B8%87%E0%B8%A3%E0%B8%B1%E0%B8%9A%E0%B8%A2%E0%B8%B21.mp3","timestamp":"2025-11-15T21:23:57.570Z"}
{"screenId":"3","vn":"681012160536640","action":"load_start","audioUrl":"http://IPV4:PORT/audio/male/prefix.mp3","message":"กำลังโหลดไฟล์เสียง: /audio/male/prefix.mp3","timestamp":"2025-11-15T21:24:00.016Z"}
{"screenId":"3","vn":"681012160536640","action":"play_start","audioUrl":"http://IPV4:PORT/audio/male/prefix.mp3","message":"เริ่มเล่นไฟล์เสียง: /audio/male/prefix.mp3","timestamp":"2025-11-15T21:24:00.068Z"}
{"screenId":"3","vn":"681012160536640","action":"load_success","audioUrl":"http://IPV4:PORT/audio/male/prefix.mp3","message":"โหลดไฟล์เสียงสำเร็จ: /audio/male/prefix.mp3","timestamp":"2025-11-15T21:24:00.071Z"}
{"screenId":"3","vn":"681012160536640","action":"load_success","audioUrl":"http://IPV4:PORT/audio/male/A.mp3","message":"โหลดไฟล์เสียงสำเร็จ: /audio/male/A.mp3","timestamp":"2025-11-15T21:24:01.781Z"}
{"screenId":"3","vn":"681012160536640","action":"play_end","audioUrl":"http://IPV4:PORT/audio/male/prefix.mp3","message":"เล่นไฟล์เสียงเสร็จสิ้น: /audio/male/prefix.mp3","timestamp":"2025-11-15T21:24:01.769Z"}
{"screenId":"3","vn":"681012160536640","action":"load_start","audioUrl":"http://IPV4:PORT/audio/male/A.mp3","message":"กำลังโหลดไฟล์เสียง: /audio/male/A.mp3","timestamp":"2025-11-15T21:24:01.770Z"}
{"screenId":"3","vn":"681012160536640","action":"play_start","audioUrl":"http://IPV4:PORT/audio/male/A.mp3","message":"เริ่มเล่นไฟล์เสียง: /audio/male/A.mp3","timestamp":"2025-11-15T21:24:01.779Z"}
{"screenId":"3","vn":"681012160536640","action":"play_end","audioUrl":"http://IPV4:PORT/audio/male/A.mp3","message":"เล่นไฟล์เสียงเสร็จสิ้น: /audio/male/A.mp3","timestamp":"2025-11-15T21:24:02.632Z"}
{"screenId":"3","vn":"681012160536640","action":"load_start","audioUrl":"http://IPV4:PORT/audio/male/0.mp3","message":"กำลังโหลดไฟล์เสียง: /audio/male/0.mp3","timestamp":"2025-11-15T21:24:02.633Z"}
{"screenId":"3","vn":"681012160536640","action":"play_start","audioUrl":"http://IPV4:PORT/audio/male/0.mp3","message":"เริ่มเล่นไฟล์เสียง: /audio/male/0.mp3","timestamp":"2025-11-15T21:24:02.645Z"}
{"screenId":"3","vn":"681012160536640","action":"load_start","audioUrl":"http://IPV4:PORT/audio/male/0.mp3","message":"กำลังโหลดไฟล์เสียง: /audio/male/0.mp3","timestamp":"2025-11-15T21:24:03.732Z"}
{"screenId":"3","vn":"681012160536640","action":"play_end","audioUrl":"http://IPV4:PORT/audio/male/0.mp3","message":"เล่นไฟล์เสียงเสร็จสิ้น: /audio/male/0.mp3","timestamp":"2025-11-15T21:24:03.731Z"}
{"screenId":"3","vn":"681012160536640","action":"load_success","audioUrl":"http://IPV4:PORT/audio/male/0.mp3","message":"โหลดไฟล์เสียงสำเร็จ: /audio/male/0.mp3","timestamp":"2025-11-15T21:24:02.648Z"}
{"screenId":"3","vn":"681012160536640","action":"play_start","audioUrl":"http://IPV4:PORT/audio/male/0.mp3","message":"เริ่มเล่นไฟล์เสียง: /audio/male/0.mp3","timestamp":"2025-11-15T21:24:03.737Z"}
{"screenId":"3","vn":"681012160536640","action":"load_success","audioUrl":"http://IPV4:PORT/audio/male/0.mp3","message":"โหลดไฟล์เสียงสำเร็จ: /audio/male/0.mp3","timestamp":"2025-11-15T21:24:03.740Z"}
{"screenId":"3","vn":"681012160536640","action":"play_end","audioUrl":"http://IPV4:PORT/audio/male/0.mp3","message":"เล่นไฟล์เสียงเสร็จสิ้น: /audio/male/0.mp3","timestamp":"2025-11-15T21:24:04.840Z"}
{"screenId":"3","vn":"681012160536640","action":"load_start","audioUrl":"http://IPV4:PORT/audio/male/1.mp3","message":"กำลังโหลดไฟล์เสียง: /audio/male/1.mp3","timestamp":"2025-11-15T21:24:04.842Z"}
{"screenId":"3","vn":"681012160536640","action":"play_start","audioUrl":"http://IPV4:PORT/audio/male/1.mp3","message":"เริ่มเล่นไฟล์เสียง: /audio/male/1.mp3","timestamp":"2025-11-15T21:24:04.886Z"}
{"screenId":"3","vn":"681012160536640","action":"play_end","audioUrl":"http://IPV4:PORT/audio/male/1.mp3","message":"เล่นไฟล์เสียงเสร็จสิ้น: /audio/male/1.mp3","timestamp":"2025-11-15T21:24:05.829Z"}
{"screenId":"3","vn":"681012160536640","action":"load_success","audioUrl":"http://IPV4:PORT/audio/male/1.mp3","message":"โหลดไฟล์เสียงสำเร็จ: /audio/male/1.mp3","timestamp":"2025-11-15T21:24:04.888Z"}
{"screenId":"3","vn":"681012160536640","action":"load_start","audioUrl":"http://IPV4:PORT/audio/cache/male/%E0%B8%8A%E0%B9%88%E0%B8%AD%E0%B8%87%E0%B8%A3%E0%B8%B1%E0%B8%9A%E0%B8%A2%E0%B8%B21.mp3","message":"กำลังโหลดไฟล์เสียง: /audio/cache/male/%E0%B8%8A%E0%B9%88%E0%B8%AD%E0%B8%87%E0%B8%A3%E0%B8%B1%E0%B8%9A%E0%B8%A2%E0%B8%B21.mp3","timestamp":"2025-11-15T21:24:05.831Z"}
{"screenId":"3","vn":"681012160536640","action":"play_start","audioUrl":"http://IPV4:PORT/audio/cache/male/%E0%B8%8A%E0%B9%88%E0%B8%AD%E0%B8%87%E0%B8%A3%E0%B8%B1%E0%B8%9A%E0%B8%A2%E0%B8%B21.mp3","message":"เริ่มเล่นไฟล์เสียง: /audio/cache/male/%E0%B8%8A%E0%B9%88%E0%B8%AD%E0%B8%87%E0%B8%A3%E0%B8%B1%E0%B8%9A%E0%B8%A2%E0%B8%B21.mp3","timestamp":"2025-11-15T21:24:05.845Z"}
{"screenId":"3","vn":"681012160536640","action":"play_end","audioUrl":"http://IPV4:PORT/audio/cache/male/%E0%B8%8A%E0%B9%88%E0%B8%AD%E0%B8%87%E0%B8%A3%E0%B8%B1%E0%B8%9A%E0%B8%A2%E0%B8%B21.mp3","message":"เล่นไฟล์เสียงเสร็จสิ้น: /audio/cache/male/%E0%B8%8A%E0%B9%88%E0%B8%AD%E0%B8%87%E0%B8%A3%E0%B8%B1%E0%B8%9A%E0%B8%A2%E0%B8%B21.mp3","timestamp":"2025-11-15T21:24:07.729Z"}
{"screenId":"3","vn":"681012160536640","action":"load_success","audioUrl":"http://IPV4:PORT/audio/cache/male/%E0%B8%8A%E0%B9%88%E0%B8%AD%E0%B8%87%E0%B8%A3%E0%B8%B1%E0%B8%9A%E0%B8%A2%E0%B8%B21.mp3","message":"โหลดไฟล์เสียงสำเร็จ: /audio/cache/male/%E0%B8%8A%E0%B9%88%E0%B8%AD%E0%B8%87%E0%B8%A3%E0%B8%B1%E0%B8%9A%E0%B8%A2%E0%B8%B21.mp3","timestamp":"2025-11-15T21:24:05.848Z"}
{"screenId":"3","vn":"681012160536640","action":"play_start","audioUrl":"http://IPV4:PORT/audio/male/A.mp3","message":"เริ่มเล่นไฟล์เสียง: /audio/male/A.mp3","timestamp":"2025-11-15T21:24:46.312Z"}
{"screenId":"3","vn":"681012160536640","action":"play_error","audioUrl":"http://IPV4:PORT/audio/male/A.mp3","message":"เกิดข้อผิดพลาดในการเล่นไฟล์เสียง: /audio/male/A.mp3","error":"Playback was unable to start. This is most commonly an issue on mobile devices and Chrome where playback was not within a user interaction.","timestamp":"2025-11-15T21:24:46.348Z"}
{"screenId":"3","vn":"681012160536640","action":"load_success","audioUrl":"http://IPV4:PORT/audio/male/A.mp3","message":"โหลดไฟล์เสียงสำเร็จ: /audio/male/A.mp3","timestamp":"2025-11-15T21:24:46.322Z"}
{"screenId":"3","vn":"681012160536640","action":"load_start","audioUrl":"http://IPV4:PORT/audio/male/1.mp3","message":"กำลังโหลดไฟล์เสียง: /audio/male/1.mp3","timestamp":"2025-11-15T21:24:46.382Z"}
{"screenId":"3","vn":"681012160536640","action":"load_start","audioUrl":"http://IPV4:PORT/audio/male/0.mp3","message":"กำลังโหลดไฟล์เสียง: /audio/male/0.mp3","timestamp":"2025-11-15T21:24:46.354Z"}
{"screenId":"3","vn":"681012160536640","action":"play_error","audioUrl":"http://IPV4:PORT/audio/male/A.mp3","message":"เกิดข้อผิดพลาดในการเล่นไฟล์เสียง: /audio/male/A.mp3","error":"Playback was unable to start. This is most commonly an issue on mobile devices and Chrome where playback was not within a user interaction.","timestamp":"2025-11-15T21:24:46.375Z"}
{"screenId":"3","vn":"681012160536640","action":"play_start","audioUrl":"http://IPV4:PORT/audio/male/0.mp3","message":"เริ่มเล่นไฟล์เสียง: /audio/male/0.mp3","timestamp":"2025-11-15T21:25:15.207Z"}
{"screenId":"3","vn":"681012160536640","action":"load_success","audioUrl":"http://IPV4:PORT/audio/male/0.mp3","message":"โหลดไฟล์เสียงสำเร็จ: /audio/male/0.mp3","timestamp":"2025-11-15T21:25:15.223Z"}
{"screenId":"3","vn":"681012160536640","action":"play_error","audioUrl":"http://IPV4:PORT/audio/male/0.mp3","message":"เกิดข้อผิดพลาดในการเล่นไฟล์เสียง: /audio/male/0.mp3","error":"Playback was unable to start. This is most commonly an issue on mobile devices and Chrome where playback was not within a user interaction.","timestamp":"2025-11-15T21:25:16.923Z"}
{"screenId":"3","vn":"681012160536640","action":"load_start","audioUrl":"http://IPV4:PORT/audio/cache/male/%E0%B8%8A%E0%B9%88%E0%B8%AD%E0%B8%87%E0%B8%A3%E0%B8%B1%E0%B8%9A%E0%B8%A2%E0%B8%B21.mp3","message":"กำลังโหลดไฟล์เสียง: /audio/cache/male/%E0%B8%8A%E0%B9%88%E0%B8%AD%E0%B8%87%E0%B8%A3%E0%B8%B1%E0%B8%9A%E0%B8%A2%E0%B8%B21.mp3","timestamp":"2025-11-15T21:25:17.084Z"}
{"screenId":"3","vn":"681012160536640","action":"play_error","audioUrl":"http://IPV4:PORT/audio/male/0.mp3","message":"เกิดข้อผิดพลาดในการเล่นไฟล์เสียง: /audio/male/0.mp3","error":"Playback was unable to start. This is most commonly an issue on mobile devices and Chrome where playback was not within a user interaction.","timestamp":"2025-11-15T21:25:18.469Z"}
{"screenId":"3","vn":"681012160536640","action":"play_start","audioUrl":"http://IPV4:PORT/audio/male/0.mp3","message":"เริ่มเล่นไฟล์เสียง: /audio/male/0.mp3","timestamp":"2025-11-15T21:25:24.836Z"}
{"screenId":"3","vn":"681012160536640","action":"load_success","audioUrl":"http://IPV4:PORT/audio/male/0.mp3","message":"โหลดไฟล์เสียงสำเร็จ: /audio/male/0.mp3","timestamp":"2025-11-15T21:25:24.854Z"}
{"screenId":"3","vn":"681012160536640","action":"play_error","audioUrl":"http://IPV4:PORT/audio/male/0.mp3","message":"เกิดข้อผิดพลาดในการเล่นไฟล์เสียง: /audio/male/0.mp3","error":"Playback was unable to start. This is most commonly an issue on mobile devices and Chrome where playback was not within a user interaction.","timestamp":"2025-11-15T21:25:25.022Z"}
{"screenId":"3","vn":"681012160536640","action":"play_error","audioUrl":"http://IPV4:PORT/audio/male/0.mp3","message":"เกิดข้อผิดพลาดในการเล่นไฟล์เสียง: /audio/male/0.mp3","error":"Playback was unable to start. This is most commonly an issue on mobile devices and Chrome where playback was not within a user interaction.","timestamp":"2025-11-15T21:25:25.138Z"}
{"screenId":"3","vn":"681012160536640","action":"play_start","audioUrl":"http://IPV4:PORT/audio/male/1.mp3","message":"เริ่มเล่นไฟล์เสียง: /audio/male/1.mp3","timestamp":"2025-11-15T21:25:27.396Z"}
{"screenId":"3","vn":"681012160536640","action":"load_success","audioUrl":"http://IPV4:PORT/audio/male/1.mp3","message":"โหลดไฟล์เสียงสำเร็จ: /audio/male/1.mp3","timestamp":"2025-11-15T21:25:27.417Z"}
{"screenId":"3","vn":"681012160536640","action":"play_error","audioUrl":"http://IPV4:PORT/audio/male/1.mp3","message":"เกิดข้อผิดพลาดในการเล่นไฟล์เสียง: /audio/male/1.mp3","error":"Playback was unable to start. This is most commonly an issue on mobile devices and Chrome where playback was not within a user interaction.","timestamp":"2025-11-15T21:25:31.420Z"}
{"screenId":"3","vn":"681012160536640","action":"play_error","audioUrl":"http://IPV4:PORT/audio/male/1.mp3","message":"เกิดข้อผิดพลาดในการเล่นไฟล์เสียง: /audio/male/1.mp3","error":"Playback was unable to start. This is most commonly an issue on mobile devices and Chrome where playback was not within a user interaction.","timestamp":"2025-11-15T21:25:31.555Z"}
{"screenId":"3","vn":"681012160536640","action":"play_start","audioUrl":"http://IPV4:PORT/audio/cache/male/%E0%B8%8A%E0%B9%88%E0%B8%AD%E0%B8%87%E0%B8%A3%E0%B8%B1%E0%B8%9A%E0%B8%A2%E0%B8%B21.mp3","message":"เริ่มเล่นไฟล์เสียง: /audio/cache/male/%E0%B8%8A%E0%B9%88%E0%B8%AD%E0%B8%87%E0%B8%A3%E0%B8%B1%E0%B8%9A%E0%B8%A2%E0%B8%B21.mp3","timestamp":"2025-11-15T21:25:34.343Z"}
{"screenId":"3","vn":"681012160536640","action":"load_success","audioUrl":"http://IPV4:PORT/audio/cache/male/%E0%B8%8A%E0%B9%88%E0%B8%AD%E0%B8%87%E0%B8%A3%E0%B8%B1%E0%B8%9A%E0%B8%A2%E0%B8%B21.mp3","message":"โหลดไฟล์เสียงสำเร็จ: /audio/cache/male/%E0%B8%8A%E0%B9%88%E0%B8%AD%E0%B8%87%E0%B8%A3%E0%B8%B1%E0%B8%9A%E0%B8%A2%E0%B8%B21.mp3","timestamp":"2025-11-15T21:25:34.348Z"}
{"screenId":"3","vn":"681012160536640","action":"play_error","audioUrl":"http://IPV4:PORT/audio/cache/male/%E0%B8%8A%E0%B9%88%E0%B8%AD%E0%B8%87%E0%B8%A3%E0%B8%B1%E0%B8%9A%E0%B8%A2%E0%B8%B21.mp3","message":"เกิดข้อผิดพลาดในการเล่นไฟล์เสียง: /audio/cache/male/%E0%B8%8A%E0%B9%88%E0%B8%AD%E0%B8%87%E0%B8%A3%E0%B8%B1%E0%B8%9A%E0%B8%A2%E0%B8%B21.mp3","error":"Playback was unable to start. This is most commonly an issue on mobile devices and Chrome where playback was not within a user interaction.","timestamp":"2025-11-15T21:25:34.817Z"}
{"screenId":"3","vn":"681012160536640","action":"play_error","audioUrl":"http://IPV4:PORT/audio/cache/male/%E0%B8%8A%E0%B9%88%E0%B8%AD%E0%B8%87%E0%B8%A3%E0%B8%B1%E0%B8%9A%E0%B8%A2%E0%B8%B21.mp3","message":"เกิดข้อผิดพลาดในการเล่นไฟล์เสียง: /audio/cache/male/%E0%B8%8A%E0%B9%88%E0%B8%AD%E0%B8%87%E0%B8%A3%E0%B8%B1%E0%B8%9A%E0%B8%A2%E0%B8%B21.mp3","error":"Playback was unable to start. This is most commonly an issue on mobile devices and Chrome where playback was not within a user interaction.","timestamp":"2025-11-15T21:25:34.803Z"}
{"screenId":"3","vn":"681012160536640","action":"load_start","audioUrl":"http://IPV4:PORT/audio/male/prefix.mp3","message":"กำลังโหลดไฟล์เสียง: /audio/male/prefix.mp3","timestamp":"2025-11-15T21:28:01.703Z"}
{"screenId":"3","vn":"681012160536640","action":"play_start","audioUrl":"http://IPV4:PORT/audio/male/prefix.mp3","message":"เริ่มเล่นไฟล์เสียง: /audio/male/prefix.mp3","timestamp":"2025-11-15T21:28:01.812Z"}
{"screenId":"3","vn":"681012160536640","action":"load_success","audioUrl":"http://IPV4:PORT/audio/male/prefix.mp3","message":"โหลดไฟล์เสียงสำเร็จ: /audio/male/prefix.mp3","timestamp":"2025-11-15T21:28:01.815Z"}
{"screenId":"3","vn":"681012160536640","action":"load_start","audioUrl":"http://IPV4:PORT/audio/male/A.mp3","message":"กำลังโหลดไฟล์เสียง: /audio/male/A.mp3","timestamp":"2025-11-15T21:28:05.054Z"}
{"screenId":"3","vn":"681012160536640","action":"play_end","audioUrl":"http://IPV4:PORT/audio/male/prefix.mp3","message":"เล่นไฟล์เสียงเสร็จสิ้น: /audio/male/prefix.mp3","timestamp":"2025-11-15T21:28:05.052Z"}
{"screenId":"3","vn":"681012160536640","action":"play_start","audioUrl":"http://IPV4:PORT/audio/male/A.mp3","message":"เริ่มเล่นไฟล์เสียง: /audio/male/A.mp3","timestamp":"2025-11-15T21:28:05.066Z"}
{"screenId":"3","vn":"681012160536640","action":"load_success","audioUrl":"http://IPV4:PORT/audio/male/A.mp3","message":"โหลดไฟล์เสียงสำเร็จ: /audio/male/A.mp3","timestamp":"2025-11-15T21:28:05.068Z"}
{"screenId":"3","vn":"681012160536640","action":"play_end","audioUrl":"http://IPV4:PORT/audio/male/A.mp3","message":"เล่นไฟล์เสียงเสร็จสิ้น: /audio/male/A.mp3","timestamp":"2025-11-15T21:28:05.932Z"}
{"screenId":"3","vn":"681012160536640","action":"load_start","audioUrl":"http://IPV4:PORT/audio/male/0.mp3","message":"กำลังโหลดไฟล์เสียง: /audio/male/0.mp3","timestamp":"2025-11-15T21:28:05.933Z"}
{"screenId":"3","vn":"681012160536640","action":"play_start","audioUrl":"http://IPV4:PORT/audio/male/0.mp3","message":"เริ่มเล่นไฟล์เสียง: /audio/male/0.mp3","timestamp":"2025-11-15T21:28:05.942Z"}
{"screenId":"3","vn":"681012160536640","action":"load_success","audioUrl":"http://IPV4:PORT/audio/male/0.mp3","message":"โหลดไฟล์เสียงสำเร็จ: /audio/male/0.mp3","timestamp":"2025-11-15T21:28:05.944Z"}
{"screenId":"3","vn":"681012160536640","action":"play_end","audioUrl":"http://IPV4:PORT/audio/male/0.mp3","message":"เล่นไฟล์เสียงเสร็จสิ้น: /audio/male/0.mp3","timestamp":"2025-11-15T21:28:07.051Z"}
{"screenId":"3","vn":"681012160536640","action":"load_start","audioUrl":"http://IPV4:PORT/audio/male/0.mp3","message":"กำลังโหลดไฟล์เสียง: /audio/male/0.mp3","timestamp":"2025-11-15T21:28:07.053Z"}
{"screenId":"3","vn":"681012160536640","action":"load_success","audioUrl":"http://IPV4:PORT/audio/male/0.mp3","message":"โหลดไฟล์เสียงสำเร็จ: /audio/male/0.mp3","timestamp":"2025-11-15T21:28:07.061Z"}
{"screenId":"3","vn":"681012160536640","action":"play_start","audioUrl":"http://IPV4:PORT/audio/male/0.mp3","message":"เริ่มเล่นไฟล์เสียง: /audio/male/0.mp3","timestamp":"2025-11-15T21:28:07.059Z"}
{"screenId":"3","vn":"681012160536640","action":"load_start","audioUrl":"http://IPV4:PORT/audio/male/prefix.mp3","message":"กำลังโหลดไฟล์เสียง: /audio/male/prefix.mp3","timestamp":"2025-11-15T21:28:07.415Z"}
{"screenId":"3","vn":"681012160536640","action":"play_end","audioUrl":"http://IPV4:PORT/audio/male/0.mp3","message":"เล่นไฟล์เสียงเสร็จสิ้น: /audio/male/0.mp3","timestamp":"2025-11-15T21:28:08.132Z"}
{"screenId":"3","vn":"681012160536640","action":"load_start","audioUrl":"http://IPV4:PORT/audio/male/1.mp3","message":"กำลังโหลดไฟล์เสียง: /audio/male/1.mp3","timestamp":"2025-11-15T21:28:08.133Z"}
{"screenId":"3","vn":"681012160536640","action":"play_start","audioUrl":"http://IPV4:PORT/audio/male/1.mp3","message":"เริ่มเล่นไฟล์เสียง: /audio/male/1.mp3","timestamp":"2025-11-15T21:28:08.145Z"}
{"screenId":"3","vn":"681012160536640","action":"load_success","audioUrl":"http://IPV4:PORT/audio/male/1.mp3","message":"โหลดไฟล์เสียงสำเร็จ: /audio/male/1.mp3","timestamp":"2025-11-15T21:28:08.147Z"}
{"screenId":"3","vn":"681012160536640","action":"play_end","audioUrl":"http://IPV4:PORT/audio/male/1.mp3","message":"เล่นไฟล์เสียงเสร็จสิ้น: /audio/male/1.mp3","timestamp":"2025-11-15T21:28:09.073Z"}
{"screenId":"3","vn":"681012160536640","action":"load_start","audioUrl":"http://IPV4:PORT/audio/cache/male/%E0%B8%8A%E0%B9%88%E0%B8%AD%E0%B8%87%E0%B8%A3%E0%B8%B1%E0%B8%9A%E0%B8%A2%E0%B8%B21.mp3","message":"กำลังโหลดไฟล์เสียง: /audio/cache/male/%E0%B8%8A%E0%B9%88%E0%B8%AD%E0%B8%87%E0%B8%A3%E0%B8%B1%E0%B8%9A%E0%B8%A2%E0%B8%B21.mp3","timestamp":"2025-11-15T21:28:09.076Z"}
{"screenId":"3","vn":"681012160536640","action":"play_start","audioUrl":"http://IPV4:PORT/audio/cache/male/%E0%B8%8A%E0%B9%88%E0%B8%AD%E0%B8%87%E0%B8%A3%E0%B8%B1%E0%B8%9A%E0%B8%A2%E0%B8%B21.mp3","message":"เริ่มเล่นไฟล์เสียง: /audio/cache/male/%E0%B8%8A%E0%B9%88%E0%B8%AD%E0%B8%87%E0%B8%A3%E0%B8%B1%E0%B8%9A%E0%B8%A2%E0%B8%B21.mp3","timestamp":"2025-11-15T21:28:09.090Z"}
{"screenId":"3","vn":"681012160536640","action":"play_end","audioUrl":"http://IPV4:PORT/audio/cache/male/%E0%B8%8A%E0%B9%88%E0%B8%AD%E0%B8%87%E0%B8%A3%E0%B8%B1%E0%B8%9A%E0%B8%A2%E0%B8%B21.mp3","message":"เล่นไฟล์เสียงเสร็จสิ้น: /audio/cache/male/%E0%B8%8A%E0%B9%88%E0%B8%AD%E0%B8%87%E0%B8%A3%E0%B8%B1%E0%B8%9A%E0%B8%A2%E0%B8%B21.mp3","timestamp":"2025-11-15T21:28:10.974Z"}
{"screenId":"3","vn":"681012160536640","action":"load_success","audioUrl":"http://IPV4:PORT/audio/cache/male/%E0%B8%8A%E0%B9%88%E0%B8%AD%E0%B8%87%E0%B8%A3%E0%B8%B1%E0%B8%9A%E0%B8%A2%E0%B8%B21.mp3","message":"โหลดไฟล์เสียงสำเร็จ: /audio/cache/male/%E0%B8%8A%E0%B9%88%E0%B8%AD%E0%B8%87%E0%B8%A3%E0%B8%B1%E0%B8%9A%E0%B8%A2%E0%B8%B21.mp3","timestamp":"2025-11-15T21:28:09.092Z"}
{"screenId":"3","vn":"681012160536640","action":"load_start","audioUrl":"http://IPV4:PORT/audio/male/prefix.mp3","message":"กำลังโหลดไฟล์เสียง: /audio/male/prefix.mp3","timestamp":"2025-11-15T21:28:13.330Z"}
{"screenId":"3","vn":"681012160536640","action":"play_start","audioUrl":"http://IPV4:PORT/audio/male/prefix.mp3","message":"เริ่มเล่นไฟล์เสียง: /audio/male/prefix.mp3","timestamp":"2025-11-15T21:28:13.446Z"}
{"screenId":"3","vn":"681012160536640","action":"load_success","audioUrl":"http://IPV4:PORT/audio/male/prefix.mp3","message":"โหลดไฟล์เสียงสำเร็จ: /audio/male/prefix.mp3","timestamp":"2025-11-15T21:28:13.449Z"}
{"screenId":"3","vn":"681012160536640","action":"play_end","audioUrl":"http://IPV4:PORT/audio/male/prefix.mp3","message":"เล่นไฟล์เสียงเสร็จสิ้น: /audio/male/prefix.mp3","timestamp":"2025-11-15T21:28:15.152Z"}
{"screenId":"3","vn":"681012160536640","action":"load_start","audioUrl":"http://IPV4:PORT/audio/male/A.mp3","message":"กำลังโหลดไฟล์เสียง: /audio/male/A.mp3","timestamp":"2025-11-15T21:28:15.153Z"}
{"screenId":"3","vn":"681012160536640","action":"play_start","audioUrl":"http://IPV4:PORT/audio/male/A.mp3","message":"เริ่มเล่นไฟล์เสียง: /audio/male/A.mp3","timestamp":"2025-11-15T21:28:15.163Z"}
{"screenId":"3","vn":"681012160536640","action":"load_success","audioUrl":"http://IPV4:PORT/audio/male/A.mp3","message":"โหลดไฟล์เสียงสำเร็จ: /audio/male/A.mp3","timestamp":"2025-11-15T21:28:15.165Z"}
{"screenId":"3","vn":"681012160536640","action":"play_end","audioUrl":"http://IPV4:PORT/audio/male/A.mp3","message":"เล่นไฟล์เสียงเสร็จสิ้น: /audio/male/A.mp3","timestamp":"2025-11-15T21:28:16.032Z"}
{"screenId":"3","vn":"681012160536640","action":"load_start","audioUrl":"http://IPV4:PORT/audio/male/0.mp3","message":"กำลังโหลดไฟล์เสียง: /audio/male/0.mp3","timestamp":"2025-11-15T21:28:16.033Z"}
{"screenId":"3","vn":"681012160536640","action":"play_start","audioUrl":"http://IPV4:PORT/audio/male/0.mp3","message":"เริ่มเล่นไฟล์เสียง: /audio/male/0.mp3","timestamp":"2025-11-15T21:28:16.041Z"}
{"screenId":"3","vn":"681012160536640","action":"load_success","audioUrl":"http://IPV4:PORT/audio/male/0.mp3","message":"โหลดไฟล์เสียงสำเร็จ: /audio/male/0.mp3","timestamp":"2025-11-15T21:28:16.043Z"}
{"screenId":"3","vn":"681012160536640","action":"play_end","audioUrl":"http://IPV4:PORT/audio/male/0.mp3","message":"เล่นไฟล์เสียงเสร็จสิ้น: /audio/male/0.mp3","timestamp":"2025-11-15T21:28:17.174Z"}
{"screenId":"3","vn":"681012160536640","action":"load_start","audioUrl":"http://IPV4:PORT/audio/male/0.mp3","message":"กำลังโหลดไฟล์เสียง: /audio/male/0.mp3","timestamp":"2025-11-15T21:28:17.175Z"}
{"screenId":"3","vn":"681012160536640","action":"play_start","audioUrl":"http://IPV4:PORT/audio/male/0.mp3","message":"เริ่มเล่นไฟล์เสียง: /audio/male/0.mp3","timestamp":"2025-11-15T21:28:17.183Z"}
{"screenId":"3","vn":"681012160536640","action":"load_success","audioUrl":"http://IPV4:PORT/audio/male/0.mp3","message":"โหลดไฟล์เสียงสำเร็จ: /audio/male/0.mp3","timestamp":"2025-11-15T21:28:17.186Z"}
{"screenId":"3","vn":"681012160536640","action":"play_error","audioUrl":"http://IPV4:PORT/audio/male/prefix.mp3","message":"เกิดข้อผิดพลาดในการเล่นไฟล์เสียง: /audio/male/prefix.mp3","error":"Playback was unable to start. This is most commonly an issue on mobile devices and Chrome where playback was not within a user interaction.","timestamp":"2025-11-15T21:31:41.493Z"}
{"screenId":"3","vn":"681012160536640","action":"load_start","audioUrl":"http://IPV4:PORT/audio/male/prefix.mp3","message":"กำลังโหลดไฟล์เสียง: /audio/male/prefix.mp3","timestamp":"2025-11-15T21:31:41.126Z"}
{"screenId":"3","vn":"681012160536640","action":"load_start","audioUrl":"http://IPV4:PORT/audio/male/A.mp3","message":"กำลังโหลดไฟล์เสียง: /audio/male/A.mp3","timestamp":"2025-11-15T21:31:41.360Z"}
{"screenId":"3","vn":"681012160536640","action":"load_success","audioUrl":"http://IPV4:PORT/audio/male/prefix.mp3","message":"โหลดไฟล์เสียงสำเร็จ: /audio/male/prefix.mp3","timestamp":"2025-11-15T21:31:41.265Z"}
{"screenId":"3","vn":"681012160536640","action":"play_start","audioUrl":"http://IPV4:PORT/audio/male/prefix.mp3","message":"เริ่มเล่นไฟล์เสียง: /audio/male/prefix.mp3","timestamp":"2025-11-15T21:31:41.259Z"}
{"screenId":"3","vn":"681012160536640","action":"play_error","audioUrl":"http://IPV4:PORT/audio/male/prefix.mp3","message":"เกิดข้อผิดพลาดในการเล่นไฟล์เสียง: /audio/male/prefix.mp3","error":"Playback was unable to start. This is most commonly an issue on mobile devices and Chrome where playback was not within a user interaction.","timestamp":"2025-11-15T21:31:41.328Z"}
{"screenId":"3","vn":"681012160536640","action":"load_start","audioUrl":"http://IPV4:PORT/audio/male/0.mp3","message":"กำลังโหลดไฟล์เสียง: /audio/male/0.mp3","timestamp":"2025-11-15T21:31:41.496Z"}
{"screenId":"3","vn":"681012160536640","action":"play_start","audioUrl":"http://IPV4:PORT/audio/male/A.mp3","message":"เริ่มเล่นไฟล์เสียง: /audio/male/A.mp3","timestamp":"2025-11-15T21:31:41.560Z"}
{"screenId":"3","vn":"681012160536640","action":"load_start","audioUrl":"http://IPV4:PORT/audio/male/0.mp3","message":"กำลังโหลดไฟล์เสียง: /audio/male/0.mp3","timestamp":"2025-11-15T21:31:41.574Z"}
{"screenId":"3","vn":"681012160536640","action":"load_success","audioUrl":"http://IPV4:PORT/audio/male/A.mp3","message":"โหลดไฟล์เสียงสำเร็จ: /audio/male/A.mp3","timestamp":"2025-11-15T21:31:41.563Z"}
{"screenId":"3","vn":"681012160536640","action":"play_error","audioUrl":"http://IPV4:PORT/audio/male/A.mp3","message":"เกิดข้อผิดพลาดในการเล่นไฟล์เสียง: /audio/male/A.mp3","error":"Playback was unable to start. This is most commonly an issue on mobile devices and Chrome where playback was not within a user interaction.","timestamp":"2025-11-15T21:31:41.571Z"}
{"screenId":"3","vn":"681012160536640","action":"play_error","audioUrl":"http://IPV4:PORT/audio/male/A.mp3","message":"เกิดข้อผิดพลาดในการเล่นไฟล์เสียง: /audio/male/A.mp3","error":"Playback was unable to start. This is most commonly an issue on mobile devices and Chrome where playback was not within a user interaction.","timestamp":"2025-11-15T21:31:41.578Z"}
{"screenId":"3","vn":"681012160536640","action":"load_success","audioUrl":"http://IPV4:PORT/audio/male/0.mp3","message":"โหลดไฟล์เสียงสำเร็จ: /audio/male/0.mp3","timestamp":"2025-11-15T21:31:41.613Z"}
{"screenId":"3","vn":"681012160536640","action":"load_success","audioUrl":"http://IPV4:PORT/audio/male/0.mp3","message":"โหลดไฟล์เสียงสำเร็จ: /audio/male/0.mp3","timestamp":"2025-11-15T21:31:41.622Z"}
{"screenId":"3","vn":"681012160536640","action":"play_start","audioUrl":"http://IPV4:PORT/audio/male/0.mp3","message":"เริ่มเล่นไฟล์เสียง: /audio/male/0.mp3","timestamp":"2025-11-15T21:31:41.619Z"}
{"screenId":"3","vn":"681012160536640","action":"load_start","audioUrl":"http://IPV4:PORT/audio/male/1.mp3","message":"กำลังโหลดไฟล์เสียง: /audio/male/1.mp3","timestamp":"2025-11-15T21:31:41.584Z"}
{"screenId":"3","vn":"681012160536640","action":"play_error","audioUrl":"http://IPV4:PORT/audio/male/0.mp3","message":"เกิดข้อผิดพลาดในการเล่นไฟล์เสียง: /audio/male/0.mp3","error":"Playback was unable to start. This is most commonly an issue on mobile devices and Chrome where playback was not within a user interaction.","timestamp":"2025-11-15T21:31:41.625Z"}
{"screenId":"3","vn":"681012160536640","action":"play_start","audioUrl":"http://IPV4:PORT/audio/male/0.mp3","message":"เริ่มเล่นไฟล์เสียง: /audio/male/0.mp3","timestamp":"2025-11-15T21:31:41.610Z"}
{"screenId":"3","vn":"681012160536640","action":"load_start","audioUrl":"http://IPV4:PORT/audio/cache/male/%E0%B8%8A%E0%B9%88%E0%B8%AD%E0%B8%87%E0%B8%A3%E0%B8%B1%E0%B8%9A%E0%B8%A2%E0%B8%B21.mp3","message":"กำลังโหลดไฟล์เสียง: /audio/cache/male/%E0%B8%8A%E0%B9%88%E0%B8%AD%E0%B8%87%E0%B8%A3%E0%B8%B1%E0%B8%9A%E0%B8%A2%E0%B8%B21.mp3","timestamp":"2025-11-15T21:31:41.627Z"}
{"screenId":"3","vn":"681012160536640","action":"play_error","audioUrl":"http://IPV4:PORT/audio/male/0.mp3","message":"เกิดข้อผิดพลาดในการเล่นไฟล์เสียง: /audio/male/0.mp3","error":"Playback was unable to start. This is most commonly an issue on mobile devices and Chrome where playback was not within a user interaction.","timestamp":"2025-11-15T21:31:41.646Z"}
{"screenId":"3","vn":"681012160536640","action":"play_error","audioUrl":"http://IPV4:PORT/audio/male/0.mp3","message":"เกิดข้อผิดพลาดในการเล่นไฟล์เสียง: /audio/male/0.mp3","error":"Playback was unable to start. This is most commonly an issue on mobile devices and Chrome where playback was not within a user interaction.","timestamp":"2025-11-15T21:31:41.643Z"}
{"screenId":"3","vn":"681012160536640","action":"play_error","audioUrl":"http://IPV4:PORT/audio/male/0.mp3","message":"เกิดข้อผิดพลาดในการเล่นไฟล์เสียง: /audio/male/0.mp3","error":"Playback was unable to start. This is most commonly an issue on mobile devices and Chrome where playback was not within a user interaction.","timestamp":"2025-11-15T21:31:41.631Z"}
{"screenId":"3","vn":"681012160536640","action":"play_start","audioUrl":"http://IPV4:PORT/audio/male/1.mp3","message":"เริ่มเล่นไฟล์เสียง: /audio/male/1.mp3","timestamp":"2025-11-15T21:31:41.660Z"}
{"screenId":"3","vn":"681012160536640","action":"load_success","audioUrl":"http://IPV4:PORT/audio/male/1.mp3","message":"โหลดไฟล์เสียงสำเร็จ: /audio/male/1.mp3","timestamp":"2025-11-15T21:31:41.688Z"}
{"screenId":"3","vn":"681012160536640","action":"play_error","audioUrl":"http://IPV4:PORT/audio/male/1.mp3","message":"เกิดข้อผิดพลาดในการเล่นไฟล์เสียง: /audio/male/1.mp3","error":"Playback was unable to start. This is most commonly an issue on mobile devices and Chrome where playback was not within a user interaction.","timestamp":"2025-11-15T21:31:41.695Z"}
{"screenId":"3","vn":"681012160536640","action":"play_start","audioUrl":"http://IPV4:PORT/audio/cache/male/%E0%B8%8A%E0%B9%88%E0%B8%AD%E0%B8%87%E0%B8%A3%E0%B8%B1%E0%B8%9A%E0%B8%A2%E0%B8%B21.mp3","message":"เริ่มเล่นไฟล์เสียง: /audio/cache/male/%E0%B8%8A%E0%B9%88%E0%B8%AD%E0%B8%87%E0%B8%A3%E0%B8%B1%E0%B8%9A%E0%B8%A2%E0%B8%B21.mp3","timestamp":"2025-11-15T21:31:41.764Z"}
{"screenId":"3","vn":"681012160536640","action":"play_error","audioUrl":"http://IPV4:PORT/audio/male/1.mp3","message":"เกิดข้อผิดพลาดในการเล่นไฟล์เสียง: /audio/male/1.mp3","error":"Playback was unable to start. This is most commonly an issue on mobile devices and Chrome where playback was not within a user interaction.","timestamp":"2025-11-15T21:31:41.709Z"}
{"screenId":"3","vn":"681012160536640","action":"load_success","audioUrl":"http://IPV4:PORT/audio/cache/male/%E0%B8%8A%E0%B9%88%E0%B8%AD%E0%B8%87%E0%B8%A3%E0%B8%B1%E0%B8%9A%E0%B8%A2%E0%B8%B21.mp3","message":"โหลดไฟล์เสียงสำเร็จ: /audio/cache/male/%E0%B8%8A%E0%B9%88%E0%B8%AD%E0%B8%87%E0%B8%A3%E0%B8%B1%E0%B8%9A%E0%B8%A2%E0%B8%B21.mp3","timestamp":"2025-11-15T21:31:41.795Z"}
{"screenId":"3","vn":"681012160536640","action":"play_error","audioUrl":"http://IPV4:PORT/audio/cache/male/%E0%B8%8A%E0%B9%88%E0%B8%AD%E0%B8%87%E0%B8%A3%E0%B8%B1%E0%B8%9A%E0%B8%A2%E0%B8%B21.mp3","message":"เกิดข้อผิดพลาดในการเล่นไฟล์เสียง: /audio/cache/male/%E0%B8%8A%E0%B9%88%E0%B8%AD%E0%B8%87%E0%B8%A3%E0%B8%B1%E0%B8%9A%E0%B8%A2%E0%B8%B21.mp3","error":"Playback was unable to start. This is most commonly an issue on mobile devices and Chrome where playback was not within a user interaction.","timestamp":"2025-11-15T21:31:42.761Z"}
{"screenId":"3","vn":"681012160536640","action":"play_error","audioUrl":"http://IPV4:PORT/audio/cache/male/%E0%B8%8A%E0%B9%88%E0%B8%AD%E0%B8%87%E0%B8%A3%E0%B8%B1%E0%B8%9A%E0%B8%A2%E0%B8%B21.mp3","message":"เกิดข้อผิดพลาดในการเล่นไฟล์เสียง: /audio/cache/male/%E0%B8%8A%E0%B9%88%E0%B8%AD%E0%B8%87%E0%B8%A3%E0%B8%B1%E0%B8%9A%E0%B8%A2%E0%B8%B21.mp3","error":"Playback was unable to start. This is most commonly an issue on mobile devices and Chrome where playback was not within a user interaction.","timestamp":"2025-11-15T21:31:49.727Z"}
{"screenId":"3","vn":"681012160536640","action":"load_start","audioUrl":"http://IPV4:PORT/audio/male/prefix.mp3","message":"กำลังโหลดไฟล์เสียง: /audio/male/prefix.mp3","timestamp":"2025-11-15T21:31:49.893Z"}
{"screenId":"3","vn":"681012160536640","action":"play_start","audioUrl":"http://IPV4:PORT/audio/male/prefix.mp3","message":"เริ่มเล่นไฟล์เสียง: /audio/male/prefix.mp3","timestamp":"2025-11-15T21:32:19.391Z"}
{"screenId":"3","vn":"681012160536640","action":"load_success","audioUrl":"http://IPV4:PORT/audio/male/prefix.mp3","message":"โหลดไฟล์เสียงสำเร็จ: /audio/male/prefix.mp3","timestamp":"2025-11-15T21:32:19.450Z"}
{"screenId":"3","vn":"681012160536640","action":"play_error","audioUrl":"http://IPV4:PORT/audio/male/prefix.mp3","message":"เกิดข้อผิดพลาดในการเล่นไฟล์เสียง: /audio/male/prefix.mp3","error":"Playback was unable to start. This is most commonly an issue on mobile devices and Chrome where playback was not within a user interaction.","timestamp":"2025-11-15T21:32:19.461Z"}
{"screenId":"3","vn":"681012160536640","action":"load_start","audioUrl":"http://IPV4:PORT/audio/male/A.mp3","message":"กำลังโหลดไฟล์เสียง: /audio/male/A.mp3","timestamp":"2025-11-15T21:32:19.493Z"}
{"screenId":"3","vn":"681012160536640","action":"play_error","audioUrl":"http://IPV4:PORT/audio/male/prefix.mp3","message":"เกิดข้อผิดพลาดในการเล่นไฟล์เสียง: /audio/male/prefix.mp3","error":"Playback was unable to start. This is most commonly an issue on mobile devices and Chrome where playback was not within a user interaction.","timestamp":"2025-11-15T21:32:19.563Z"}
{"screenId":"3","vn":"681012160536640","action":"load_start","audioUrl":"http://IPV4:PORT/audio/male/0.mp3","message":"กำลังโหลดไฟล์เสียง: /audio/male/0.mp3","timestamp":"2025-11-15T21:32:19.589Z"}
{"screenId":"3","vn":"681012160536640","action":"play_start","audioUrl":"http://IPV4:PORT/audio/male/A.mp3","message":"เริ่มเล่นไฟล์เสียง: /audio/male/A.mp3","timestamp":"2025-11-15T21:32:22.355Z"}
{"screenId":"3","vn":"681012160536640","action":"load_success","audioUrl":"http://IPV4:PORT/audio/male/A.mp3","message":"โหลดไฟล์เสียงสำเร็จ: /audio/male/A.mp3","timestamp":"2025-11-15T21:32:22.374Z"}
{"screenId":"3","vn":"681012160536640","action":"play_error","audioUrl":"http://IPV4:PORT/audio/male/A.mp3","message":"เกิดข้อผิดพลาดในการเล่นไฟล์เสียง: /audio/male/A.mp3","error":"Playback was unable to start. This is most commonly an issue on mobile devices and Chrome where playback was not within a user interaction.","timestamp":"2025-11-15T21:32:22.389Z"}
{"screenId":"3","vn":"681012160536640","action":"play_error","audioUrl":"http://IPV4:PORT/audio/male/A.mp3","message":"เกิดข้อผิดพลาดในการเล่นไฟล์เสียง: /audio/male/A.mp3","error":"Playback was unable to start. This is most commonly an issue on mobile devices and Chrome where playback was not within a user interaction.","timestamp":"2025-11-15T21:32:22.455Z"}
{"screenId":"3","vn":"681012160536640","action":"load_start","audioUrl":"http://IPV4:PORT/audio/male/0.mp3","message":"กำลังโหลดไฟล์เสียง: /audio/male/0.mp3","timestamp":"2025-11-15T21:32:22.424Z"}
{"screenId":"3","vn":"681012160536640","action":"load_start","audioUrl":"http://IPV4:PORT/audio/male/1.mp3","message":"กำลังโหลดไฟล์เสียง: /audio/male/1.mp3","timestamp":"2025-11-15T21:32:22.487Z"}
{"screenId":"3","vn":"681012160536640","action":"play_start","audioUrl":"http://IPV4:PORT/audio/male/0.mp3","message":"เริ่มเล่นไฟล์เสียง: /audio/male/0.mp3","timestamp":"2025-11-15T21:32:22.695Z"}
{"screenId":"3","vn":"681012160536640","action":"load_success","audioUrl":"http://IPV4:PORT/audio/male/0.mp3","message":"โหลดไฟล์เสียงสำเร็จ: /audio/male/0.mp3","timestamp":"2025-11-15T21:32:22.728Z"}
{"screenId":"3","vn":"681012160536640","action":"play_error","audioUrl":"http://IPV4:PORT/audio/male/0.mp3","message":"เกิดข้อผิดพลาดในการเล่นไฟล์เสียง: /audio/male/0.mp3","error":"Playback was unable to start. This is most commonly an issue on mobile devices and Chrome where playback was not within a user interaction.","timestamp":"2025-11-15T21:32:22.759Z"}
{"screenId":"3","vn":"681012160536640","action":"load_start","audioUrl":"http://IPV4:PORT/audio/cache/male/%E0%B8%8A%E0%B9%88%E0%B8%AD%E0%B8%87%E0%B8%A3%E0%B8%B1%E0%B8%9A%E0%B8%A2%E0%B8%B21.mp3","message":"กำลังโหลดไฟล์เสียง: /audio/cache/male/%E0%B8%8A%E0%B9%88%E0%B8%AD%E0%B8%87%E0%B8%A3%E0%B8%B1%E0%B8%9A%E0%B8%A2%E0%B8%B21.mp3","timestamp":"2025-11-15T21:32:22.771Z"}
{"screenId":"3","vn":"681012160536640","action":"play_error","audioUrl":"http://IPV4:PORT/audio/male/0.mp3","message":"เกิดข้อผิดพลาดในการเล่นไฟล์เสียง: /audio/male/0.mp3","error":"Playback was unable to start. This is most commonly an issue on mobile devices and Chrome where playback was not within a user interaction.","timestamp":"2025-11-15T21:32:22.804Z"}
{"screenId":"3","vn":"681012160536640","action":"load_success","audioUrl":"http://IPV4:PORT/audio/male/0.mp3","message":"โหลดไฟล์เสียงสำเร็จ: /audio/male/0.mp3","timestamp":"2025-11-15T21:32:23.149Z"}
{"screenId":"3","vn":"681012160536640","action":"play_start","audioUrl":"http://IPV4:PORT/audio/male/1.mp3","message":"เริ่มเล่นไฟล์เสียง: /audio/male/1.mp3","timestamp":"2025-11-15T21:32:23.171Z"}
{"screenId":"3","vn":"681012160536640","action":"play_start","audioUrl":"http://IPV4:PORT/audio/male/0.mp3","message":"เริ่มเล่นไฟล์เสียง: /audio/male/0.mp3","timestamp":"2025-11-15T21:32:23.105Z"}
{"screenId":"3","vn":"681012160536640","action":"load_success","audioUrl":"http://IPV4:PORT/audio/male/1.mp3","message":"โหลดไฟล์เสียงสำเร็จ: /audio/male/1.mp3","timestamp":"2025-11-15T21:32:23.234Z"}
{"screenId":"3","vn":"681012160536640","action":"play_error","audioUrl":"http://IPV4:PORT/audio/male/0.mp3","message":"เกิดข้อผิดพลาดในการเล่นไฟล์เสียง: /audio/male/0.mp3","error":"Playback was unable to start. This is most commonly an issue on mobile devices and Chrome where playback was not within a user interaction.","timestamp":"2025-11-15T21:32:23.263Z"}
{"screenId":"3","vn":"681012160536640","action":"play_error","audioUrl":"http://IPV4:PORT/audio/male/0.mp3","message":"เกิดข้อผิดพลาดในการเล่นไฟล์เสียง: /audio/male/0.mp3","error":"Playback was unable to start. This is most commonly an issue on mobile devices and Chrome where playback was not within a user interaction.","timestamp":"2025-11-15T21:32:23.313Z"}
{"screenId":"3","vn":"681012160536640","action":"play_error","audioUrl":"http://IPV4:PORT/audio/male/1.mp3","message":"เกิดข้อผิดพลาดในการเล่นไฟล์เสียง: /audio/male/1.mp3","error":"Playback was unable to start. This is most commonly an issue on mobile devices and Chrome where playback was not within a user interaction.","timestamp":"2025-11-15T21:32:23.357Z"}
{"screenId":"3","vn":"681012160536640","action":"play_error","audioUrl":"http://IPV4:PORT/audio/male/1.mp3","message":"เกิดข้อผิดพลาดในการเล่นไฟล์เสียง: /audio/male/1.mp3","error":"Playback was unable to start. This is most commonly an issue on mobile devices and Chrome where playback was not within a user interaction.","timestamp":"2025-11-15T21:32:23.394Z"}
{"screenId":"3","vn":"681012160536640","action":"play_start","audioUrl":"http://IPV4:PORT/audio/cache/male/%E0%B8%8A%E0%B9%88%E0%B8%AD%E0%B8%87%E0%B8%A3%E0%B8%B1%E0%B8%9A%E0%B8%A2%E0%B8%B21.mp3","message":"เริ่มเล่นไฟล์เสียง: /audio/cache/male/%E0%B8%8A%E0%B9%88%E0%B8%AD%E0%B8%87%E0%B8%A3%E0%B8%B1%E0%B8%9A%E0%B8%A2%E0%B8%B21.mp3","timestamp":"2025-11-15T21:32:23.544Z"}
{"screenId":"3","vn":"681012160536640","action":"load_success","audioUrl":"http://IPV4:PORT/audio/cache/male/%E0%B8%8A%E0%B9%88%E0%B8%AD%E0%B8%87%E0%B8%A3%E0%B8%B1%E0%B8%9A%E0%B8%A2%E0%B8%B21.mp3","message":"โหลดไฟล์เสียงสำเร็จ: /audio/cache/male/%E0%B8%8A%E0%B9%88%E0%B8%AD%E0%B8%87%E0%B8%A3%E0%B8%B1%E0%B8%9A%E0%B8%A2%E0%B8%B21.mp3","timestamp":"2025-11-15T21:32:23.553Z"}
{"screenId":"3","vn":"681012160536640","action":"play_error","audioUrl":"http://IPV4:PORT/audio/cache/male/%E0%B8%8A%E0%B9%88%E0%B8%AD%E0%B8%87%E0%B8%A3%E0%B8%B1%E0%B8%9A%E0%B8%A2%E0%B8%B21.mp3","message":"เกิดข้อผิดพลาดในการเล่นไฟล์เสียง: /audio/cache/male/%E0%B8%8A%E0%B9%88%E0%B8%AD%E0%B8%87%E0%B8%A3%E0%B8%B1%E0%B8%9A%E0%B8%A2%E0%B8%B21.mp3","error":"Playback was unable to start. This is most commonly an issue on mobile devices and Chrome where playback was not within a user interaction.","timestamp":"2025-11-15T21:32:23.606Z"}
{"screenId":"3","vn":"681012160536640","action":"play_error","audioUrl":"http://IPV4:PORT/audio/cache/male/%E0%B8%8A%E0%B9%88%E0%B8%AD%E0%B8%87%E0%B8%A3%E0%B8%B1%E0%B8%9A%E0%B8%A2%E0%B8%B21.mp3","message":"เกิดข้อผิดพลาดในการเล่นไฟล์เสียง: /audio/cache/male/%E0%B8%8A%E0%B9%88%E0%B8%AD%E0%B8%87%E0%B8%A3%E0%B8%B1%E0%B8%9A%E0%B8%A2%E0%B8%B21.mp3","error":"Playback was unable to start. This is most commonly an issue on mobile devices and Chrome where playback was not within a user interaction.","timestamp":"2025-11-15T21:32:23.682Z"}
{"screenId":"3","vn":"681012160536640","action":"load_start","audioUrl":"http://IPV4:PORT/audio/male/prefix.mp3","message":"กำลังโหลดไฟล์เสียง: /audio/male/prefix.mp3","timestamp":"2025-11-15T21:34:12.671Z"}
{"screenId":"3","vn":"681012160536640","action":"play_start","audioUrl":"http://IPV4:PORT/audio/male/prefix.mp3","message":"เริ่มเล่นไฟล์เสียง: /audio/male/prefix.mp3","timestamp":"2025-11-15T21:34:15.056Z"}
{"screenId":"3","vn":"681012160536640","action":"load_success","audioUrl":"http://IPV4:PORT/audio/male/prefix.mp3","message":"โหลดไฟล์เสียงสำเร็จ: /audio/male/prefix.mp3","timestamp":"2025-11-15T21:34:15.087Z"}
{"screenId":"3","vn":"681012160536640","action":"play_error","audioUrl":"http://IPV4:PORT/audio/male/prefix.mp3","message":"เกิดข้อผิดพลาดในการเล่นไฟล์เสียง: /audio/male/prefix.mp3","error":"Playback was unable to start. This is most commonly an issue on mobile devices and Chrome where playback was not within a user interaction.","timestamp":"2025-11-15T21:34:15.117Z"}
{"screenId":"3","vn":"681012160536640","action":"load_start","audioUrl":"http://IPV4:PORT/audio/male/A.mp3","message":"กำลังโหลดไฟล์เสียง: /audio/male/A.mp3","timestamp":"2025-11-15T21:34:15.139Z"}
{"screenId":"3","vn":"681012160536640","action":"play_error","audioUrl":"http://IPV4:PORT/audio/male/prefix.mp3","message":"เกิดข้อผิดพลาดในการเล่นไฟล์เสียง: /audio/male/prefix.mp3","error":"Playback was unable to start. This is most commonly an issue on mobile devices and Chrome where playback was not within a user interaction.","timestamp":"2025-11-15T21:34:15.203Z"}
{"screenId":"3","vn":"681012160536640","action":"load_start","audioUrl":"http://IPV4:PORT/audio/male/0.mp3","message":"กำลังโหลดไฟล์เสียง: /audio/male/0.mp3","timestamp":"2025-11-15T21:34:17.695Z"}
{"screenId":"3","vn":"681012160536640","action":"play_start","audioUrl":"http://IPV4:PORT/audio/male/A.mp3","message":"เริ่มเล่นไฟล์เสียง: /audio/male/A.mp3","timestamp":"2025-11-15T21:34:19.367Z"}
{"screenId":"3","vn":"681012160536640","action":"load_success","audioUrl":"http://IPV4:PORT/audio/male/A.mp3","message":"โหลดไฟล์เสียงสำเร็จ: /audio/male/A.mp3","timestamp":"2025-11-15T21:34:19.384Z"}
{"screenId":"3","vn":"681012160536640","action":"play_error","audioUrl":"http://IPV4:PORT/audio/male/A.mp3","message":"เกิดข้อผิดพลาดในการเล่นไฟล์เสียง: /audio/male/A.mp3","error":"Playback was unable to start. This is most commonly an issue on mobile devices and Chrome where playback was not within a user interaction.","timestamp":"2025-11-15T21:34:19.420Z"}
{"screenId":"3","vn":"681012160536640","action":"load_start","audioUrl":"http://IPV4:PORT/audio/male/0.mp3","message":"กำลังโหลดไฟล์เสียง: /audio/male/0.mp3","timestamp":"2025-11-15T21:34:19.471Z"}
{"screenId":"3","vn":"681012160536640","action":"play_error","audioUrl":"http://IPV4:PORT/audio/male/A.mp3","message":"เกิดข้อผิดพลาดในการเล่นไฟล์เสียง: /audio/male/A.mp3","error":"Playback was unable to start. This is most commonly an issue on mobile devices and Chrome where playback was not within a user interaction.","timestamp":"2025-11-15T21:34:19.559Z"}
{"screenId":"3","vn":"681012160536640","action":"load_start","audioUrl":"http://IPV4:PORT/audio/male/1.mp3","message":"กำลังโหลดไฟล์เสียง: /audio/male/1.mp3","timestamp":"2025-11-15T21:34:19.625Z"}
{"screenId":"3","vn":"681012160536640","action":"play_start","audioUrl":"http://IPV4:PORT/audio/male/0.mp3","message":"เริ่มเล่นไฟล์เสียง: /audio/male/0.mp3","timestamp":"2025-11-15T21:34:26.405Z"}
{"screenId":"3","vn":"681012160536640","action":"load_success","audioUrl":"http://IPV4:PORT/audio/male/0.mp3","message":"โหลดไฟล์เสียงสำเร็จ: /audio/male/0.mp3","timestamp":"2025-11-15T21:34:26.494Z"}
{"screenId":"3","vn":"681012160536640","action":"play_start","audioUrl":"http://IPV4:PORT/audio/male/1.mp3","message":"เริ่มเล่นไฟล์เสียง: /audio/male/1.mp3","timestamp":"2025-11-15T21:34:26.858Z"}
{"screenId":"3","vn":"681012160536640","action":"play_start","audioUrl":"http://IPV4:PORT/audio/male/0.mp3","message":"เริ่มเล่นไฟล์เสียง: /audio/male/0.mp3","timestamp":"2025-11-15T21:34:26.759Z"}
{"screenId":"3","vn":"681012160536640","action":"load_success","audioUrl":"http://IPV4:PORT/audio/male/0.mp3","message":"โหลดไฟล์เสียงสำเร็จ: /audio/male/0.mp3","timestamp":"2025-11-15T21:34:26.856Z"}
{"screenId":"3","vn":"681012160536640","action":"load_success","audioUrl":"http://IPV4:PORT/audio/male/1.mp3","message":"โหลดไฟล์เสียงสำเร็จ: /audio/male/1.mp3","timestamp":"2025-11-15T21:34:26.872Z"}
{"screenId":"3","vn":"681012160536640","action":"play_error","audioUrl":"http://IPV4:PORT/audio/male/0.mp3","message":"เกิดข้อผิดพลาดในการเล่นไฟล์เสียง: /audio/male/0.mp3","error":"Playback was unable to start. This is most commonly an issue on mobile devices and Chrome where playback was not within a user interaction.","timestamp":"2025-11-15T21:34:26.889Z"}
{"screenId":"3","vn":"681012160536640","action":"load_start","audioUrl":"http://IPV4:PORT/audio/cache/male/%E0%B8%8A%E0%B9%88%E0%B8%AD%E0%B8%87%E0%B8%A3%E0%B8%B1%E0%B8%9A%E0%B8%A2%E0%B8%B21.mp3","message":"กำลังโหลดไฟล์เสียง: /audio/cache/male/%E0%B8%8A%E0%B9%88%E0%B8%AD%E0%B8%87%E0%B8%A3%E0%B8%B1%E0%B8%9A%E0%B8%A2%E0%B8%B21.mp3","timestamp":"2025-11-15T21:34:26.938Z"}
{"screenId":"3","vn":"681012160536640","action":"play_error","audioUrl":"http://IPV4:PORT/audio/male/0.mp3","message":"เกิดข้อผิดพลาดในการเล่นไฟล์เสียง: /audio/male/0.mp3","error":"Playback was unable to start. This is most commonly an issue on mobile devices and Chrome where playback was not within a user interaction.","timestamp":"2025-11-15T21:34:26.958Z"}
{"screenId":"3","vn":"681012160536640","action":"play_error","audioUrl":"http://IPV4:PORT/audio/male/0.mp3","message":"เกิดข้อผิดพลาดในการเล่นไฟล์เสียง: /audio/male/0.mp3","error":"Playback was unable to start. This is most commonly an issue on mobile devices and Chrome where playback was not within a user interaction.","timestamp":"2025-11-15T21:34:26.974Z"}
{"screenId":"3","vn":"681012160536640","action":"play_error","audioUrl":"http://IPV4:PORT/audio/male/0.mp3","message":"เกิดข้อผิดพลาดในการเล่นไฟล์เสียง: /audio/male/0.mp3","error":"Playback was unable to start. This is most commonly an issue on mobile devices and Chrome where playback was not within a user interaction.","timestamp":"2025-11-15T21:34:26.977Z"}
{"screenId":"3","vn":"681012160536640","action":"play_error","audioUrl":"http://IPV4:PORT/audio/male/1.mp3","message":"เกิดข้อผิดพลาดในการเล่นไฟล์เสียง: /audio/male/1.mp3","error":"Playback was unable to start. This is most commonly an issue on mobile devices and Chrome where playback was not within a user interaction.","timestamp":"2025-11-15T21:34:27.041Z"}
{"screenId":"3","vn":"681012160536640","action":"load_success","audioUrl":"http://IPV4:PORT/audio/cache/male/%E0%B8%8A%E0%B9%88%E0%B8%AD%E0%B8%87%E0%B8%A3%E0%B8%B1%E0%B8%9A%E0%B8%A2%E0%B8%B21.mp3","message":"โหลดไฟล์เสียงสำเร็จ: /audio/cache/male/%E0%B8%8A%E0%B9%88%E0%B8%AD%E0%B8%87%E0%B8%A3%E0%B8%B1%E0%B8%9A%E0%B8%A2%E0%B8%B21.mp3","timestamp":"2025-11-15T21:34:27.655Z"}
{"screenId":"3","vn":"681012160536640","action":"play_error","audioUrl":"http://IPV4:PORT/audio/male/1.mp3","message":"เกิดข้อผิดพลาดในการเล่นไฟล์เสียง: /audio/male/1.mp3","error":"Playback was unable to start. This is most commonly an issue on mobile devices and Chrome where playback was not within a user interaction.","timestamp":"2025-11-15T21:34:27.050Z"}
{"screenId":"3","vn":"681012160536640","action":"play_error","audioUrl":"http://IPV4:PORT/audio/cache/male/%E0%B8%8A%E0%B9%88%E0%B8%AD%E0%B8%87%E0%B8%A3%E0%B8%B1%E0%B8%9A%E0%B8%A2%E0%B8%B21.mp3","message":"เกิดข้อผิดพลาดในการเล่นไฟล์เสียง: /audio/cache/male/%E0%B8%8A%E0%B9%88%E0%B8%AD%E0%B8%87%E0%B8%A3%E0%B8%B1%E0%B8%9A%E0%B8%A2%E0%B8%B21.mp3","error":"Playback was unable to start. This is most commonly an issue on mobile devices and Chrome where playback was not within a user interaction.","timestamp":"2025-11-15T21:34:27.667Z"}
{"screenId":"3","vn":"681012160536640","action":"play_start","audioUrl":"http://IPV4:PORT/audio/cache/male/%E0%B8%8A%E0%B9%88%E0%B8%AD%E0%B8%87%E0%B8%A3%E0%B8%B1%E0%B8%9A%E0%B8%A2%E0%B8%B21.mp3","message":"เริ่มเล่นไฟล์เสียง: /audio/cache/male/%E0%B8%8A%E0%B9%88%E0%B8%AD%E0%B8%87%E0%B8%A3%E0%B8%B1%E0%B8%9A%E0%B8%A2%E0%B8%B21.mp3","timestamp":"2025-11-15T21:34:27.649Z"}
{"screenId":"3","vn":"681012160536640","action":"play_error","audioUrl":"http://IPV4:PORT/audio/cache/male/%E0%B8%8A%E0%B9%88%E0%B8%AD%E0%B8%87%E0%B8%A3%E0%B8%B1%E0%B8%9A%E0%B8%A2%E0%B8%B21.mp3","message":"เกิดข้อผิดพลาดในการเล่นไฟล์เสียง: /audio/cache/male/%E0%B8%8A%E0%B9%88%E0%B8%AD%E0%B8%87%E0%B8%A3%E0%B8%B1%E0%B8%9A%E0%B8%A2%E0%B8%B21.mp3","error":"Playback was unable to start. This is most commonly an issue on mobile devices and Chrome where playback was not within a user interaction.","timestamp":"2025-11-15T21:34:27.670Z"}
{"screenId":"3","vn":"681012160536640","action":"load_start","audioUrl":"http://IPV4:PORT/audio/male/prefix.mp3","message":"กำลังโหลดไฟล์เสียง: /audio/male/prefix.mp3","timestamp":"2025-11-15T21:37:35.396Z"}
{"screenId":"3","vn":"681012160536640","action":"play_start","audioUrl":"http://IPV4:PORT/audio/male/prefix.mp3","message":"เริ่มเล่นไฟล์เสียง: /audio/male/prefix.mp3","timestamp":"2025-11-15T21:37:35.525Z"}
{"screenId":"3","vn":"681012160536640","action":"load_success","audioUrl":"http://IPV4:PORT/audio/male/prefix.mp3","message":"โหลดไฟล์เสียงสำเร็จ: /audio/male/prefix.mp3","timestamp":"2025-11-15T21:37:35.540Z"}
{"screenId":"3","vn":"681012160536640","action":"play_error","audioUrl":"http://IPV4:PORT/audio/male/prefix.mp3","message":"เกิดข้อผิดพลาดในการเล่นไฟล์เสียง: /audio/male/prefix.mp3","error":"Playback was unable to start. This is most commonly an issue on mobile devices and Chrome where playback was not within a user interaction.","timestamp":"2025-11-15T21:37:35.556Z"}
{"screenId":"3","vn":"681012160536640","action":"load_start","audioUrl":"http://IPV4:PORT/audio/male/A.mp3","message":"กำลังโหลดไฟล์เสียง: /audio/male/A.mp3","timestamp":"2025-11-15T21:37:35.568Z"}
{"screenId":"3","vn":"681012160536640","action":"play_error","audioUrl":"http://IPV4:PORT/audio/male/prefix.mp3","message":"เกิดข้อผิดพลาดในการเล่นไฟล์เสียง: /audio/male/prefix.mp3","error":"Playback was unable to start. This is most commonly an issue on mobile devices and Chrome where playback was not within a user interaction.","timestamp":"2025-11-15T21:37:35.586Z"}
{"screenId":"3","vn":"681012160536640","action":"load_start","audioUrl":"http://IPV4:PORT/audio/male/0.mp3","message":"กำลังโหลดไฟล์เสียง: /audio/male/0.mp3","timestamp":"2025-11-15T21:37:35.606Z"}
{"screenId":"3","vn":"681012160536640","action":"play_start","audioUrl":"http://IPV4:PORT/audio/male/A.mp3","message":"เริ่มเล่นไฟล์เสียง: /audio/male/A.mp3","timestamp":"2025-11-15T21:37:35.720Z"}
{"screenId":"3","vn":"681012160536640","action":"load_start","audioUrl":"http://IPV4:PORT/audio/male/0.mp3","message":"กำลังโหลดไฟล์เสียง: /audio/male/0.mp3","timestamp":"2025-11-15T21:37:35.954Z"}
{"screenId":"3","vn":"681012160536640","action":"load_success","audioUrl":"http://IPV4:PORT/audio/male/A.mp3","message":"โหลดไฟล์เสียงสำเร็จ: /audio/male/A.mp3","timestamp":"2025-11-15T21:37:35.773Z"}
{"screenId":"3","vn":"681012160536640","action":"play_error","audioUrl":"http://IPV4:PORT/audio/male/A.mp3","message":"เกิดข้อผิดพลาดในการเล่นไฟล์เสียง: /audio/male/A.mp3","error":"Playback was unable to start. This is most commonly an issue on mobile devices and Chrome where playback was not within a user interaction.","timestamp":"2025-11-15T21:37:35.803Z"}
{"screenId":"3","vn":"681012160536640","action":"play_error","audioUrl":"http://IPV4:PORT/audio/male/A.mp3","message":"เกิดข้อผิดพลาดในการเล่นไฟล์เสียง: /audio/male/A.mp3","error":"Playback was unable to start. This is most commonly an issue on mobile devices and Chrome where playback was not within a user interaction.","timestamp":"2025-11-15T21:37:36.203Z"}
{"screenId":"3","vn":"681012160536640","action":"load_start","audioUrl":"http://IPV4:PORT/audio/male/1.mp3","message":"กำลังโหลดไฟล์เสียง: /audio/male/1.mp3","timestamp":"2025-11-15T21:37:36.372Z"}
{"screenId":"3","vn":"681012160536640","action":"play_error","audioUrl":"http://IPV4:PORT/audio/male/0.mp3","message":"เกิดข้อผิดพลาดในการเล่นไฟล์เสียง: /audio/male/0.mp3","error":"Playback was unable to start. This is most commonly an issue on mobile devices and Chrome where playback was not within a user interaction.","timestamp":"2025-11-15T21:37:49.685Z"}
{"screenId":"3","vn":"681012160536640","action":"load_start","audioUrl":"http://IPV4:PORT/audio/cache/male/%E0%B8%8A%E0%B9%88%E0%B8%AD%E0%B8%87%E0%B8%A3%E0%B8%B1%E0%B8%9A%E0%B8%A2%E0%B8%B21.mp3","message":"กำลังโหลดไฟล์เสียง: /audio/cache/male/%E0%B8%8A%E0%B9%88%E0%B8%AD%E0%B8%87%E0%B8%A3%E0%B8%B1%E0%B8%9A%E0%B8%A2%E0%B8%B21.mp3","timestamp":"2025-11-15T21:37:49.688Z"}
{"screenId":"3","vn":"681012160536640","action":"load_success","audioUrl":"http://IPV4:PORT/audio/male/0.mp3","message":"โหลดไฟล์เสียงสำเร็จ: /audio/male/0.mp3","timestamp":"2025-11-15T21:37:49.646Z"}
{"screenId":"3","vn":"681012160536640","action":"play_start","audioUrl":"http://IPV4:PORT/audio/male/0.mp3","message":"เริ่มเล่นไฟล์เสียง: /audio/male/0.mp3","timestamp":"2025-11-15T21:37:49.639Z"}
{"screenId":"3","vn":"681012160536640","action":"play_error","audioUrl":"http://IPV4:PORT/audio/male/0.mp3","message":"เกิดข้อผิดพลาดในการเล่นไฟล์เสียง: /audio/male/0.mp3","error":"Playback was unable to start. This is most commonly an issue on mobile devices and Chrome where playback was not within a user interaction.","timestamp":"2025-11-15T21:37:49.732Z"}
{"screenId":"3","vn":"681012160536640","action":"play_start","audioUrl":"http://IPV4:PORT/audio/male/0.mp3","message":"เริ่มเล่นไฟล์เสียง: /audio/male/0.mp3","timestamp":"2025-11-15T21:37:50.021Z"}
{"screenId":"3","vn":"681012160536640","action":"play_start","audioUrl":"http://IPV4:PORT/audio/cache/male/%E0%B8%8A%E0%B9%88%E0%B8%AD%E0%B8%87%E0%B8%A3%E0%B8%B1%E0%B8%9A%E0%B8%A2%E0%B8%B21.mp3","message":"เริ่มเล่นไฟล์เสียง: /audio/cache/male/%E0%B8%8A%E0%B9%88%E0%B8%AD%E0%B8%87%E0%B8%A3%E0%B8%B1%E0%B8%9A%E0%B8%A2%E0%B8%B21.mp3","timestamp":"2025-11-15T21:37:50.042Z"}
{"screenId":"3","vn":"681012160536640","action":"load_success","audioUrl":"http://IPV4:PORT/audio/male/0.mp3","message":"โหลดไฟล์เสียงสำเร็จ: /audio/male/0.mp3","timestamp":"2025-11-15T21:37:50.039Z"}
{"screenId":"3","vn":"681012160536640","action":"play_start","audioUrl":"http://IPV4:PORT/audio/male/1.mp3","message":"เริ่มเล่นไฟล์เสียง: /audio/male/1.mp3","timestamp":"2025-11-15T21:37:50.055Z"}
{"screenId":"3","vn":"681012160536640","action":"load_success","audioUrl":"http://IPV4:PORT/audio/cache/male/%E0%B8%8A%E0%B9%88%E0%B8%AD%E0%B8%87%E0%B8%A3%E0%B8%B1%E0%B8%9A%E0%B8%A2%E0%B8%B21.mp3","message":"โหลดไฟล์เสียงสำเร็จ: /audio/cache/male/%E0%B8%8A%E0%B9%88%E0%B8%AD%E0%B8%87%E0%B8%A3%E0%B8%B1%E0%B8%9A%E0%B8%A2%E0%B8%B21.mp3","timestamp":"2025-11-15T21:37:50.050Z"}
{"screenId":"3","vn":"681012160536640","action":"load_success","audioUrl":"http://IPV4:PORT/audio/male/1.mp3","message":"โหลดไฟล์เสียงสำเร็จ: /audio/male/1.mp3","timestamp":"2025-11-15T21:37:50.069Z"}
{"screenId":"3","vn":"681012160536640","action":"play_error","audioUrl":"http://IPV4:PORT/audio/male/0.mp3","message":"เกิดข้อผิดพลาดในการเล่นไฟล์เสียง: /audio/male/0.mp3","error":"Playback was unable to start. This is most commonly an issue on mobile devices and Chrome where playback was not within a user interaction.","timestamp":"2025-11-15T21:37:50.073Z"}
{"screenId":"3","vn":"681012160536640","action":"play_error","audioUrl":"http://IPV4:PORT/audio/cache/male/%E0%B8%8A%E0%B9%88%E0%B8%AD%E0%B8%87%E0%B8%A3%E0%B8%B1%E0%B8%9A%E0%B8%A2%E0%B8%B21.mp3","message":"เกิดข้อผิดพลาดในการเล่นไฟล์เสียง: /audio/cache/male/%E0%B8%8A%E0%B9%88%E0%B8%AD%E0%B8%87%E0%B8%A3%E0%B8%B1%E0%B8%9A%E0%B8%A2%E0%B8%B21.mp3","error":"Playback was unable to start. This is most commonly an issue on mobile devices and Chrome where playback was not within a user interaction.","timestamp":"2025-11-15T21:37:50.087Z"}
{"screenId":"3","vn":"681012160536640","action":"play_error","audioUrl":"http://IPV4:PORT/audio/male/0.mp3","message":"เกิดข้อผิดพลาดในการเล่นไฟล์เสียง: /audio/male/0.mp3","error":"Playback was unable to start. This is most commonly an issue on mobile devices and Chrome where playback was not within a user interaction.","timestamp":"2025-11-15T21:37:50.084Z"}
{"screenId":"3","vn":"681012160536640","action":"play_error","audioUrl":"http://IPV4:PORT/audio/cache/male/%E0%B8%8A%E0%B9%88%E0%B8%AD%E0%B8%87%E0%B8%A3%E0%B8%B1%E0%B8%9A%E0%B8%A2%E0%B8%B21.mp3","message":"เกิดข้อผิดพลาดในการเล่นไฟล์เสียง: /audio/cache/male/%E0%B8%8A%E0%B9%88%E0%B8%AD%E0%B8%87%E0%B8%A3%E0%B8%B1%E0%B8%9A%E0%B8%A2%E0%B8%B21.mp3","error":"Playback was unable to start. This is most commonly an issue on mobile devices and Chrome where playback was not within a user interaction.","timestamp":"2025-11-15T21:37:50.096Z"}
{"screenId":"3","vn":"681012160536640","action":"play_error","audioUrl":"http://IPV4:PORT/audio/male/1.mp3","message":"เกิดข้อผิดพลาดในการเล่นไฟล์เสียง: /audio/male/1.mp3","error":"Playback was unable to start. This is most commonly an issue on mobile devices and Chrome where playback was not within a user interaction.","timestamp":"2025-11-15T21:37:50.099Z"}
{"screenId":"3","vn":"681012160536640","action":"play_error","audioUrl":"http://IPV4:PORT/audio/male/1.mp3","message":"เกิดข้อผิดพลาดในการเล่นไฟล์เสียง: /audio/male/1.mp3","error":"Playback was unable to start. This is most commonly an issue on mobile devices and Chrome where playback was not within a user interaction.","timestamp":"2025-11-15T21:37:50.102Z"}
{"screenId":"3","vn":"681012160536640","action":"load_start","audioUrl":"http://IPV4:PORT/audio/male/prefix.mp3","message":"กำลังโหลดไฟล์เสียง: /audio/male/prefix.mp3","timestamp":"2025-11-15T21:37:54.623Z"}
{"screenId":"3","vn":"681012160536640","action":"play_start","audioUrl":"http://IPV4:PORT/audio/male/prefix.mp3","message":"เริ่มเล่นไฟล์เสียง: /audio/male/prefix.mp3","timestamp":"2025-11-15T21:38:04.753Z"}
{"screenId":"3","vn":"681012160536640","action":"load_success","audioUrl":"http://IPV4:PORT/audio/male/prefix.mp3","message":"โหลดไฟล์เสียงสำเร็จ: /audio/male/prefix.mp3","timestamp":"2025-11-15T21:38:04.761Z"}
{"screenId":"3","vn":"681012160536640","action":"play_error","audioUrl":"http://IPV4:PORT/audio/male/prefix.mp3","message":"เกิดข้อผิดพลาดในการเล่นไฟล์เสียง: /audio/male/prefix.mp3","error":"Playback was unable to start. This is most commonly an issue on mobile devices and Chrome where playback was not within a user interaction.","timestamp":"2025-11-15T21:38:04.818Z"}
{"screenId":"3","vn":"681012160536640","action":"load_start","audioUrl":"http://IPV4:PORT/audio/male/A.mp3","message":"กำลังโหลดไฟล์เสียง: /audio/male/A.mp3","timestamp":"2025-11-15T21:38:04.866Z"}
{"screenId":"3","vn":"681012160536640","action":"play_error","audioUrl":"http://IPV4:PORT/audio/male/prefix.mp3","message":"เกิดข้อผิดพลาดในการเล่นไฟล์เสียง: /audio/male/prefix.mp3","error":"Playback was unable to start. This is most commonly an issue on mobile devices and Chrome where playback was not within a user interaction.","timestamp":"2025-11-15T21:38:04.919Z"}
{"screenId":"3","vn":"681012160536640","action":"load_start","audioUrl":"http://IPV4:PORT/audio/male/0.mp3","message":"กำลังโหลดไฟล์เสียง: /audio/male/0.mp3","timestamp":"2025-11-15T21:38:05.017Z"}
{"screenId":"3","vn":"681012160536640","action":"play_start","audioUrl":"http://IPV4:PORT/audio/male/A.mp3","message":"เริ่มเล่นไฟล์เสียง: /audio/male/A.mp3","timestamp":"2025-11-15T21:38:05.417Z"}
{"screenId":"3","vn":"681012160536640","action":"load_success","audioUrl":"http://IPV4:PORT/audio/male/A.mp3","message":"โหลดไฟล์เสียงสำเร็จ: /audio/male/A.mp3","timestamp":"2025-11-15T21:38:05.439Z"}
{"screenId":"3","vn":"681012160536640","action":"play_start","audioUrl":"http://IPV4:PORT/audio/male/0.mp3","message":"เริ่มเล่นไฟล์เสียง: /audio/male/0.mp3","timestamp":"2025-11-15T21:38:05.451Z"}
{"screenId":"3","vn":"681012160536640","action":"play_error","audioUrl":"http://IPV4:PORT/audio/male/A.mp3","message":"เกิดข้อผิดพลาดในการเล่นไฟล์เสียง: /audio/male/A.mp3","error":"Playback was unable to start. This is most commonly an issue on mobile devices and Chrome where playback was not within a user interaction.","timestamp":"2025-11-15T21:38:07.164Z"}
{"screenId":"3","vn":"681012160536640","action":"load_success","audioUrl":"http://IPV4:PORT/audio/male/0.mp3","message":"โหลดไฟล์เสียงสำเร็จ: /audio/male/0.mp3","timestamp":"2025-11-15T21:38:05.454Z"}
{"screenId":"3","vn":"681012160536640","action":"load_start","audioUrl":"http://IPV4:PORT/audio/male/0.mp3","message":"กำลังโหลดไฟล์เสียง: /audio/male/0.mp3","timestamp":"2025-11-15T21:38:07.418Z"}
{"screenId":"3","vn":"681012160536640","action":"load_start","audioUrl":"http://IPV4:PORT/audio/male/1.mp3","message":"กำลังโหลดไฟล์เสียง: /audio/male/1.mp3","timestamp":"2025-11-15T21:38:08.751Z"}
{"screenId":"3","vn":"681012160536640","action":"play_error","audioUrl":"http://IPV4:PORT/audio/male/0.mp3","message":"เกิดข้อผิดพลาดในการเล่นไฟล์เสียง: /audio/male/0.mp3","error":"Playback was unable to start. This is most commonly an issue on mobile devices and Chrome where playback was not within a user interaction.","timestamp":"2025-11-15T21:38:08.803Z"}
{"screenId":"3","vn":"681012160536640","action":"load_start","audioUrl":"http://IPV4:PORT/audio/cache/male/%E0%B8%8A%E0%B9%88%E0%B8%AD%E0%B8%87%E0%B8%A3%E0%B8%B1%E0%B8%9A%E0%B8%A2%E0%B8%B21.mp3","message":"กำลังโหลดไฟล์เสียง: /audio/cache/male/%E0%B8%8A%E0%B9%88%E0%B8%AD%E0%B8%87%E0%B8%A3%E0%B8%B1%E0%B8%9A%E0%B8%A2%E0%B8%B21.mp3","timestamp":"2025-11-15T21:38:08.879Z"}
{"screenId":"3","vn":"681012160536640","action":"play_error","audioUrl":"http://IPV4:PORT/audio/male/A.mp3","message":"เกิดข้อผิดพลาดในการเล่นไฟล์เสียง: /audio/male/A.mp3","error":"Playback was unable to start. This is most commonly an issue on mobile devices and Chrome where playback was not within a user interaction.","timestamp":"2025-11-15T21:38:08.748Z"}
{"screenId":"3","vn":"681012160536640","action":"play_error","audioUrl":"http://IPV4:PORT/audio/male/0.mp3","message":"เกิดข้อผิดพลาดในการเล่นไฟล์เสียง: /audio/male/0.mp3","error":"Playback was unable to start. This is most commonly an issue on mobile devices and Chrome where playback was not within a user interaction.","timestamp":"2025-11-15T21:38:08.920Z"}
{"screenId":"3","vn":"681012160536640","action":"load_start","audioUrl":"http://IPV4:PORT/audio/male/prefix.mp3","message":"กำลังโหลดไฟล์เสียง: /audio/male/prefix.mp3","timestamp":"2025-11-15T21:38:12.656Z"}
{"screenId":"3","vn":"681012160536640","action":"play_start","audioUrl":"http://IPV4:PORT/audio/male/0.mp3","message":"เริ่มเล่นไฟล์เสียง: /audio/male/0.mp3","timestamp":"2025-11-15T21:38:18.297Z"}
{"screenId":"3","vn":"681012160536640","action":"load_success","audioUrl":"http://IPV4:PORT/audio/male/0.mp3","message":"โหลดไฟล์เสียงสำเร็จ: /audio/male/0.mp3","timestamp":"2025-11-15T21:38:18.306Z"}
{"screenId":"3","vn":"681012160536640","action":"play_start","audioUrl":"http://IPV4:PORT/audio/male/1.mp3","message":"เริ่มเล่นไฟล์เสียง: /audio/male/1.mp3","timestamp":"2025-11-15T21:38:18.450Z"}
{"screenId":"3","vn":"681012160536640","action":"load_success","audioUrl":"http://IPV4:PORT/audio/cache/male/%E0%B8%8A%E0%B9%88%E0%B8%AD%E0%B8%87%E0%B8%A3%E0%B8%B1%E0%B8%9A%E0%B8%A2%E0%B8%B21.mp3","message":"โหลดไฟล์เสียงสำเร็จ: /audio/cache/male/%E0%B8%8A%E0%B9%88%E0%B8%AD%E0%B8%87%E0%B8%A3%E0%B8%B1%E0%B8%9A%E0%B8%A2%E0%B8%B21.mp3","timestamp":"2025-11-15T21:38:18.602Z"}
{"screenId":"3","vn":"681012160536640","action":"play_start","audioUrl":"http://IPV4:PORT/audio/cache/male/%E0%B8%8A%E0%B9%88%E0%B8%AD%E0%B8%87%E0%B8%A3%E0%B8%B1%E0%B8%9A%E0%B8%A2%E0%B8%B21.mp3","message":"เริ่มเล่นไฟล์เสียง: /audio/cache/male/%E0%B8%8A%E0%B9%88%E0%B8%AD%E0%B8%87%E0%B8%A3%E0%B8%B1%E0%B8%9A%E0%B8%A2%E0%B8%B21.mp3","timestamp":"2025-11-15T21:38:18.496Z"}
{"screenId":"3","vn":"681012160536640","action":"load_success","audioUrl":"http://IPV4:PORT/audio/male/1.mp3","message":"โหลดไฟล์เสียงสำเร็จ: /audio/male/1.mp3","timestamp":"2025-11-15T21:38:18.469Z"}
{"screenId":"3","vn":"681012160536640","action":"play_error","audioUrl":"http://IPV4:PORT/audio/male/0.mp3","message":"เกิดข้อผิดพลาดในการเล่นไฟล์เสียง: /audio/male/0.mp3","error":"Playback was unable to start. This is most commonly an issue on mobile devices and Chrome where playback was not within a user interaction.","timestamp":"2025-11-15T21:38:18.618Z"}
{"screenId":"3","vn":"681012160536640","action":"play_error","audioUrl":"http://IPV4:PORT/audio/male/0.mp3","message":"เกิดข้อผิดพลาดในการเล่นไฟล์เสียง: /audio/male/0.mp3","error":"Playback was unable to start. This is most commonly an issue on mobile devices and Chrome where playback was not within a user interaction.","timestamp":"2025-11-15T21:38:18.703Z"}
{"screenId":"3","vn":"681012160536640","action":"play_error","audioUrl":"http://IPV4:PORT/audio/male/1.mp3","message":"เกิดข้อผิดพลาดในการเล่นไฟล์เสียง: /audio/male/1.mp3","error":"Playback was unable to start. This is most commonly an issue on mobile devices and Chrome where playback was not within a user interaction.","timestamp":"2025-11-15T21:38:18.904Z"}
{"screenId":"3","vn":"681012160536640","action":"play_error","audioUrl":"http://IPV4:PORT/audio/cache/male/%E0%B8%8A%E0%B9%88%E0%B8%AD%E0%B8%87%E0%B8%A3%E0%B8%B1%E0%B8%9A%E0%B8%A2%E0%B8%B21.mp3","message":"เกิดข้อผิดพลาดในการเล่นไฟล์เสียง: /audio/cache/male/%E0%B8%8A%E0%B9%88%E0%B8%AD%E0%B8%87%E0%B8%A3%E0%B8%B1%E0%B8%9A%E0%B8%A2%E0%B8%B21.mp3","error":"Playback was unable to start. This is most commonly an issue on mobile devices and Chrome where playback was not within a user interaction.","timestamp":"2025-11-15T21:38:19.051Z"}
{"screenId":"3","vn":"681012160536640","action":"play_error","audioUrl":"http://IPV4:PORT/audio/cache/male/%E0%B8%8A%E0%B9%88%E0%B8%AD%E0%B8%87%E0%B8%A3%E0%B8%B1%E0%B8%9A%E0%B8%A2%E0%B8%B21.mp3","message":"เกิดข้อผิดพลาดในการเล่นไฟล์เสียง: /audio/cache/male/%E0%B8%8A%E0%B9%88%E0%B8%AD%E0%B8%87%E0%B8%A3%E0%B8%B1%E0%B8%9A%E0%B8%A2%E0%B8%B21.mp3","error":"Playback was unable to start. This is most commonly an issue on mobile devices and Chrome where playback was not within a user interaction.","timestamp":"2025-11-15T21:38:19.271Z"}
{"screenId":"3","vn":"681012160536640","action":"play_error","audioUrl":"http://IPV4:PORT/audio/male/1.mp3","message":"เกิดข้อผิดพลาดในการเล่นไฟล์เสียง: /audio/male/1.mp3","error":"Playback was unable to start. This is most commonly an issue on mobile devices and Chrome where playback was not within a user interaction.","timestamp":"2025-11-15T21:38:19.015Z"}
{"screenId":"3","vn":"681012160536640","action":"play_start","audioUrl":"http://IPV4:PORT/audio/male/prefix.mp3","message":"เริ่มเล่นไฟล์เสียง: /audio/male/prefix.mp3","timestamp":"2025-11-15T21:38:19.650Z"}
{"screenId":"3","vn":"681012160536640","action":"load_success","audioUrl":"http://IPV4:PORT/audio/male/prefix.mp3","message":"โหลดไฟล์เสียงสำเร็จ: /audio/male/prefix.mp3","timestamp":"2025-11-15T21:38:19.665Z"}
{"screenId":"3","vn":"681012160536640","action":"play_error","audioUrl":"http://IPV4:PORT/audio/male/prefix.mp3","message":"เกิดข้อผิดพลาดในการเล่นไฟล์เสียง: /audio/male/prefix.mp3","error":"Playback was unable to start. This is most commonly an issue on mobile devices and Chrome where playback was not within a user interaction.","timestamp":"2025-11-15T21:38:19.686Z"}
{"screenId":"3","vn":"681012160536640","action":"load_start","audioUrl":"http://IPV4:PORT/audio/male/0.mp3","message":"กำลังโหลดไฟล์เสียง: /audio/male/0.mp3","timestamp":"2025-11-15T21:38:19.823Z"}
{"screenId":"3","vn":"681012160536640","action":"play_error","audioUrl":"http://IPV4:PORT/audio/male/prefix.mp3","message":"เกิดข้อผิดพลาดในการเล่นไฟล์เสียง: /audio/male/prefix.mp3","error":"Playback was unable to start. This is most commonly an issue on mobile devices and Chrome where playback was not within a user interaction.","timestamp":"2025-11-15T21:38:19.747Z"}
{"screenId":"3","vn":"681012160536640","action":"load_start","audioUrl":"http://IPV4:PORT/audio/male/A.mp3","message":"กำลังโหลดไฟล์เสียง: /audio/male/A.mp3","timestamp":"2025-11-15T21:38:19.731Z"}
{"screenId":"3","vn":"681012160536640","action":"play_start","audioUrl":"http://IPV4:PORT/audio/male/A.mp3","message":"เริ่มเล่นไฟล์เสียง: /audio/male/A.mp3","timestamp":"2025-11-15T21:38:20.153Z"}
{"screenId":"3","vn":"681012160536640","action":"load_success","audioUrl":"http://IPV4:PORT/audio/male/A.mp3","message":"โหลดไฟล์เสียงสำเร็จ: /audio/male/A.mp3","timestamp":"2025-11-15T21:38:20.158Z"}
{"screenId":"3","vn":"681012160536640","action":"play_error","audioUrl":"http://IPV4:PORT/audio/male/A.mp3","message":"เกิดข้อผิดพลาดในการเล่นไฟล์เสียง: /audio/male/A.mp3","error":"Playback was unable to start. This is most commonly an issue on mobile devices and Chrome where playback was not within a user interaction.","timestamp":"2025-11-15T21:38:20.345Z"}
{"screenId":"3","vn":"681012160536640","action":"load_start","audioUrl":"http://IPV4:PORT/audio/male/1.mp3","message":"กำลังโหลดไฟล์เสียง: /audio/male/1.mp3","timestamp":"2025-11-15T21:38:20.495Z"}
{"screenId":"3","vn":"681012160536640","action":"play_error","audioUrl":"http://IPV4:PORT/audio/male/A.mp3","message":"เกิดข้อผิดพลาดในการเล่นไฟล์เสียง: /audio/male/A.mp3","error":"Playback was unable to start. This is most commonly an issue on mobile devices and Chrome where playback was not within a user interaction.","timestamp":"2025-11-15T21:38:20.470Z"}
{"screenId":"3","vn":"681012160536640","action":"load_start","audioUrl":"http://IPV4:PORT/audio/male/0.mp3","message":"กำลังโหลดไฟล์เสียง: /audio/male/0.mp3","timestamp":"2025-11-15T21:38:20.403Z"}
{"screenId":"3","vn":"681012160536640","action":"play_start","audioUrl":"http://IPV4:PORT/audio/male/0.mp3","message":"เริ่มเล่นไฟล์เสียง: /audio/male/0.mp3","timestamp":"2025-11-15T21:38:32.148Z"}
{"screenId":"3","vn":"681012160536640","action":"load_success","audioUrl":"http://IPV4:PORT/audio/male/0.mp3","message":"โหลดไฟล์เสียงสำเร็จ: /audio/male/0.mp3","timestamp":"2025-11-15T21:38:32.152Z"}
{"screenId":"3","vn":"681012160536640","action":"play_error","audioUrl":"http://IPV4:PORT/audio/male/0.mp3","message":"เกิดข้อผิดพลาดในการเล่นไฟล์เสียง: /audio/male/0.mp3","error":"Playback was unable to start. This is most commonly an issue on mobile devices and Chrome where playback was not within a user interaction.","timestamp":"2025-11-15T21:38:32.164Z"}
{"screenId":"3","vn":"681012160536640","action":"play_error","audioUrl":"http://IPV4:PORT/audio/male/0.mp3","message":"เกิดข้อผิดพลาดในการเล่นไฟล์เสียง: /audio/male/0.mp3","error":"Playback was unable to start. This is most commonly an issue on mobile devices and Chrome where playback was not within a user interaction.","timestamp":"2025-11-15T21:38:32.206Z"}
{"screenId":"3","vn":"681012160536640","action":"load_start","audioUrl":"http://IPV4:PORT/audio/cache/male/%E0%B8%8A%E0%B9%88%E0%B8%AD%E0%B8%87%E0%B8%A3%E0%B8%B1%E0%B8%9A%E0%B8%A2%E0%B8%B21.mp3","message":"กำลังโหลดไฟล์เสียง: /audio/cache/male/%E0%B8%8A%E0%B9%88%E0%B8%AD%E0%B8%87%E0%B8%A3%E0%B8%B1%E0%B8%9A%E0%B8%A2%E0%B8%B21.mp3","timestamp":"2025-11-15T21:38:32.169Z"}
{"screenId":"3","vn":"681012160536640","action":"play_start","audioUrl":"http://IPV4:PORT/audio/male/0.mp3","message":"เริ่มเล่นไฟล์เสียง: /audio/male/0.mp3","timestamp":"2025-11-15T21:38:33.407Z"}
{"screenId":"3","vn":"681012160536640","action":"play_start","audioUrl":"http://IPV4:PORT/audio/male/1.mp3","message":"เริ่มเล่นไฟล์เสียง: /audio/male/1.mp3","timestamp":"2025-11-15T21:38:33.552Z"}
{"screenId":"3","vn":"681012160536640","action":"load_success","audioUrl":"http://IPV4:PORT/audio/male/1.mp3","message":"โหลดไฟล์เสียงสำเร็จ: /audio/male/1.mp3","timestamp":"2025-11-15T21:38:34.547Z"}
{"screenId":"3","vn":"681012160536640","action":"load_success","audioUrl":"http://IPV4:PORT/audio/male/0.mp3","message":"โหลดไฟล์เสียงสำเร็จ: /audio/male/0.mp3","timestamp":"2025-11-15T21:38:33.427Z"}
{"screenId":"3","vn":"681012160536640","action":"play_error","audioUrl":"http://IPV4:PORT/audio/male/0.mp3","message":"เกิดข้อผิดพลาดในการเล่นไฟล์เสียง: /audio/male/0.mp3","error":"Playback was unable to start. This is most commonly an issue on mobile devices and Chrome where playback was not within a user interaction.","timestamp":"2025-11-15T21:38:36.944Z"}
{"screenId":"3","vn":"681012160536640","action":"play_error","audioUrl":"http://IPV4:PORT/audio/male/0.mp3","message":"เกิดข้อผิดพลาดในการเล่นไฟล์เสียง: /audio/male/0.mp3","error":"Playback was unable to start. This is most commonly an issue on mobile devices and Chrome where playback was not within a user interaction.","timestamp":"2025-11-15T21:38:35.085Z"}
{"screenId":"3","vn":"681012160536640","action":"play_error","audioUrl":"http://IPV4:PORT/audio/male/1.mp3","message":"เกิดข้อผิดพลาดในการเล่นไฟล์เสียง: /audio/male/1.mp3","error":"Playback was unable to start. This is most commonly an issue on mobile devices and Chrome where playback was not within a user interaction.","timestamp":"2025-11-15T21:38:36.947Z"}
{"screenId":"3","vn":"681012160536640","action":"play_error","audioUrl":"http://IPV4:PORT/audio/male/1.mp3","message":"เกิดข้อผิดพลาดในการเล่นไฟล์เสียง: /audio/male/1.mp3","error":"Playback was unable to start. This is most commonly an issue on mobile devices and Chrome where playback was not within a user interaction.","timestamp":"2025-11-15T21:38:37.054Z"}
{"screenId":"3","vn":"681012160536640","action":"load_start","audioUrl":"http://IPV4:PORT/audio/male/prefix.mp3","message":"กำลังโหลดไฟล์เสียง: /audio/male/prefix.mp3","timestamp":"2025-11-15T21:38:37.396Z"}
{"screenId":"3","vn":"681012160536640","action":"play_start","audioUrl":"http://IPV4:PORT/audio/cache/male/%E0%B8%8A%E0%B9%88%E0%B8%AD%E0%B8%87%E0%B8%A3%E0%B8%B1%E0%B8%9A%E0%B8%A2%E0%B8%B21.mp3","message":"เริ่มเล่นไฟล์เสียง: /audio/cache/male/%E0%B8%8A%E0%B9%88%E0%B8%AD%E0%B8%87%E0%B8%A3%E0%B8%B1%E0%B8%9A%E0%B8%A2%E0%B8%B21.mp3","timestamp":"2025-11-15T21:38:41.043Z"}
{"screenId":"3","vn":"681012160536640","action":"load_success","audioUrl":"http://IPV4:PORT/audio/cache/male/%E0%B8%8A%E0%B9%88%E0%B8%AD%E0%B8%87%E0%B8%A3%E0%B8%B1%E0%B8%9A%E0%B8%A2%E0%B8%B21.mp3","message":"โหลดไฟล์เสียงสำเร็จ: /audio/cache/male/%E0%B8%8A%E0%B9%88%E0%B8%AD%E0%B8%87%E0%B8%A3%E0%B8%B1%E0%B8%9A%E0%B8%A2%E0%B8%B21.mp3","timestamp":"2025-11-15T21:38:41.147Z"}
{"screenId":"3","vn":"681012160536640","action":"play_error","audioUrl":"http://IPV4:PORT/audio/cache/male/%E0%B8%8A%E0%B9%88%E0%B8%AD%E0%B8%87%E0%B8%A3%E0%B8%B1%E0%B8%9A%E0%B8%A2%E0%B8%B21.mp3","message":"เกิดข้อผิดพลาดในการเล่นไฟล์เสียง: /audio/cache/male/%E0%B8%8A%E0%B9%88%E0%B8%AD%E0%B8%87%E0%B8%A3%E0%B8%B1%E0%B8%9A%E0%B8%A2%E0%B8%B21.mp3","error":"Playback was unable to start. This is most commonly an issue on mobile devices and Chrome where playback was not within a user interaction.","timestamp":"2025-11-15T21:38:41.289Z"}
{"screenId":"3","vn":"681012160536640","action":"play_error","audioUrl":"http://IPV4:PORT/audio/cache/male/%E0%B8%8A%E0%B9%88%E0%B8%AD%E0%B8%87%E0%B8%A3%E0%B8%B1%E0%B8%9A%E0%B8%A2%E0%B8%B21.mp3","message":"เกิดข้อผิดพลาดในการเล่นไฟล์เสียง: /audio/cache/male/%E0%B8%8A%E0%B9%88%E0%B8%AD%E0%B8%87%E0%B8%A3%E0%B8%B1%E0%B8%9A%E0%B8%A2%E0%B8%B21.mp3","error":"Playback was unable to start. This is most commonly an issue on mobile devices and Chrome where playback was not within a user interaction.","timestamp":"2025-11-15T21:38:41.420Z"}
{"screenId":"3","vn":"681012160536640","action":"play_start","audioUrl":"http://IPV4:PORT/audio/male/prefix.mp3","message":"เริ่มเล่นไฟล์เสียง: /audio/male/prefix.mp3","timestamp":"2025-11-15T21:38:45.897Z"}
{"screenId":"3","vn":"681012160536640","action":"load_success","audioUrl":"http://IPV4:PORT/audio/male/prefix.mp3","message":"โหลดไฟล์เสียงสำเร็จ: /audio/male/prefix.mp3","timestamp":"2025-11-15T21:38:46.082Z"}
{"screenId":"3","vn":"681012160536640","action":"play_error","audioUrl":"http://IPV4:PORT/audio/male/prefix.mp3","message":"เกิดข้อผิดพลาดในการเล่นไฟล์เสียง: /audio/male/prefix.mp3","error":"Playback was unable to start. This is most commonly an issue on mobile devices and Chrome where playback was not within a user interaction.","timestamp":"2025-11-15T21:38:46.409Z"}
{"screenId":"3","vn":"681012160536640","action":"load_start","audioUrl":"http://IPV4:PORT/audio/male/A.mp3","message":"กำลังโหลดไฟล์เสียง: /audio/male/A.mp3","timestamp":"2025-11-15T21:38:46.455Z"}
{"screenId":"3","vn":"681012160536640","action":"play_error","audioUrl":"http://IPV4:PORT/audio/male/prefix.mp3","message":"เกิดข้อผิดพลาดในการเล่นไฟล์เสียง: /audio/male/prefix.mp3","error":"Playback was unable to start. This is most commonly an issue on mobile devices and Chrome where playback was not within a user interaction.","timestamp":"2025-11-15T21:38:47.001Z"}
{"screenId":"3","vn":"681012160536640","action":"load_start","audioUrl":"http://IPV4:PORT/audio/male/0.mp3","message":"กำลังโหลดไฟล์เสียง: /audio/male/0.mp3","timestamp":"2025-11-15T21:38:47.101Z"}
{"screenId":"3","vn":"681012160536640","action":"play_start","audioUrl":"http://IPV4:PORT/audio/male/A.mp3","message":"เริ่มเล่นไฟล์เสียง: /audio/male/A.mp3","timestamp":"2025-11-15T21:38:50.364Z"}
{"screenId":"3","vn":"681012160536640","action":"load_success","audioUrl":"http://IPV4:PORT/audio/male/A.mp3","message":"โหลดไฟล์เสียงสำเร็จ: /audio/male/A.mp3","timestamp":"2025-11-15T21:38:50.416Z"}
{"screenId":"3","vn":"681012160536640","action":"play_start","audioUrl":"http://IPV4:PORT/audio/male/0.mp3","message":"เริ่มเล่นไฟล์เสียง: /audio/male/0.mp3","timestamp":"2025-11-15T21:38:50.483Z"}
{"screenId":"3","vn":"681012160536640","action":"load_success","audioUrl":"http://IPV4:PORT/audio/male/0.mp3","message":"โหลดไฟล์เสียงสำเร็จ: /audio/male/0.mp3","timestamp":"2025-11-15T21:38:50.535Z"}
{"screenId":"3","vn":"681012160536640","action":"play_error","audioUrl":"http://IPV4:PORT/audio/male/A.mp3","message":"เกิดข้อผิดพลาดในการเล่นไฟล์เสียง: /audio/male/A.mp3","error":"Playback was unable to start. This is most commonly an issue on mobile devices and Chrome where playback was not within a user interaction.","timestamp":"2025-11-15T21:38:50.579Z"}
{"screenId":"3","vn":"681012160536640","action":"load_start","audioUrl":"http://IPV4:PORT/audio/male/0.mp3","message":"กำลังโหลดไฟล์เสียง: /audio/male/0.mp3","timestamp":"2025-11-15T21:38:50.596Z"}
{"screenId":"3","vn":"681012160536640","action":"play_error","audioUrl":"http://IPV4:PORT/audio/male/A.mp3","message":"เกิดข้อผิดพลาดในการเล่นไฟล์เสียง: /audio/male/A.mp3","error":"Playback was unable to start. This is most commonly an issue on mobile devices and Chrome where playback was not within a user interaction.","timestamp":"2025-11-15T21:38:50.633Z"}
{"screenId":"3","vn":"681012160536640","action":"load_start","audioUrl":"http://IPV4:PORT/audio/male/1.mp3","message":"กำลังโหลดไฟล์เสียง: /audio/male/1.mp3","timestamp":"2025-11-15T21:38:50.648Z"}
{"screenId":"3","vn":"681012160536640","action":"play_error","audioUrl":"http://IPV4:PORT/audio/male/0.mp3","message":"เกิดข้อผิดพลาดในการเล่นไฟล์เสียง: /audio/male/0.mp3","error":"Playback was unable to start. This is most commonly an issue on mobile devices and Chrome where playback was not within a user interaction.","timestamp":"2025-11-15T21:38:50.671Z"}
{"screenId":"3","vn":"681012160536640","action":"load_start","audioUrl":"http://IPV4:PORT/audio/cache/male/%E0%B8%8A%E0%B9%88%E0%B8%AD%E0%B8%87%E0%B8%A3%E0%B8%B1%E0%B8%9A%E0%B8%A2%E0%B8%B21.mp3","message":"กำลังโหลดไฟล์เสียง: /audio/cache/male/%E0%B8%8A%E0%B9%88%E0%B8%AD%E0%B8%87%E0%B8%A3%E0%B8%B1%E0%B8%9A%E0%B8%A2%E0%B8%B21.mp3","timestamp":"2025-11-15T21:38:50.718Z"}
{"screenId":"3","vn":"681012160536640","action":"play_error","audioUrl":"http://IPV4:PORT/audio/male/0.mp3","message":"เกิดข้อผิดพลาดในการเล่นไฟล์เสียง: /audio/male/0.mp3","error":"Playback was unable to start. This is most commonly an issue on mobile devices and Chrome where playback was not within a user interaction.","timestamp":"2025-11-15T21:38:50.852Z"}
{"screenId":"3","vn":"681012160536640","action":"load_start","audioUrl":"http://IPV4:PORT/audio/male/prefix.mp3","message":"กำลังโหลดไฟล์เสียง: /audio/male/prefix.mp3","timestamp":"2025-11-15T21:38:55.770Z"}
{"screenId":"3","vn":"681012160536640","action":"play_start","audioUrl":"http://IPV4:PORT/audio/male/0.mp3","message":"เริ่มเล่นไฟล์เสียง: /audio/male/0.mp3","timestamp":"2025-11-15T21:38:58.585Z"}
{"screenId":"3","vn":"681012160536640","action":"load_success","audioUrl":"http://IPV4:PORT/audio/male/0.mp3","message":"โหลดไฟล์เสียงสำเร็จ: /audio/male/0.mp3","timestamp":"2025-11-15T21:38:58.601Z"}
{"screenId":"3","vn":"681012160536640","action":"play_start","audioUrl":"http://IPV4:PORT/audio/male/1.mp3","message":"เริ่มเล่นไฟล์เสียง: /audio/male/1.mp3","timestamp":"2025-11-15T21:38:58.683Z"}
{"screenId":"3","vn":"681012160536640","action":"play_error","audioUrl":"http://IPV4:PORT/audio/male/0.mp3","message":"เกิดข้อผิดพลาดในการเล่นไฟล์เสียง: /audio/male/0.mp3","error":"Playback was unable to start. This is most commonly an issue on mobile devices and Chrome where playback was not within a user interaction.","timestamp":"2025-11-15T21:38:59.349Z"}
{"screenId":"3","vn":"681012160536640","action":"load_success","audioUrl":"http://IPV4:PORT/audio/male/1.mp3","message":"โหลดไฟล์เสียงสำเร็จ: /audio/male/1.mp3","timestamp":"2025-11-15T21:38:59.330Z"}
{"screenId":"3","vn":"681012160536640","action":"play_error","audioUrl":"http://IPV4:PORT/audio/male/0.mp3","message":"เกิดข้อผิดพลาดในการเล่นไฟล์เสียง: /audio/male/0.mp3","error":"Playback was unable to start. This is most commonly an issue on mobile devices and Chrome where playback was not within a user interaction.","timestamp":"2025-11-15T21:39:00.153Z"}
{"screenId":"3","vn":"681012160536640","action":"play_error","audioUrl":"http://IPV4:PORT/audio/male/1.mp3","message":"เกิดข้อผิดพลาดในการเล่นไฟล์เสียง: /audio/male/1.mp3","error":"Playback was unable to start. This is most commonly an issue on mobile devices and Chrome where playback was not within a user interaction.","timestamp":"2025-11-15T21:39:00.243Z"}
{"screenId":"3","vn":"681012160536640","action":"play_error","audioUrl":"http://IPV4:PORT/audio/male/1.mp3","message":"เกิดข้อผิดพลาดในการเล่นไฟล์เสียง: /audio/male/1.mp3","error":"Playback was unable to start. This is most commonly an issue on mobile devices and Chrome where playback was not within a user interaction.","timestamp":"2025-11-15T21:39:00.298Z"}
{"screenId":"3","vn":"681012160536640","action":"play_start","audioUrl":"http://IPV4:PORT/audio/male/prefix.mp3","message":"เริ่มเล่นไฟล์เสียง: /audio/male/prefix.mp3","timestamp":"2025-11-15T21:39:04.614Z"}
{"screenId":"3","vn":"681012160536640","action":"load_success","audioUrl":"http://IPV4:PORT/audio/male/prefix.mp3","message":"โหลดไฟล์เสียงสำเร็จ: /audio/male/prefix.mp3","timestamp":"2025-11-15T21:39:04.701Z"}
{"screenId":"3","vn":"681012160536640","action":"play_error","audioUrl":"http://IPV4:PORT/audio/male/prefix.mp3","message":"เกิดข้อผิดพลาดในการเล่นไฟล์เสียง: /audio/male/prefix.mp3","error":"Playback was unable to start. This is most commonly an issue on mobile devices and Chrome where playback was not within a user interaction.","timestamp":"2025-11-15T21:39:04.821Z"}
{"screenId":"3","vn":"681012160536640","action":"load_start","audioUrl":"http://IPV4:PORT/audio/male/A.mp3","message":"กำลังโหลดไฟล์เสียง: /audio/male/A.mp3","timestamp":"2025-11-15T21:39:04.847Z"}
{"screenId":"3","vn":"681012160536640","action":"play_error","audioUrl":"http://IPV4:PORT/audio/male/prefix.mp3","message":"เกิดข้อผิดพลาดในการเล่นไฟล์เสียง: /audio/male/prefix.mp3","error":"Playback was unable to start. This is most commonly an issue on mobile devices and Chrome where playback was not within a user interaction.","timestamp":"2025-11-15T21:39:04.921Z"}
{"screenId":"3","vn":"681012160536640","action":"load_start","audioUrl":"http://IPV4:PORT/audio/male/0.mp3","message":"กำลังโหลดไฟล์เสียง: /audio/male/0.mp3","timestamp":"2025-11-15T21:39:07.653Z"}
{"screenId":"3","vn":"681012160536640","action":"play_start","audioUrl":"http://IPV4:PORT/audio/cache/male/%E0%B8%8A%E0%B9%88%E0%B8%AD%E0%B8%87%E0%B8%A3%E0%B8%B1%E0%B8%9A%E0%B8%A2%E0%B8%B21.mp3","message":"เริ่มเล่นไฟล์เสียง: /audio/cache/male/%E0%B8%8A%E0%B9%88%E0%B8%AD%E0%B8%87%E0%B8%A3%E0%B8%B1%E0%B8%9A%E0%B8%A2%E0%B8%B21.mp3","timestamp":"2025-11-15T21:39:10.335Z"}
{"screenId":"3","vn":"681012160536640","action":"load_success","audioUrl":"http://IPV4:PORT/audio/cache/male/%E0%B8%8A%E0%B9%88%E0%B8%AD%E0%B8%87%E0%B8%A3%E0%B8%B1%E0%B8%9A%E0%B8%A2%E0%B8%B21.mp3","message":"โหลดไฟล์เสียงสำเร็จ: /audio/cache/male/%E0%B8%8A%E0%B9%88%E0%B8%AD%E0%B8%87%E0%B8%A3%E0%B8%B1%E0%B8%9A%E0%B8%A2%E0%B8%B21.mp3","timestamp":"2025-11-15T21:39:10.345Z"}
{"screenId":"3","vn":"681012160536640","action":"play_error","audioUrl":"http://IPV4:PORT/audio/cache/male/%E0%B8%8A%E0%B9%88%E0%B8%AD%E0%B8%87%E0%B8%A3%E0%B8%B1%E0%B8%9A%E0%B8%A2%E0%B8%B21.mp3","message":"เกิดข้อผิดพลาดในการเล่นไฟล์เสียง: /audio/cache/male/%E0%B8%8A%E0%B9%88%E0%B8%AD%E0%B8%87%E0%B8%A3%E0%B8%B1%E0%B8%9A%E0%B8%A2%E0%B8%B21.mp3","error":"Playback was unable to start. This is most commonly an issue on mobile devices and Chrome where playback was not within a user interaction.","timestamp":"2025-11-15T21:39:10.382Z"}
{"screenId":"3","vn":"681012160536640","action":"play_error","audioUrl":"http://IPV4:PORT/audio/cache/male/%E0%B8%8A%E0%B9%88%E0%B8%AD%E0%B8%87%E0%B8%A3%E0%B8%B1%E0%B8%9A%E0%B8%A2%E0%B8%B21.mp3","message":"เกิดข้อผิดพลาดในการเล่นไฟล์เสียง: /audio/cache/male/%E0%B8%8A%E0%B9%88%E0%B8%AD%E0%B8%87%E0%B8%A3%E0%B8%B1%E0%B8%9A%E0%B8%A2%E0%B8%B21.mp3","error":"Playback was unable to start. This is most commonly an issue on mobile devices and Chrome where playback was not within a user interaction.","timestamp":"2025-11-15T21:39:10.395Z"}
{"screenId":"3","vn":"681012160536640","action":"load_success","audioUrl":"http://IPV4:PORT/audio/male/A.mp3","message":"โหลดไฟล์เสียงสำเร็จ: /audio/male/A.mp3","timestamp":"2025-11-15T21:39:12.485Z"}
{"screenId":"3","vn":"681012160536640","action":"play_start","audioUrl":"http://IPV4:PORT/audio/male/A.mp3","message":"เริ่มเล่นไฟล์เสียง: /audio/male/A.mp3","timestamp":"2025-11-15T21:39:12.472Z"}
{"screenId":"3","vn":"681012160536640","action":"load_success","audioUrl":"http://IPV4:PORT/audio/male/0.mp3","message":"โหลดไฟล์เสียงสำเร็จ: /audio/male/0.mp3","timestamp":"2025-11-15T21:39:12.519Z"}
{"screenId":"3","vn":"681012160536640","action":"play_start","audioUrl":"http://IPV4:PORT/audio/male/0.mp3","message":"เริ่มเล่นไฟล์เสียง: /audio/male/0.mp3","timestamp":"2025-11-15T21:39:12.504Z"}
{"screenId":"3","vn":"681012160536640","action":"play_error","audioUrl":"http://IPV4:PORT/audio/male/A.mp3","message":"เกิดข้อผิดพลาดในการเล่นไฟล์เสียง: /audio/male/A.mp3","error":"Playback was unable to start. This is most commonly an issue on mobile devices and Chrome where playback was not within a user interaction.","timestamp":"2025-11-15T21:39:12.547Z"}
{"screenId":"3","vn":"681012160536640","action":"load_start","audioUrl":"http://IPV4:PORT/audio/male/0.mp3","message":"กำลังโหลดไฟล์เสียง: /audio/male/0.mp3","timestamp":"2025-11-15T21:39:12.554Z"}
{"screenId":"3","vn":"681012160536640","action":"play_error","audioUrl":"http://IPV4:PORT/audio/male/A.mp3","message":"เกิดข้อผิดพลาดในการเล่นไฟล์เสียง: /audio/male/A.mp3","error":"Playback was unable to start. This is most commonly an issue on mobile devices and Chrome where playback was not within a user interaction.","timestamp":"2025-11-15T21:39:12.578Z"}
{"screenId":"3","vn":"681012160536640","action":"load_start","audioUrl":"http://IPV4:PORT/audio/cache/male/%E0%B8%8A%E0%B9%88%E0%B8%AD%E0%B8%87%E0%B8%A3%E0%B8%B1%E0%B8%9A%E0%B8%A2%E0%B8%B21.mp3","message":"กำลังโหลดไฟล์เสียง: /audio/cache/male/%E0%B8%8A%E0%B9%88%E0%B8%AD%E0%B8%87%E0%B8%A3%E0%B8%B1%E0%B8%9A%E0%B8%A2%E0%B8%B21.mp3","timestamp":"2025-11-15T21:39:12.730Z"}
{"screenId":"3","vn":"681012160536640","action":"load_start","audioUrl":"http://IPV4:PORT/audio/male/1.mp3","message":"กำลังโหลดไฟล์เสียง: /audio/male/1.mp3","timestamp":"2025-11-15T21:39:12.613Z"}
{"screenId":"3","vn":"681012160536640","action":"play_error","audioUrl":"http://IPV4:PORT/audio/male/0.mp3","message":"เกิดข้อผิดพลาดในการเล่นไฟล์เสียง: /audio/male/0.mp3","error":"Playback was unable to start. This is most commonly an issue on mobile devices and Chrome where playback was not within a user interaction.","timestamp":"2025-11-15T21:39:12.714Z"}
{"screenId":"3","vn":"681012160536640","action":"play_error","audioUrl":"http://IPV4:PORT/audio/male/0.mp3","message":"เกิดข้อผิดพลาดในการเล่นไฟล์เสียง: /audio/male/0.mp3","error":"Playback was unable to start. This is most commonly an issue on mobile devices and Chrome where playback was not within a user interaction.","timestamp":"2025-11-15T21:39:12.801Z"}
{"screenId":"3","vn":"681012160536640","action":"load_start","audioUrl":"http://IPV4:PORT/audio/male/prefix.mp3","message":"กำลังโหลดไฟล์เสียง: /audio/male/prefix.mp3","timestamp":"2025-11-15T21:39:16.085Z"}
{"screenId":"3","vn":"681012160536640","action":"play_start","audioUrl":"http://IPV4:PORT/audio/male/1.mp3","message":"เริ่มเล่นไฟล์เสียง: /audio/male/1.mp3","timestamp":"2025-11-15T21:39:17.797Z"}
{"screenId":"3","vn":"681012160536640","action":"load_success","audioUrl":"http://IPV4:PORT/audio/male/1.mp3","message":"โหลดไฟล์เสียงสำเร็จ: /audio/male/1.mp3","timestamp":"2025-11-15T21:39:17.834Z"}
{"screenId":"3","vn":"681012160536640","action":"play_start","audioUrl":"http://IPV4:PORT/audio/male/0.mp3","message":"เริ่มเล่นไฟล์เสียง: /audio/male/0.mp3","timestamp":"2025-11-15T21:39:17.852Z"}
{"screenId":"3","vn":"681012160536640","action":"play_start","audioUrl":"http://IPV4:PORT/audio/cache/male/%E0%B8%8A%E0%B9%88%E0%B8%AD%E0%B8%87%E0%B8%A3%E0%B8%B1%E0%B8%9A%E0%B8%A2%E0%B8%B21.mp3","message":"เริ่มเล่นไฟล์เสียง: /audio/cache/male/%E0%B8%8A%E0%B9%88%E0%B8%AD%E0%B8%87%E0%B8%A3%E0%B8%B1%E0%B8%9A%E0%B8%A2%E0%B8%B21.mp3","timestamp":"2025-11-15T21:39:17.883Z"}
{"screenId":"3","vn":"681012160536640","action":"load_success","audioUrl":"http://IPV4:PORT/audio/male/0.mp3","message":"โหลดไฟล์เสียงสำเร็จ: /audio/male/0.mp3","timestamp":"2025-11-15T21:39:17.867Z"}
{"screenId":"3","vn":"681012160536640","action":"load_success","audioUrl":"http://IPV4:PORT/audio/cache/male/%E0%B8%8A%E0%B9%88%E0%B8%AD%E0%B8%87%E0%B8%A3%E0%B8%B1%E0%B8%9A%E0%B8%A2%E0%B8%B21.mp3","message":"โหลดไฟล์เสียงสำเร็จ: /audio/cache/male/%E0%B8%8A%E0%B9%88%E0%B8%AD%E0%B8%87%E0%B8%A3%E0%B8%B1%E0%B8%9A%E0%B8%A2%E0%B8%B21.mp3","timestamp":"2025-11-15T21:39:17.928Z"}
{"screenId":"3","vn":"681012160536640","action":"play_error","audioUrl":"http://IPV4:PORT/audio/male/1.mp3","message":"เกิดข้อผิดพลาดในการเล่นไฟล์เสียง: /audio/male/1.mp3","error":"Playback was unable to start. This is most commonly an issue on mobile devices and Chrome where playback was not within a user interaction.","timestamp":"2025-11-15T21:39:17.935Z"}
{"screenId":"3","vn":"681012160536640","action":"play_error","audioUrl":"http://IPV4:PORT/audio/male/0.mp3","message":"เกิดข้อผิดพลาดในการเล่นไฟล์เสียง: /audio/male/0.mp3","error":"Playback was unable to start. This is most commonly an issue on mobile devices and Chrome where playback was not within a user interaction.","timestamp":"2025-11-15T21:39:17.991Z"}
{"screenId":"3","vn":"681012160536640","action":"play_error","audioUrl":"http://IPV4:PORT/audio/cache/male/%E0%B8%8A%E0%B9%88%E0%B8%AD%E0%B8%87%E0%B8%A3%E0%B8%B1%E0%B8%9A%E0%B8%A2%E0%B8%B21.mp3","message":"เกิดข้อผิดพลาดในการเล่นไฟล์เสียง: /audio/cache/male/%E0%B8%8A%E0%B9%88%E0%B8%AD%E0%B8%87%E0%B8%A3%E0%B8%B1%E0%B8%9A%E0%B8%A2%E0%B8%B21.mp3","error":"Playback was unable to start. This is most commonly an issue on mobile devices and Chrome where playback was not within a user interaction.","timestamp":"2025-11-15T21:39:18.451Z"}
{"screenId":"3","vn":"681012160536640","action":"play_error","audioUrl":"http://IPV4:PORT/audio/male/1.mp3","message":"เกิดข้อผิดพลาดในการเล่นไฟล์เสียง: /audio/male/1.mp3","error":"Playback was unable to start. This is most commonly an issue on mobile devices and Chrome where playback was not within a user interaction.","timestamp":"2025-11-15T21:39:17.962Z"}
{"screenId":"3","vn":"681012160536640","action":"play_error","audioUrl":"http://IPV4:PORT/audio/male/0.mp3","message":"เกิดข้อผิดพลาดในการเล่นไฟล์เสียง: /audio/male/0.mp3","error":"Playback was unable to start. This is most commonly an issue on mobile devices and Chrome where playback was not within a user interaction.","timestamp":"2025-11-15T21:39:18.252Z"}
{"screenId":"3","vn":"681012160536640","action":"play_error","audioUrl":"http://IPV4:PORT/audio/cache/male/%E0%B8%8A%E0%B9%88%E0%B8%AD%E0%B8%87%E0%B8%A3%E0%B8%B1%E0%B8%9A%E0%B8%A2%E0%B8%B21.mp3","message":"เกิดข้อผิดพลาดในการเล่นไฟล์เสียง: /audio/cache/male/%E0%B8%8A%E0%B9%88%E0%B8%AD%E0%B8%87%E0%B8%A3%E0%B8%B1%E0%B8%9A%E0%B8%A2%E0%B8%B21.mp3","error":"Playback was unable to start. This is most commonly an issue on mobile devices and Chrome where playback was not within a user interaction.","timestamp":"2025-11-15T21:39:18.758Z"}
{"screenId":"3","vn":"681012160536640","action":"play_start","audioUrl":"http://IPV4:PORT/audio/male/prefix.mp3","message":"เริ่มเล่นไฟล์เสียง: /audio/male/prefix.mp3","timestamp":"2025-11-15T21:39:19.160Z"}
{"screenId":"3","vn":"681012160536640","action":"play_error","audioUrl":"http://IPV4:PORT/audio/male/prefix.mp3","message":"เกิดข้อผิดพลาดในการเล่นไฟล์เสียง: /audio/male/prefix.mp3","error":"Playback was unable to start. This is most commonly an issue on mobile devices and Chrome where playback was not within a user interaction.","timestamp":"2025-11-15T21:39:19.350Z"}
{"screenId":"3","vn":"681012160536640","action":"load_start","audioUrl":"http://IPV4:PORT/audio/male/A.mp3","message":"กำลังโหลดไฟล์เสียง: /audio/male/A.mp3","timestamp":"2025-11-15T21:39:19.291Z"}
{"screenId":"3","vn":"681012160536640","action":"play_error","audioUrl":"http://IPV4:PORT/audio/male/prefix.mp3","message":"เกิดข้อผิดพลาดในการเล่นไฟล์เสียง: /audio/male/prefix.mp3","error":"Playback was unable to start. This is most commonly an issue on mobile devices and Chrome where playback was not within a user interaction.","timestamp":"2025-11-15T21:39:19.250Z"}
{"screenId":"3","vn":"681012160536640","action":"load_success","audioUrl":"http://IPV4:PORT/audio/male/prefix.mp3","message":"โหลดไฟล์เสียงสำเร็จ: /audio/male/prefix.mp3","timestamp":"2025-11-15T21:39:19.189Z"}
{"screenId":"3","vn":"681012160536640","action":"load_start","audioUrl":"http://IPV4:PORT/audio/male/0.mp3","message":"กำลังโหลดไฟล์เสียง: /audio/male/0.mp3","timestamp":"2025-11-15T21:39:19.395Z"}
{"screenId":"3","vn":"681012160536640","action":"play_start","audioUrl":"http://IPV4:PORT/audio/male/A.mp3","message":"เริ่มเล่นไฟล์เสียง: /audio/male/A.mp3","timestamp":"2025-11-15T21:39:23.744Z"}
{"screenId":"3","vn":"681012160536640","action":"load_success","audioUrl":"http://IPV4:PORT/audio/male/A.mp3","message":"โหลดไฟล์เสียงสำเร็จ: /audio/male/A.mp3","timestamp":"2025-11-15T21:39:23.800Z"}
{"screenId":"3","vn":"681012160536640","action":"play_error","audioUrl":"http://IPV4:PORT/audio/male/A.mp3","message":"เกิดข้อผิดพลาดในการเล่นไฟล์เสียง: /audio/male/A.mp3","error":"Playback was unable to start. This is most commonly an issue on mobile devices and Chrome where playback was not within a user interaction.","timestamp":"2025-11-15T21:39:24.312Z"}
{"screenId":"3","vn":"681012160536640","action":"play_error","audioUrl":"http://IPV4:PORT/audio/male/A.mp3","message":"เกิดข้อผิดพลาดในการเล่นไฟล์เสียง: /audio/male/A.mp3","error":"Playback was unable to start. This is most commonly an issue on mobile devices and Chrome where playback was not within a user interaction.","timestamp":"2025-11-15T21:39:24.134Z"}
{"screenId":"3","vn":"681012160536640","action":"load_start","audioUrl":"http://IPV4:PORT/audio/male/0.mp3","message":"กำลังโหลดไฟล์เสียง: /audio/male/0.mp3","timestamp":"2025-11-15T21:39:24.268Z"}
{"screenId":"3","vn":"681012160536640","action":"load_start","audioUrl":"http://IPV4:PORT/audio/male/1.mp3","message":"กำลังโหลดไฟล์เสียง: /audio/male/1.mp3","timestamp":"2025-11-15T21:39:24.322Z"}
{"screenId":"3","vn":"681012160536640","action":"load_start","audioUrl":"http://IPV4:PORT/audio/cache/male/%E0%B8%8A%E0%B9%88%E0%B8%AD%E0%B8%87%E0%B8%A3%E0%B8%B1%E0%B8%9A%E0%B8%A2%E0%B8%B21.mp3","message":"กำลังโหลดไฟล์เสียง: /audio/cache/male/%E0%B8%8A%E0%B9%88%E0%B8%AD%E0%B8%87%E0%B8%A3%E0%B8%B1%E0%B8%9A%E0%B8%A2%E0%B8%B21.mp3","timestamp":"2025-11-15T21:39:24.476Z"}
{"screenId":"3","vn":"681012160536640","action":"load_success","audioUrl":"http://IPV4:PORT/audio/male/0.mp3","message":"โหลดไฟล์เสียงสำเร็จ: /audio/male/0.mp3","timestamp":"2025-11-15T21:39:24.455Z"}
{"screenId":"3","vn":"681012160536640","action":"play_error","audioUrl":"http://IPV4:PORT/audio/male/0.mp3","message":"เกิดข้อผิดพลาดในการเล่นไฟล์เสียง: /audio/male/0.mp3","error":"Playback was unable to start. This is most commonly an issue on mobile devices and Chrome where playback was not within a user interaction.","timestamp":"2025-11-15T21:39:24.486Z"}
{"screenId":"3","vn":"681012160536640","action":"play_start","audioUrl":"http://IPV4:PORT/audio/male/0.mp3","message":"เริ่มเล่นไฟล์เสียง: /audio/male/0.mp3","timestamp":"2025-11-15T21:39:24.440Z"}
{"screenId":"3","vn":"681012160536640","action":"play_error","audioUrl":"http://IPV4:PORT/audio/male/0.mp3","message":"เกิดข้อผิดพลาดในการเล่นไฟล์เสียง: /audio/male/0.mp3","error":"Playback was unable to start. This is most commonly an issue on mobile devices and Chrome where playback was not within a user interaction.","timestamp":"2025-11-15T21:39:24.461Z"}
{"screenId":"3","vn":"681012160536640","action":"load_success","audioUrl":"http://IPV4:PORT/audio/male/0.mp3","message":"โหลดไฟล์เสียงสำเร็จ: /audio/male/0.mp3","timestamp":"2025-11-15T21:39:25.516Z"}
{"screenId":"3","vn":"681012160536640","action":"load_success","audioUrl":"http://IPV4:PORT/audio/male/1.mp3","message":"โหลดไฟล์เสียงสำเร็จ: /audio/male/1.mp3","timestamp":"2025-11-15T21:39:25.525Z"}
{"screenId":"3","vn":"681012160536640","action":"play_start","audioUrl":"http://IPV4:PORT/audio/male/0.mp3","message":"เริ่มเล่นไฟล์เสียง: /audio/male/0.mp3","timestamp":"2025-11-15T21:39:25.505Z"}
{"screenId":"3","vn":"681012160536640","action":"play_start","audioUrl":"http://IPV4:PORT/audio/male/1.mp3","message":"เริ่มเล่นไฟล์เสียง: /audio/male/1.mp3","timestamp":"2025-11-15T21:39:25.518Z"}
{"screenId":"3","vn":"681012160536640","action":"play_error","audioUrl":"http://IPV4:PORT/audio/male/0.mp3","message":"เกิดข้อผิดพลาดในการเล่นไฟล์เสียง: /audio/male/0.mp3","error":"Playback was unable to start. This is most commonly an issue on mobile devices and Chrome where playback was not within a user interaction.","timestamp":"2025-11-15T21:39:25.547Z"}
{"screenId":"3","vn":"681012160536640","action":"play_error","audioUrl":"http://IPV4:PORT/audio/male/0.mp3","message":"เกิดข้อผิดพลาดในการเล่นไฟล์เสียง: /audio/male/0.mp3","error":"Playback was unable to start. This is most commonly an issue on mobile devices and Chrome where playback was not within a user interaction.","timestamp":"2025-11-15T21:39:25.598Z"}
{"screenId":"3","vn":"681012160536640","action":"play_error","audioUrl":"http://IPV4:PORT/audio/male/1.mp3","message":"เกิดข้อผิดพลาดในการเล่นไฟล์เสียง: /audio/male/1.mp3","error":"Playback was unable to start. This is most commonly an issue on mobile devices and Chrome where playback was not within a user interaction.","timestamp":"2025-11-15T21:39:25.604Z"}
{"screenId":"3","vn":"681012160536640","action":"play_error","audioUrl":"http://IPV4:PORT/audio/cache/male/%E0%B8%8A%E0%B9%88%E0%B8%AD%E0%B8%87%E0%B8%A3%E0%B8%B1%E0%B8%9A%E0%B8%A2%E0%B8%B21.mp3","message":"เกิดข้อผิดพลาดในการเล่นไฟล์เสียง: /audio/cache/male/%E0%B8%8A%E0%B9%88%E0%B8%AD%E0%B8%87%E0%B8%A3%E0%B8%B1%E0%B8%9A%E0%B8%A2%E0%B8%B21.mp3","error":"Playback was unable to start. This is most commonly an issue on mobile devices and Chrome where playback was not within a user interaction.","timestamp":"2025-11-15T21:39:26.459Z"}
{"screenId":"3","vn":"681012160536640","action":"play_start","audioUrl":"http://IPV4:PORT/audio/cache/male/%E0%B8%8A%E0%B9%88%E0%B8%AD%E0%B8%87%E0%B8%A3%E0%B8%B1%E0%B8%9A%E0%B8%A2%E0%B8%B21.mp3","message":"เริ่มเล่นไฟล์เสียง: /audio/cache/male/%E0%B8%8A%E0%B9%88%E0%B8%AD%E0%B8%87%E0%B8%A3%E0%B8%B1%E0%B8%9A%E0%B8%A2%E0%B8%B21.mp3","timestamp":"2025-11-15T21:39:26.435Z"}
{"screenId":"3","vn":"681012160536640","action":"play_error","audioUrl":"http://IPV4:PORT/audio/male/1.mp3","message":"เกิดข้อผิดพลาดในการเล่นไฟล์เสียง: /audio/male/1.mp3","error":"Playback was unable to start. This is most commonly an issue on mobile devices and Chrome where playback was not within a user interaction.","timestamp":"2025-11-15T21:39:25.641Z"}
{"screenId":"3","vn":"681012160536640","action":"load_success","audioUrl":"http://IPV4:PORT/audio/cache/male/%E0%B8%8A%E0%B9%88%E0%B8%AD%E0%B8%87%E0%B8%A3%E0%B8%B1%E0%B8%9A%E0%B8%A2%E0%B8%B21.mp3","message":"โหลดไฟล์เสียงสำเร็จ: /audio/cache/male/%E0%B8%8A%E0%B9%88%E0%B8%AD%E0%B8%87%E0%B8%A3%E0%B8%B1%E0%B8%9A%E0%B8%A2%E0%B8%B21.mp3","timestamp":"2025-11-15T21:39:26.448Z"}
{"screenId":"3","vn":"681012160536640","action":"play_error","audioUrl":"http://IPV4:PORT/audio/cache/male/%E0%B8%8A%E0%B9%88%E0%B8%AD%E0%B8%87%E0%B8%A3%E0%B8%B1%E0%B8%9A%E0%B8%A2%E0%B8%B21.mp3","message":"เกิดข้อผิดพลาดในการเล่นไฟล์เสียง: /audio/cache/male/%E0%B8%8A%E0%B9%88%E0%B8%AD%E0%B8%87%E0%B8%A3%E0%B8%B1%E0%B8%9A%E0%B8%A2%E0%B8%B21.mp3","error":"Playback was unable to start. This is most commonly an issue on mobile devices and Chrome where playback was not within a user interaction.","timestamp":"2025-11-15T21:39:26.479Z"}
{"screenId":"3","vn":"681012160536640","action":"load_start","audioUrl":"http://IPV4:PORT/audio/male/prefix.mp3","message":"กำลังโหลดไฟล์เสียง: /audio/male/prefix.mp3","timestamp":"2025-11-15T21:39:28.129Z"}
{"screenId":"3","vn":"681012160536640","action":"play_error","audioUrl":"http://IPV4:PORT/audio/male/prefix.mp3","message":"เกิดข้อผิดพลาดในการเล่นไฟล์เสียง: /audio/male/prefix.mp3","error":"Playback was unable to start. This is most commonly an issue on mobile devices and Chrome where playback was not within a user interaction.","timestamp":"2025-11-15T21:39:31.043Z"}
{"screenId":"3","vn":"681012160536640","action":"load_start","audioUrl":"http://IPV4:PORT/audio/male/A.mp3","message":"กำลังโหลดไฟล์เสียง: /audio/male/A.mp3","timestamp":"2025-11-15T21:39:31.054Z"}
{"screenId":"3","vn":"681012160536640","action":"load_success","audioUrl":"http://IPV4:PORT/audio/male/prefix.mp3","message":"โหลดไฟล์เสียงสำเร็จ: /audio/male/prefix.mp3","timestamp":"2025-11-15T21:39:31.018Z"}
{"screenId":"3","vn":"681012160536640","action":"play_start","audioUrl":"http://IPV4:PORT/audio/male/prefix.mp3","message":"เริ่มเล่นไฟล์เสียง: /audio/male/prefix.mp3","timestamp":"2025-11-15T21:39:31.009Z"}
{"screenId":"3","vn":"681012160536640","action":"load_success","audioUrl":"http://IPV4:PORT/audio/male/A.mp3","message":"โหลดไฟล์เสียงสำเร็จ: /audio/male/A.mp3","timestamp":"2025-11-15T21:39:33.178Z"}
{"screenId":"3","vn":"681012160536640","action":"load_start","audioUrl":"http://IPV4:PORT/audio/male/0.mp3","message":"กำลังโหลดไฟล์เสียง: /audio/male/0.mp3","timestamp":"2025-11-15T21:39:31.083Z"}
{"screenId":"3","vn":"681012160536640","action":"play_start","audioUrl":"http://IPV4:PORT/audio/male/A.mp3","message":"เริ่มเล่นไฟล์เสียง: /audio/male/A.mp3","timestamp":"2025-11-15T21:39:33.166Z"}
{"screenId":"3","vn":"681012160536640","action":"play_error","audioUrl":"http://IPV4:PORT/audio/male/prefix.mp3","message":"เกิดข้อผิดพลาดในการเล่นไฟล์เสียง: /audio/male/prefix.mp3","error":"Playback was unable to start. This is most commonly an issue on mobile devices and Chrome where playback was not within a user interaction.","timestamp":"2025-11-15T21:39:31.069Z"}
{"screenId":"3","vn":"681012160536640","action":"play_error","audioUrl":"http://IPV4:PORT/audio/male/A.mp3","message":"เกิดข้อผิดพลาดในการเล่นไฟล์เสียง: /audio/male/A.mp3","error":"Playback was unable to start. This is most commonly an issue on mobile devices and Chrome where playback was not within a user interaction.","timestamp":"2025-11-15T21:39:33.191Z"}
{"screenId":"3","vn":"681012160536640","action":"load_start","audioUrl":"http://IPV4:PORT/audio/male/0.mp3","message":"กำลังโหลดไฟล์เสียง: /audio/male/0.mp3","timestamp":"2025-11-15T21:39:33.201Z"}
{"screenId":"3","vn":"681012160536640","action":"load_start","audioUrl":"http://IPV4:PORT/audio/male/1.mp3","message":"กำลังโหลดไฟล์เสียง: /audio/male/1.mp3","timestamp":"2025-11-15T21:39:33.217Z"}
{"screenId":"3","vn":"681012160536640","action":"play_error","audioUrl":"http://IPV4:PORT/audio/male/A.mp3","message":"เกิดข้อผิดพลาดในการเล่นไฟล์เสียง: /audio/male/A.mp3","error":"Playback was unable to start. This is most commonly an issue on mobile devices and Chrome where playback was not within a user interaction.","timestamp":"2025-11-15T21:39:33.213Z"}
{"screenId":"3","vn":"681012160536640","action":"play_start","audioUrl":"http://IPV4:PORT/audio/male/0.mp3","message":"เริ่มเล่นไฟล์เสียง: /audio/male/0.mp3","timestamp":"2025-11-15T21:39:36.857Z"}
{"screenId":"3","vn":"681012160536640","action":"play_error","audioUrl":"http://IPV4:PORT/audio/male/0.mp3","message":"เกิดข้อผิดพลาดในการเล่นไฟล์เสียง: /audio/male/0.mp3","error":"Playback was unable to start. This is most commonly an issue on mobile devices and Chrome where playback was not within a user interaction.","timestamp":"2025-11-15T21:39:37.017Z"}
{"screenId":"3","vn":"681012160536640","action":"load_success","audioUrl":"http://IPV4:PORT/audio/male/0.mp3","message":"โหลดไฟล์เสียงสำเร็จ: /audio/male/0.mp3","timestamp":"2025-11-15T21:39:36.916Z"}
{"screenId":"3","vn":"681012160536640","action":"load_start","audioUrl":"http://IPV4:PORT/audio/cache/male/%E0%B8%8A%E0%B9%88%E0%B8%AD%E0%B8%87%E0%B8%A3%E0%B8%B1%E0%B8%9A%E0%B8%A2%E0%B8%B21.mp3","message":"กำลังโหลดไฟล์เสียง: /audio/cache/male/%E0%B8%8A%E0%B9%88%E0%B8%AD%E0%B8%87%E0%B8%A3%E0%B8%B1%E0%B8%9A%E0%B8%A2%E0%B8%B21.mp3","timestamp":"2025-11-15T21:39:37.324Z"}
{"screenId":"3","vn":"681012160536640","action":"play_error","audioUrl":"http://IPV4:PORT/audio/male/0.mp3","message":"เกิดข้อผิดพลาดในการเล่นไฟล์เสียง: /audio/male/0.mp3","error":"Playback was unable to start. This is most commonly an issue on mobile devices and Chrome where playback was not within a user interaction.","timestamp":"2025-11-15T21:39:37.374Z"}
{"screenId":"3","vn":"681012160536640","action":"load_success","audioUrl":"http://IPV4:PORT/audio/male/0.mp3","message":"โหลดไฟล์เสียงสำเร็จ: /audio/male/0.mp3","timestamp":"2025-11-15T21:39:38.314Z"}
{"screenId":"3","vn":"681012160536640","action":"play_start","audioUrl":"http://IPV4:PORT/audio/male/0.mp3","message":"เริ่มเล่นไฟล์เสียง: /audio/male/0.mp3","timestamp":"2025-11-15T21:39:38.309Z"}
{"screenId":"3","vn":"681012160536640","action":"play_error","audioUrl":"http://IPV4:PORT/audio/male/0.mp3","message":"เกิดข้อผิดพลาดในการเล่นไฟล์เสียง: /audio/male/0.mp3","error":"Playback was unable to start. This is most commonly an issue on mobile devices and Chrome where playback was not within a user interaction.","timestamp":"2025-11-15T21:39:38.329Z"}
{"screenId":"3","vn":"681012160536640","action":"play_error","audioUrl":"http://IPV4:PORT/audio/male/0.mp3","message":"เกิดข้อผิดพลาดในการเล่นไฟล์เสียง: /audio/male/0.mp3","error":"Playback was unable to start. This is most commonly an issue on mobile devices and Chrome where playback was not within a user interaction.","timestamp":"2025-11-15T21:39:38.450Z"}
{"screenId":"3","vn":"681012160536640","action":"play_start","audioUrl":"http://IPV4:PORT/audio/male/1.mp3","message":"เริ่มเล่นไฟล์เสียง: /audio/male/1.mp3","timestamp":"2025-11-15T21:39:38.659Z"}
{"screenId":"3","vn":"681012160536640","action":"play_error","audioUrl":"http://IPV4:PORT/audio/male/1.mp3","message":"เกิดข้อผิดพลาดในการเล่นไฟล์เสียง: /audio/male/1.mp3","error":"Playback was unable to start. This is most commonly an issue on mobile devices and Chrome where playback was not within a user interaction.","timestamp":"2025-11-15T21:39:38.713Z"}
{"screenId":"3","vn":"681012160536640","action":"play_error","audioUrl":"http://IPV4:PORT/audio/male/1.mp3","message":"เกิดข้อผิดพลาดในการเล่นไฟล์เสียง: /audio/male/1.mp3","error":"Playback was unable to start. This is most commonly an issue on mobile devices and Chrome where playback was not within a user interaction.","timestamp":"2025-11-15T21:39:38.729Z"}
{"screenId":"3","vn":"681012160536640","action":"load_success","audioUrl":"http://IPV4:PORT/audio/male/1.mp3","message":"โหลดไฟล์เสียงสำเร็จ: /audio/male/1.mp3","timestamp":"2025-11-15T21:39:38.679Z"}
{"screenId":"3","vn":"681012160536640","action":"play_start","audioUrl":"http://IPV4:PORT/audio/cache/male/%E0%B8%8A%E0%B9%88%E0%B8%AD%E0%B8%87%E0%B8%A3%E0%B8%B1%E0%B8%9A%E0%B8%A2%E0%B8%B21.mp3","message":"เริ่มเล่นไฟล์เสียง: /audio/cache/male/%E0%B8%8A%E0%B9%88%E0%B8%AD%E0%B8%87%E0%B8%A3%E0%B8%B1%E0%B8%9A%E0%B8%A2%E0%B8%B21.mp3","timestamp":"2025-11-15T21:39:38.851Z"}
{"screenId":"3","vn":"681012160536640","action":"load_success","audioUrl":"http://IPV4:PORT/audio/cache/male/%E0%B8%8A%E0%B9%88%E0%B8%AD%E0%B8%87%E0%B8%A3%E0%B8%B1%E0%B8%9A%E0%B8%A2%E0%B8%B21.mp3","message":"โหลดไฟล์เสียงสำเร็จ: /audio/cache/male/%E0%B8%8A%E0%B9%88%E0%B8%AD%E0%B8%87%E0%B8%A3%E0%B8%B1%E0%B8%9A%E0%B8%A2%E0%B8%B21.mp3","timestamp":"2025-11-15T21:39:38.862Z"}
{"screenId":"3","vn":"681012160536640","action":"play_error","audioUrl":"http://IPV4:PORT/audio/cache/male/%E0%B8%8A%E0%B9%88%E0%B8%AD%E0%B8%87%E0%B8%A3%E0%B8%B1%E0%B8%9A%E0%B8%A2%E0%B8%B21.mp3","message":"เกิดข้อผิดพลาดในการเล่นไฟล์เสียง: /audio/cache/male/%E0%B8%8A%E0%B9%88%E0%B8%AD%E0%B8%87%E0%B8%A3%E0%B8%B1%E0%B8%9A%E0%B8%A2%E0%B8%B21.mp3","error":"Playback was unable to start. This is most commonly an issue on mobile devices and Chrome where playback was not within a user interaction.","timestamp":"2025-11-15T21:39:38.886Z"}
{"screenId":"3","vn":"681012160536640","action":"play_error","audioUrl":"http://IPV4:PORT/audio/cache/male/%E0%B8%8A%E0%B9%88%E0%B8%AD%E0%B8%87%E0%B8%A3%E0%B8%B1%E0%B8%9A%E0%B8%A2%E0%B8%B21.mp3","message":"เกิดข้อผิดพลาดในการเล่นไฟล์เสียง: /audio/cache/male/%E0%B8%8A%E0%B9%88%E0%B8%AD%E0%B8%87%E0%B8%A3%E0%B8%B1%E0%B8%9A%E0%B8%A2%E0%B8%B21.mp3","error":"Playback was unable to start. This is most commonly an issue on mobile devices and Chrome where playback was not within a user interaction.","timestamp":"2025-11-15T21:39:38.894Z"}
{"screenId":"3","vn":"681012160536640","action":"play_start","audioUrl":"http://IPV4:PORT/audio/male/prefix.mp3","message":"เริ่มเล่นไฟล์เสียง: /audio/male/prefix.mp3","timestamp":"2025-11-15T21:39:42.736Z"}
{"screenId":"3","vn":"681012160536640","action":"load_start","audioUrl":"http://IPV4:PORT/audio/male/prefix.mp3","message":"กำลังโหลดไฟล์เสียง: /audio/male/prefix.mp3","timestamp":"2025-11-15T21:39:39.952Z"}
{"screenId":"3","vn":"681012160536640","action":"load_success","audioUrl":"http://IPV4:PORT/audio/male/prefix.mp3","message":"โหลดไฟล์เสียงสำเร็จ: /audio/male/prefix.mp3","timestamp":"2025-11-15T21:39:42.763Z"}
{"screenId":"3","vn":"681012160536640","action":"play_error","audioUrl":"http://IPV4:PORT/audio/male/prefix.mp3","message":"เกิดข้อผิดพลาดในการเล่นไฟล์เสียง: /audio/male/prefix.mp3","error":"Playback was unable to start. This is most commonly an issue on mobile devices and Chrome where playback was not within a user interaction.","timestamp":"2025-11-15T21:39:42.945Z"}
{"screenId":"3","vn":"681012160536640","action":"load_start","audioUrl":"http://IPV4:PORT/audio/male/A.mp3","message":"กำลังโหลดไฟล์เสียง: /audio/male/A.mp3","timestamp":"2025-11-15T21:39:43.001Z"}
{"screenId":"3","vn":"681012160536640","action":"play_error","audioUrl":"http://IPV4:PORT/audio/male/prefix.mp3","message":"เกิดข้อผิดพลาดในการเล่นไฟล์เสียง: /audio/male/prefix.mp3","error":"Playback was unable to start. This is most commonly an issue on mobile devices and Chrome where playback was not within a user interaction.","timestamp":"2025-11-15T21:39:43.048Z"}
{"screenId":"3","vn":"681012160536640","action":"load_start","audioUrl":"http://IPV4:PORT/audio/male/0.mp3","message":"กำลังโหลดไฟล์เสียง: /audio/male/0.mp3","timestamp":"2025-11-15T21:39:43.231Z"}
{"screenId":"3","vn":"681012160536640","action":"play_start","audioUrl":"http://IPV4:PORT/audio/male/0.mp3","message":"เริ่มเล่นไฟล์เสียง: /audio/male/0.mp3","timestamp":"2025-11-15T21:39:48.957Z"}
{"screenId":"3","vn":"681012160536640","action":"play_start","audioUrl":"http://IPV4:PORT/audio/male/A.mp3","message":"เริ่มเล่นไฟล์เสียง: /audio/male/A.mp3","timestamp":"2025-11-15T21:39:49.020Z"}
{"screenId":"3","vn":"681012160536640","action":"load_success","audioUrl":"http://IPV4:PORT/audio/male/0.mp3","message":"โหลดไฟล์เสียงสำเร็จ: /audio/male/0.mp3","timestamp":"2025-11-15T21:39:49.005Z"}
{"screenId":"3","vn":"681012160536640","action":"load_start","audioUrl":"http://IPV4:PORT/audio/male/0.mp3","message":"กำลังโหลดไฟล์เสียง: /audio/male/0.mp3","timestamp":"2025-11-15T21:39:49.081Z"}
{"screenId":"3","vn":"681012160536640","action":"load_success","audioUrl":"http://IPV4:PORT/audio/male/A.mp3","message":"โหลดไฟล์เสียงสำเร็จ: /audio/male/A.mp3","timestamp":"2025-11-15T21:39:49.052Z"}
{"screenId":"3","vn":"681012160536640","action":"play_error","audioUrl":"http://IPV4:PORT/audio/male/0.mp3","message":"เกิดข้อผิดพลาดในการเล่นไฟล์เสียง: /audio/male/0.mp3","error":"Playback was unable to start. This is most commonly an issue on mobile devices and Chrome where playback was not within a user interaction.","timestamp":"2025-11-15T21:39:49.067Z"}
{"screenId":"3","vn":"681012160536640","action":"play_error","audioUrl":"http://IPV4:PORT/audio/male/A.mp3","message":"เกิดข้อผิดพลาดในการเล่นไฟล์เสียง: /audio/male/A.mp3","error":"Playback was unable to start. This is most commonly an issue on mobile devices and Chrome where playback was not within a user interaction.","timestamp":"2025-11-15T21:39:49.287Z"}
{"screenId":"3","vn":"681012160536640","action":"load_start","audioUrl":"http://IPV4:PORT/audio/male/1.mp3","message":"กำลังโหลดไฟล์เสียง: /audio/male/1.mp3","timestamp":"2025-11-15T21:39:49.116Z"}
{"screenId":"3","vn":"681012160536640","action":"play_error","audioUrl":"http://IPV4:PORT/audio/male/A.mp3","message":"เกิดข้อผิดพลาดในการเล่นไฟล์เสียง: /audio/male/A.mp3","error":"Playback was unable to start. This is most commonly an issue on mobile devices and Chrome where playback was not within a user interaction.","timestamp":"2025-11-15T21:39:49.166Z"}
{"screenId":"3","vn":"681012160536640","action":"play_error","audioUrl":"http://IPV4:PORT/audio/male/0.mp3","message":"เกิดข้อผิดพลาดในการเล่นไฟล์เสียง: /audio/male/0.mp3","error":"Playback was unable to start. This is most commonly an issue on mobile devices and Chrome where playback was not within a user interaction.","timestamp":"2025-11-15T21:39:49.100Z"}
{"screenId":"3","vn":"681012160536640","action":"load_start","audioUrl":"http://IPV4:PORT/audio/cache/male/%E0%B8%8A%E0%B9%88%E0%B8%AD%E0%B8%87%E0%B8%A3%E0%B8%B1%E0%B8%9A%E0%B8%A2%E0%B8%B21.mp3","message":"กำลังโหลดไฟล์เสียง: /audio/cache/male/%E0%B8%8A%E0%B9%88%E0%B8%AD%E0%B8%87%E0%B8%A3%E0%B8%B1%E0%B8%9A%E0%B8%A2%E0%B8%B21.mp3","timestamp":"2025-11-15T21:39:49.195Z"}
{"screenId":"3","vn":"681012160536640","action":"load_start","audioUrl":"http://IPV4:PORT/audio/male/prefix.mp3","message":"กำลังโหลดไฟล์เสียง: /audio/male/prefix.mp3","timestamp":"2025-11-15T21:39:52.268Z"}
{"screenId":"3","vn":"681012160536640","action":"play_start","audioUrl":"http://IPV4:PORT/audio/male/1.mp3","message":"เริ่มเล่นไฟล์เสียง: /audio/male/1.mp3","timestamp":"2025-11-15T21:39:57.035Z"}
{"screenId":"3","vn":"681012160536640","action":"load_success","audioUrl":"http://IPV4:PORT/audio/cache/male/%E0%B8%8A%E0%B9%88%E0%B8%AD%E0%B8%87%E0%B8%A3%E0%B8%B1%E0%B8%9A%E0%B8%A2%E0%B8%B21.mp3","message":"โหลดไฟล์เสียงสำเร็จ: /audio/cache/male/%E0%B8%8A%E0%B9%88%E0%B8%AD%E0%B8%87%E0%B8%A3%E0%B8%B1%E0%B8%9A%E0%B8%A2%E0%B8%B21.mp3","timestamp":"2025-11-15T21:39:57.084Z"}
{"screenId":"3","vn":"681012160536640","action":"load_success","audioUrl":"http://IPV4:PORT/audio/male/1.mp3","message":"โหลดไฟล์เสียงสำเร็จ: /audio/male/1.mp3","timestamp":"2025-11-15T21:39:57.047Z"}
{"screenId":"3","vn":"681012160536640","action":"play_start","audioUrl":"http://IPV4:PORT/audio/cache/male/%E0%B8%8A%E0%B9%88%E0%B8%AD%E0%B8%87%E0%B8%A3%E0%B8%B1%E0%B8%9A%E0%B8%A2%E0%B8%B21.mp3","message":"เริ่มเล่นไฟล์เสียง: /audio/cache/male/%E0%B8%8A%E0%B9%88%E0%B8%AD%E0%B8%87%E0%B8%A3%E0%B8%B1%E0%B8%9A%E0%B8%A2%E0%B8%B21.mp3","timestamp":"2025-11-15T21:39:57.065Z"}
{"screenId":"3","vn":"681012160536640","action":"play_start","audioUrl":"http://IPV4:PORT/audio/male/0.mp3","message":"เริ่มเล่นไฟล์เสียง: /audio/male/0.mp3","timestamp":"2025-11-15T21:39:57.118Z"}
{"screenId":"3","vn":"681012160536640","action":"load_success","audioUrl":"http://IPV4:PORT/audio/male/0.mp3","message":"โหลดไฟล์เสียงสำเร็จ: /audio/male/0.mp3","timestamp":"2025-11-15T21:39:57.134Z"}
{"screenId":"3","vn":"681012160536640","action":"play_error","audioUrl":"http://IPV4:PORT/audio/cache/male/%E0%B8%8A%E0%B9%88%E0%B8%AD%E0%B8%87%E0%B8%A3%E0%B8%B1%E0%B8%9A%E0%B8%A2%E0%B8%B21.mp3","message":"เกิดข้อผิดพลาดในการเล่นไฟล์เสียง: /audio/cache/male/%E0%B8%8A%E0%B9%88%E0%B8%AD%E0%B8%87%E0%B8%A3%E0%B8%B1%E0%B8%9A%E0%B8%A2%E0%B8%B21.mp3","error":"Playback was unable to start. This is most commonly an issue on mobile devices and Chrome where playback was not within a user interaction.","timestamp":"2025-11-15T21:39:57.184Z"}
{"screenId":"3","vn":"681012160536640","action":"play_error","audioUrl":"http://IPV4:PORT/audio/male/0.mp3","message":"เกิดข้อผิดพลาดในการเล่นไฟล์เสียง: /audio/male/0.mp3","error":"Playback was unable to start. This is most commonly an issue on mobile devices and Chrome where playback was not within a user interaction.","timestamp":"2025-11-15T21:39:57.199Z"}
{"screenId":"3","vn":"681012160536640","action":"play_error","audioUrl":"http://IPV4:PORT/audio/male/1.mp3","message":"เกิดข้อผิดพลาดในการเล่นไฟล์เสียง: /audio/male/1.mp3","error":"Playback was unable to start. This is most commonly an issue on mobile devices and Chrome where playback was not within a user interaction.","timestamp":"2025-11-15T21:39:57.144Z"}
{"screenId":"3","vn":"681012160536640","action":"play_error","audioUrl":"http://IPV4:PORT/audio/male/1.mp3","message":"เกิดข้อผิดพลาดในการเล่นไฟล์เสียง: /audio/male/1.mp3","error":"Playback was unable to start. This is most commonly an issue on mobile devices and Chrome where playback was not within a user interaction.","timestamp":"2025-11-15T21:39:57.161Z"}
{"screenId":"3","vn":"681012160536640","action":"play_error","audioUrl":"http://IPV4:PORT/audio/cache/male/%E0%B8%8A%E0%B9%88%E0%B8%AD%E0%B8%87%E0%B8%A3%E0%B8%B1%E0%B8%9A%E0%B8%A2%E0%B8%B21.mp3","message":"เกิดข้อผิดพลาดในการเล่นไฟล์เสียง: /audio/cache/male/%E0%B8%8A%E0%B9%88%E0%B8%AD%E0%B8%87%E0%B8%A3%E0%B8%B1%E0%B8%9A%E0%B8%A2%E0%B8%B21.mp3","error":"Playback was unable to start. This is most commonly an issue on mobile devices and Chrome where playback was not within a user interaction.","timestamp":"2025-11-15T21:39:57.165Z"}
{"screenId":"3","vn":"681012160536640","action":"play_error","audioUrl":"http://IPV4:PORT/audio/male/0.mp3","message":"เกิดข้อผิดพลาดในการเล่นไฟล์เสียง: /audio/male/0.mp3","error":"Playback was unable to start. This is most commonly an issue on mobile devices and Chrome where playback was not within a user interaction.","timestamp":"2025-11-15T21:39:57.216Z"}
{"screenId":"3","vn":"681012160536640","action":"play_start","audioUrl":"http://IPV4:PORT/audio/male/prefix.mp3","message":"เริ่มเล่นไฟล์เสียง: /audio/male/prefix.mp3","timestamp":"2025-11-15T21:39:59.156Z"}
{"screenId":"3","vn":"681012160536640","action":"load_success","audioUrl":"http://IPV4:PORT/audio/male/prefix.mp3","message":"โหลดไฟล์เสียงสำเร็จ: /audio/male/prefix.mp3","timestamp":"2025-11-15T21:39:59.167Z"}
{"screenId":"3","vn":"681012160536640","action":"load_start","audioUrl":"http://IPV4:PORT/audio/male/A.mp3","message":"กำลังโหลดไฟล์เสียง: /audio/male/A.mp3","timestamp":"2025-11-15T21:39:59.177Z"}
{"screenId":"3","vn":"681012160536640","action":"load_start","audioUrl":"http://IPV4:PORT/audio/male/0.mp3","message":"กำลังโหลดไฟล์เสียง: /audio/male/0.mp3","timestamp":"2025-11-15T21:39:59.202Z"}
{"screenId":"3","vn":"681012160536640","action":"play_error","audioUrl":"http://IPV4:PORT/audio/male/prefix.mp3","message":"เกิดข้อผิดพลาดในการเล่นไฟล์เสียง: /audio/male/prefix.mp3","error":"Playback was unable to start. This is most commonly an issue on mobile devices and Chrome where playback was not within a user interaction.","timestamp":"2025-11-15T21:39:59.190Z"}
{"screenId":"3","vn":"681012160536640","action":"play_error","audioUrl":"http://IPV4:PORT/audio/male/prefix.mp3","message":"เกิดข้อผิดพลาดในการเล่นไฟล์เสียง: /audio/male/prefix.mp3","error":"Playback was unable to start. This is most commonly an issue on mobile devices and Chrome where playback was not within a user interaction.","timestamp":"2025-11-15T21:39:59.170Z"}
{"screenId":"3","vn":"681012160536640","action":"play_start","audioUrl":"http://IPV4:PORT/audio/male/0.mp3","message":"เริ่มเล่นไฟล์เสียง: /audio/male/0.mp3","timestamp":"2025-11-15T21:40:05.585Z"}
{"screenId":"3","vn":"681012160536640","action":"load_success","audioUrl":"http://IPV4:PORT/audio/male/0.mp3","message":"โหลดไฟล์เสียงสำเร็จ: /audio/male/0.mp3","timestamp":"2025-11-15T21:40:05.658Z"}
{"screenId":"3","vn":"681012160536640","action":"play_start","audioUrl":"http://IPV4:PORT/audio/male/A.mp3","message":"เริ่มเล่นไฟล์เสียง: /audio/male/A.mp3","timestamp":"2025-11-15T21:40:05.664Z"}
{"screenId":"3","vn":"681012160536640","action":"load_success","audioUrl":"http://IPV4:PORT/audio/male/A.mp3","message":"โหลดไฟล์เสียงสำเร็จ: /audio/male/A.mp3","timestamp":"2025-11-15T21:40:05.718Z"}
{"screenId":"3","vn":"681012160536640","action":"play_error","audioUrl":"http://IPV4:PORT/audio/male/0.mp3","message":"เกิดข้อผิดพลาดในการเล่นไฟล์เสียง: /audio/male/0.mp3","error":"Playback was unable to start. This is most commonly an issue on mobile devices and Chrome where playback was not within a user interaction.","timestamp":"2025-11-15T21:40:05.784Z"}
{"screenId":"3","vn":"681012160536640","action":"load_start","audioUrl":"http://IPV4:PORT/audio/male/0.mp3","message":"กำลังโหลดไฟล์เสียง: /audio/male/0.mp3","timestamp":"2025-11-15T21:40:05.887Z"}
{"screenId":"3","vn":"681012160536640","action":"play_error","audioUrl":"http://IPV4:PORT/audio/male/0.mp3","message":"เกิดข้อผิดพลาดในการเล่นไฟล์เสียง: /audio/male/0.mp3","error":"Playback was unable to start. This is most commonly an issue on mobile devices and Chrome where playback was not within a user interaction.","timestamp":"2025-11-15T21:40:06.133Z"}
{"screenId":"3","vn":"681012160536640","action":"load_start","audioUrl":"http://IPV4:PORT/audio/male/1.mp3","message":"กำลังโหลดไฟล์เสียง: /audio/male/1.mp3","timestamp":"2025-11-15T21:40:06.251Z"}
{"screenId":"3","vn":"681012160536640","action":"play_error","audioUrl":"http://IPV4:PORT/audio/male/A.mp3","message":"เกิดข้อผิดพลาดในการเล่นไฟล์เสียง: /audio/male/A.mp3","error":"Playback was unable to start. This is most commonly an issue on mobile devices and Chrome where playback was not within a user interaction.","timestamp":"2025-11-15T21:40:06.568Z"}
{"screenId":"3","vn":"681012160536640","action":"play_error","audioUrl":"http://IPV4:PORT/audio/male/A.mp3","message":"เกิดข้อผิดพลาดในการเล่นไฟล์เสียง: /audio/male/A.mp3","error":"Playback was unable to start. This is most commonly an issue on mobile devices and Chrome where playback was not within a user interaction.","timestamp":"2025-11-15T21:40:06.748Z"}
{"screenId":"3","vn":"681012160536640","action":"load_start","audioUrl":"http://IPV4:PORT/audio/cache/male/%E0%B8%8A%E0%B9%88%E0%B8%AD%E0%B8%87%E0%B8%A3%E0%B8%B1%E0%B8%9A%E0%B8%A2%E0%B8%B21.mp3","message":"กำลังโหลดไฟล์เสียง: /audio/cache/male/%E0%B8%8A%E0%B9%88%E0%B8%AD%E0%B8%87%E0%B8%A3%E0%B8%B1%E0%B8%9A%E0%B8%A2%E0%B8%B21.mp3","timestamp":"2025-11-15T21:40:06.654Z"}
{"screenId":"3","vn":"681012160536640","action":"load_start","audioUrl":"http://IPV4:PORT/audio/male/prefix.mp3","message":"กำลังโหลดไฟล์เสียง: /audio/male/prefix.mp3","timestamp":"2025-11-15T21:40:10.058Z"}
{"screenId":"3","vn":"681012160536640","action":"play_start","audioUrl":"http://IPV4:PORT/audio/male/0.mp3","message":"เริ่มเล่นไฟล์เสียง: /audio/male/0.mp3","timestamp":"2025-11-15T21:40:11.316Z"}
{"screenId":"3","vn":"681012160536640","action":"load_success","audioUrl":"http://IPV4:PORT/audio/male/0.mp3","message":"โหลดไฟล์เสียงสำเร็จ: /audio/male/0.mp3","timestamp":"2025-11-15T21:40:11.327Z"}
{"screenId":"3","vn":"681012160536640","action":"play_start","audioUrl":"http://IPV4:PORT/audio/male/1.mp3","message":"เริ่มเล่นไฟล์เสียง: /audio/male/1.mp3","timestamp":"2025-11-15T21:40:11.379Z"}
{"screenId":"3","vn":"681012160536640","action":"load_success","audioUrl":"http://IPV4:PORT/audio/male/1.mp3","message":"โหลดไฟล์เสียงสำเร็จ: /audio/male/1.mp3","timestamp":"2025-11-15T21:40:11.716Z"}
{"screenId":"3","vn":"681012160536640","action":"play_error","audioUrl":"http://IPV4:PORT/audio/male/0.mp3","message":"เกิดข้อผิดพลาดในการเล่นไฟล์เสียง: /audio/male/0.mp3","error":"Playback was unable to start. This is most commonly an issue on mobile devices and Chrome where playback was not within a user interaction.","timestamp":"2025-11-15T21:40:11.811Z"}
{"screenId":"3","vn":"681012160536640","action":"play_error","audioUrl":"http://IPV4:PORT/audio/male/0.mp3","message":"เกิดข้อผิดพลาดในการเล่นไฟล์เสียง: /audio/male/0.mp3","error":"Playback was unable to start. This is most commonly an issue on mobile devices and Chrome where playback was not within a user interaction.","timestamp":"2025-11-15T21:40:11.878Z"}
{"screenId":"3","vn":"681012160536640","action":"play_error","audioUrl":"http://IPV4:PORT/audio/male/1.mp3","message":"เกิดข้อผิดพลาดในการเล่นไฟล์เสียง: /audio/male/1.mp3","error":"Playback was unable to start. This is most commonly an issue on mobile devices and Chrome where playback was not within a user interaction.","timestamp":"2025-11-15T21:40:11.928Z"}
{"screenId":"3","vn":"681012160536640","action":"play_error","audioUrl":"http://IPV4:PORT/audio/male/1.mp3","message":"เกิดข้อผิดพลาดในการเล่นไฟล์เสียง: /audio/male/1.mp3","error":"Playback was unable to start. This is most commonly an issue on mobile devices and Chrome where playback was not within a user interaction.","timestamp":"2025-11-15T21:40:11.962Z"}
{"screenId":"3","vn":"681012160536640","action":"play_start","audioUrl":"http://IPV4:PORT/audio/cache/male/%E0%B8%8A%E0%B9%88%E0%B8%AD%E0%B8%87%E0%B8%A3%E0%B8%B1%E0%B8%9A%E0%B8%A2%E0%B8%B21.mp3","message":"เริ่มเล่นไฟล์เสียง: /audio/cache/male/%E0%B8%8A%E0%B9%88%E0%B8%AD%E0%B8%87%E0%B8%A3%E0%B8%B1%E0%B8%9A%E0%B8%A2%E0%B8%B21.mp3","timestamp":"2025-11-15T21:40:12.143Z"}
{"screenId":"3","vn":"681012160536640","action":"load_success","audioUrl":"http://IPV4:PORT/audio/cache/male/%E0%B8%8A%E0%B9%88%E0%B8%AD%E0%B8%87%E0%B8%A3%E0%B8%B1%E0%B8%9A%E0%B8%A2%E0%B8%B21.mp3","message":"โหลดไฟล์เสียงสำเร็จ: /audio/cache/male/%E0%B8%8A%E0%B9%88%E0%B8%AD%E0%B8%87%E0%B8%A3%E0%B8%B1%E0%B8%9A%E0%B8%A2%E0%B8%B21.mp3","timestamp":"2025-11-15T21:40:12.155Z"}
{"screenId":"3","vn":"681012160536640","action":"play_error","audioUrl":"http://IPV4:PORT/audio/cache/male/%E0%B8%8A%E0%B9%88%E0%B8%AD%E0%B8%87%E0%B8%A3%E0%B8%B1%E0%B8%9A%E0%B8%A2%E0%B8%B21.mp3","message":"เกิดข้อผิดพลาดในการเล่นไฟล์เสียง: /audio/cache/male/%E0%B8%8A%E0%B9%88%E0%B8%AD%E0%B8%87%E0%B8%A3%E0%B8%B1%E0%B8%9A%E0%B8%A2%E0%B8%B21.mp3","error":"Playback was unable to start. This is most commonly an issue on mobile devices and Chrome where playback was not within a user interaction.","timestamp":"2025-11-15T21:40:12.165Z"}
{"screenId":"3","vn":"681012160536640","action":"play_error","audioUrl":"http://IPV4:PORT/audio/cache/male/%E0%B8%8A%E0%B9%88%E0%B8%AD%E0%B8%87%E0%B8%A3%E0%B8%B1%E0%B8%9A%E0%B8%A2%E0%B8%B21.mp3","message":"เกิดข้อผิดพลาดในการเล่นไฟล์เสียง: /audio/cache/male/%E0%B8%8A%E0%B9%88%E0%B8%AD%E0%B8%87%E0%B8%A3%E0%B8%B1%E0%B8%9A%E0%B8%A2%E0%B8%B21.mp3","error":"Playback was unable to start. This is most commonly an issue on mobile devices and Chrome where playback was not within a user interaction.","timestamp":"2025-11-15T21:40:12.210Z"}
{"screenId":"3","vn":"681012160536640","action":"play_start","audioUrl":"http://IPV4:PORT/audio/male/prefix.mp3","message":"เริ่มเล่นไฟล์เสียง: /audio/male/prefix.mp3","timestamp":"2025-11-15T21:40:14.130Z"}
{"screenId":"3","vn":"681012160536640","action":"load_success","audioUrl":"http://IPV4:PORT/audio/male/prefix.mp3","message":"โหลดไฟล์เสียงสำเร็จ: /audio/male/prefix.mp3","timestamp":"2025-11-15T21:40:14.146Z"}
{"screenId":"3","vn":"681012160536640","action":"play_error","audioUrl":"http://IPV4:PORT/audio/male/prefix.mp3","message":"เกิดข้อผิดพลาดในการเล่นไฟล์เสียง: /audio/male/prefix.mp3","error":"Playback was unable to start. This is most commonly an issue on mobile devices and Chrome where playback was not within a user interaction.","timestamp":"2025-11-15T21:40:14.185Z"}
{"screenId":"3","vn":"681012160536640","action":"load_start","audioUrl":"http://IPV4:PORT/audio/male/A.mp3","message":"กำลังโหลดไฟล์เสียง: /audio/male/A.mp3","timestamp":"2025-11-15T21:40:14.192Z"}
{"screenId":"3","vn":"681012160536640","action":"play_error","audioUrl":"http://IPV4:PORT/audio/male/prefix.mp3","message":"เกิดข้อผิดพลาดในการเล่นไฟล์เสียง: /audio/male/prefix.mp3","error":"Playback was unable to start. This is most commonly an issue on mobile devices and Chrome where playback was not within a user interaction.","timestamp":"2025-11-15T21:40:14.287Z"}
{"screenId":"3","vn":"681012160536640","action":"load_start","audioUrl":"http://IPV4:PORT/audio/male/0.mp3","message":"กำลังโหลดไฟล์เสียง: /audio/male/0.mp3","timestamp":"2025-11-15T21:40:14.381Z"}
{"screenId":"3","vn":"681012160536640","action":"play_start","audioUrl":"http://IPV4:PORT/audio/male/0.mp3","message":"เริ่มเล่นไฟล์เสียง: /audio/male/0.mp3","timestamp":"2025-11-15T21:40:18.283Z"}
{"screenId":"3","vn":"681012160536640","action":"load_success","audioUrl":"http://IPV4:PORT/audio/male/0.mp3","message":"โหลดไฟล์เสียงสำเร็จ: /audio/male/0.mp3","timestamp":"2025-11-15T21:40:18.294Z"}
{"screenId":"3","vn":"681012160536640","action":"play_start","audioUrl":"http://IPV4:PORT/audio/male/A.mp3","message":"เริ่มเล่นไฟล์เสียง: /audio/male/A.mp3","timestamp":"2025-11-15T21:40:18.350Z"}
{"screenId":"3","vn":"681012160536640","action":"load_success","audioUrl":"http://IPV4:PORT/audio/male/A.mp3","message":"โหลดไฟล์เสียงสำเร็จ: /audio/male/A.mp3","timestamp":"2025-11-15T21:40:18.439Z"}
{"screenId":"3","vn":"681012160536640","action":"play_error","audioUrl":"http://IPV4:PORT/audio/male/0.mp3","message":"เกิดข้อผิดพลาดในการเล่นไฟล์เสียง: /audio/male/0.mp3","error":"Playback was unable to start. This is most commonly an issue on mobile devices and Chrome where playback was not within a user interaction.","timestamp":"2025-11-15T21:40:18.484Z"}
{"screenId":"3","vn":"681012160536640","action":"load_start","audioUrl":"http://IPV4:PORT/audio/male/0.mp3","message":"กำลังโหลดไฟล์เสียง: /audio/male/0.mp3","timestamp":"2025-11-15T21:40:18.523Z"}
{"screenId":"3","vn":"681012160536640","action":"play_error","audioUrl":"http://IPV4:PORT/audio/male/0.mp3","message":"เกิดข้อผิดพลาดในการเล่นไฟล์เสียง: /audio/male/0.mp3","error":"Playback was unable to start. This is most commonly an issue on mobile devices and Chrome where playback was not within a user interaction.","timestamp":"2025-11-15T21:40:18.596Z"}
{"screenId":"3","vn":"681012160536640","action":"load_start","audioUrl":"http://IPV4:PORT/audio/male/1.mp3","message":"กำลังโหลดไฟล์เสียง: /audio/male/1.mp3","timestamp":"2025-11-15T21:40:18.599Z"}
{"screenId":"3","vn":"681012160536640","action":"play_error","audioUrl":"http://IPV4:PORT/audio/male/A.mp3","message":"เกิดข้อผิดพลาดในการเล่นไฟล์เสียง: /audio/male/A.mp3","error":"Playback was unable to start. This is most commonly an issue on mobile devices and Chrome where playback was not within a user interaction.","timestamp":"2025-11-15T21:40:18.653Z"}
{"screenId":"3","vn":"681012160536640","action":"load_start","audioUrl":"http://IPV4:PORT/audio/cache/male/%E0%B8%8A%E0%B9%88%E0%B8%AD%E0%B8%87%E0%B8%A3%E0%B8%B1%E0%B8%9A%E0%B8%A2%E0%B8%B21.mp3","message":"กำลังโหลดไฟล์เสียง: /audio/cache/male/%E0%B8%8A%E0%B9%88%E0%B8%AD%E0%B8%87%E0%B8%A3%E0%B8%B1%E0%B8%9A%E0%B8%A2%E0%B8%B21.mp3","timestamp":"2025-11-15T21:40:18.683Z"}
{"screenId":"3","vn":"681012160536640","action":"play_error","audioUrl":"http://IPV4:PORT/audio/male/A.mp3","message":"เกิดข้อผิดพลาดในการเล่นไฟล์เสียง: /audio/male/A.mp3","error":"Playback was unable to start. This is most commonly an issue on mobile devices and Chrome where playback was not within a user interaction.","timestamp":"2025-11-15T21:40:18.787Z"}
{"screenId":"3","vn":"681012160536640","action":"play_start","audioUrl":"http://IPV4:PORT/audio/male/0.mp3","message":"เริ่มเล่นไฟล์เสียง: /audio/male/0.mp3","timestamp":"2025-11-15T21:40:22.922Z"}
{"screenId":"3","vn":"681012160536640","action":"play_start","audioUrl":"http://IPV4:PORT/audio/male/1.mp3","message":"เริ่มเล่นไฟล์เสียง: /audio/male/1.mp3","timestamp":"2025-11-15T21:40:22.936Z"}
{"screenId":"3","vn":"681012160536640","action":"load_success","audioUrl":"http://IPV4:PORT/audio/male/1.mp3","message":"โหลดไฟล์เสียงสำเร็จ: /audio/male/1.mp3","timestamp":"2025-11-15T21:40:22.953Z"}
{"screenId":"3","vn":"681012160536640","action":"load_success","audioUrl":"http://IPV4:PORT/audio/male/0.mp3","message":"โหลดไฟล์เสียงสำเร็จ: /audio/male/0.mp3","timestamp":"2025-11-15T21:40:22.932Z"}
{"screenId":"3","vn":"681012160536640","action":"load_start","audioUrl":"http://IPV4:PORT/audio/male/prefix.mp3","message":"กำลังโหลดไฟล์เสียง: /audio/male/prefix.mp3","timestamp":"2025-11-15T21:40:22.811Z"}
{"screenId":"3","vn":"681012160536640","action":"play_error","audioUrl":"http://IPV4:PORT/audio/male/0.mp3","message":"เกิดข้อผิดพลาดในการเล่นไฟล์เสียง: /audio/male/0.mp3","error":"Playback was unable to start. This is most commonly an issue on mobile devices and Chrome where playback was not within a user interaction.","timestamp":"2025-11-15T21:40:22.964Z"}
{"screenId":"3","vn":"681012160536640","action":"play_error","audioUrl":"http://IPV4:PORT/audio/male/0.mp3","message":"เกิดข้อผิดพลาดในการเล่นไฟล์เสียง: /audio/male/0.mp3","error":"Playback was unable to start. This is most commonly an issue on mobile devices and Chrome where playback was not within a user interaction.","timestamp":"2025-11-15T21:40:22.970Z"}
{"screenId":"3","vn":"681012160536640","action":"play_error","audioUrl":"http://IPV4:PORT/audio/male/1.mp3","message":"เกิดข้อผิดพลาดในการเล่นไฟล์เสียง: /audio/male/1.mp3","error":"Playback was unable to start. This is most commonly an issue on mobile devices and Chrome where playback was not within a user interaction.","timestamp":"2025-11-15T21:40:22.981Z"}
{"screenId":"3","vn":"681012160536640","action":"play_start","audioUrl":"http://IPV4:PORT/audio/cache/male/%E0%B8%8A%E0%B9%88%E0%B8%AD%E0%B8%87%E0%B8%A3%E0%B8%B1%E0%B8%9A%E0%B8%A2%E0%B8%B21.mp3","message":"เริ่มเล่นไฟล์เสียง: /audio/cache/male/%E0%B8%8A%E0%B9%88%E0%B8%AD%E0%B8%87%E0%B8%A3%E0%B8%B1%E0%B8%9A%E0%B8%A2%E0%B8%B21.mp3","timestamp":"2025-11-15T21:40:22.996Z"}
{"screenId":"3","vn":"681012160536640","action":"play_error","audioUrl":"http://IPV4:PORT/audio/male/1.mp3","message":"เกิดข้อผิดพลาดในการเล่นไฟล์เสียง: /audio/male/1.mp3","error":"Playback was unable to start. This is most commonly an issue on mobile devices and Chrome where playback was not within a user interaction.","timestamp":"2025-11-15T21:40:22.973Z"}
{"screenId":"3","vn":"681012160536640","action":"load_success","audioUrl":"http://IPV4:PORT/audio/cache/male/%E0%B8%8A%E0%B9%88%E0%B8%AD%E0%B8%87%E0%B8%A3%E0%B8%B1%E0%B8%9A%E0%B8%A2%E0%B8%B21.mp3","message":"โหลดไฟล์เสียงสำเร็จ: /audio/cache/male/%E0%B8%8A%E0%B9%88%E0%B8%AD%E0%B8%87%E0%B8%A3%E0%B8%B1%E0%B8%9A%E0%B8%A2%E0%B8%B21.mp3","timestamp":"2025-11-15T21:40:23.002Z"}
{"screenId":"3","vn":"681012160536640","action":"play_error","audioUrl":"http://IPV4:PORT/audio/cache/male/%E0%B8%8A%E0%B9%88%E0%B8%AD%E0%B8%87%E0%B8%A3%E0%B8%B1%E0%B8%9A%E0%B8%A2%E0%B8%B21.mp3","message":"เกิดข้อผิดพลาดในการเล่นไฟล์เสียง: /audio/cache/male/%E0%B8%8A%E0%B9%88%E0%B8%AD%E0%B8%87%E0%B8%A3%E0%B8%B1%E0%B8%9A%E0%B8%A2%E0%B8%B21.mp3","error":"Playback was unable to start. This is most commonly an issue on mobile devices and Chrome where playback was not within a user interaction.","timestamp":"2025-11-15T21:40:23.031Z"}
{"screenId":"3","vn":"681012160536640","action":"play_error","audioUrl":"http://IPV4:PORT/audio/cache/male/%E0%B8%8A%E0%B9%88%E0%B8%AD%E0%B8%87%E0%B8%A3%E0%B8%B1%E0%B8%9A%E0%B8%A2%E0%B8%B21.mp3","message":"เกิดข้อผิดพลาดในการเล่นไฟล์เสียง: /audio/cache/male/%E0%B8%8A%E0%B9%88%E0%B8%AD%E0%B8%87%E0%B8%A3%E0%B8%B1%E0%B8%9A%E0%B8%A2%E0%B8%B21.mp3","error":"Playback was unable to start. This is most commonly an issue on mobile devices and Chrome where playback was not within a user interaction.","timestamp":"2025-11-15T21:40:23.043Z"}
{"screenId":"3","vn":"681012160536640","action":"load_success","audioUrl":"http://IPV4:PORT/audio/male/prefix.mp3","message":"โหลดไฟล์เสียงสำเร็จ: /audio/male/prefix.mp3","timestamp":"2025-11-15T21:40:27.446Z"}
{"screenId":"3","vn":"681012160536640","action":"play_start","audioUrl":"http://IPV4:PORT/audio/male/prefix.mp3","message":"เริ่มเล่นไฟล์เสียง: /audio/male/prefix.mp3","timestamp":"2025-11-15T21:40:27.386Z"}
{"screenId":"3","vn":"681012160536640","action":"load_start","audioUrl":"http://IPV4:PORT/audio/male/A.mp3","message":"กำลังโหลดไฟล์เสียง: /audio/male/A.mp3","timestamp":"2025-11-15T21:40:27.616Z"}
{"screenId":"3","vn":"681012160536640","action":"play_error","audioUrl":"http://IPV4:PORT/audio/male/prefix.mp3","message":"เกิดข้อผิดพลาดในการเล่นไฟล์เสียง: /audio/male/prefix.mp3","error":"Playback was unable to start. This is most commonly an issue on mobile devices and Chrome where playback was not within a user interaction.","timestamp":"2025-11-15T21:40:27.548Z"}
{"screenId":"3","vn":"681012160536640","action":"play_error","audioUrl":"http://IPV4:PORT/audio/male/prefix.mp3","message":"เกิดข้อผิดพลาดในการเล่นไฟล์เสียง: /audio/male/prefix.mp3","error":"Playback was unable to start. This is most commonly an issue on mobile devices and Chrome where playback was not within a user interaction.","timestamp":"2025-11-15T21:40:27.644Z"}
{"screenId":"3","vn":"681012160536640","action":"load_start","audioUrl":"http://IPV4:PORT/audio/male/0.mp3","message":"กำลังโหลดไฟล์เสียง: /audio/male/0.mp3","timestamp":"2025-11-15T21:40:27.687Z"}
{"screenId":"3","vn":"681012160536640","action":"play_start","audioUrl":"http://IPV4:PORT/audio/male/A.mp3","message":"เริ่มเล่นไฟล์เสียง: /audio/male/A.mp3","timestamp":"2025-11-15T21:40:30.151Z"}
{"screenId":"3","vn":"681012160536640","action":"load_success","audioUrl":"http://IPV4:PORT/audio/male/0.mp3","message":"โหลดไฟล์เสียงสำเร็จ: /audio/male/0.mp3","timestamp":"2025-11-15T21:40:30.236Z"}
{"screenId":"3","vn":"681012160536640","action":"load_success","audioUrl":"http://IPV4:PORT/audio/male/A.mp3","message":"โหลดไฟล์เสียงสำเร็จ: /audio/male/A.mp3","timestamp":"2025-11-15T21:40:30.185Z"}
{"screenId":"3","vn":"681012160536640","action":"play_start","audioUrl":"http://IPV4:PORT/audio/male/0.mp3","message":"เริ่มเล่นไฟล์เสียง: /audio/male/0.mp3","timestamp":"2025-11-15T21:40:30.220Z"}
{"screenId":"3","vn":"681012160536640","action":"play_error","audioUrl":"http://IPV4:PORT/audio/male/A.mp3","message":"เกิดข้อผิดพลาดในการเล่นไฟล์เสียง: /audio/male/A.mp3","error":"Playback was unable to start. This is most commonly an issue on mobile devices and Chrome where playback was not within a user interaction.","timestamp":"2025-11-15T21:40:30.250Z"}
{"screenId":"3","vn":"681012160536640","action":"load_start","audioUrl":"http://IPV4:PORT/audio/male/0.mp3","message":"กำลังโหลดไฟล์เสียง: /audio/male/0.mp3","timestamp":"2025-11-15T21:40:30.268Z"}
{"screenId":"3","vn":"681012160536640","action":"play_error","audioUrl":"http://IPV4:PORT/audio/male/A.mp3","message":"เกิดข้อผิดพลาดในการเล่นไฟล์เสียง: /audio/male/A.mp3","error":"Playback was unable to start. This is most commonly an issue on mobile devices and Chrome where playback was not within a user interaction.","timestamp":"2025-11-15T21:40:30.293Z"}
{"screenId":"3","vn":"681012160536640","action":"play_error","audioUrl":"http://IPV4:PORT/audio/male/0.mp3","message":"เกิดข้อผิดพลาดในการเล่นไฟล์เสียง: /audio/male/0.mp3","error":"Playback was unable to start. This is most commonly an issue on mobile devices and Chrome where playback was not within a user interaction.","timestamp":"2025-11-15T21:40:30.411Z"}
{"screenId":"3","vn":"681012160536640","action":"load_start","audioUrl":"http://IPV4:PORT/audio/cache/male/%E0%B8%8A%E0%B9%88%E0%B8%AD%E0%B8%87%E0%B8%A3%E0%B8%B1%E0%B8%9A%E0%B8%A2%E0%B8%B21.mp3","message":"กำลังโหลดไฟล์เสียง: /audio/cache/male/%E0%B8%8A%E0%B9%88%E0%B8%AD%E0%B8%87%E0%B8%A3%E0%B8%B1%E0%B8%9A%E0%B8%A2%E0%B8%B21.mp3","timestamp":"2025-11-15T21:40:30.513Z"}
{"screenId":"3","vn":"681012160536640","action":"load_start","audioUrl":"http://IPV4:PORT/audio/male/1.mp3","message":"กำลังโหลดไฟล์เสียง: /audio/male/1.mp3","timestamp":"2025-11-15T21:40:30.354Z"}
{"screenId":"3","vn":"681012160536640","action":"play_error","audioUrl":"http://IPV4:PORT/audio/male/0.mp3","message":"เกิดข้อผิดพลาดในการเล่นไฟล์เสียง: /audio/male/0.mp3","error":"Playback was unable to start. This is most commonly an issue on mobile devices and Chrome where playback was not within a user interaction.","timestamp":"2025-11-15T21:40:30.729Z"}
{"screenId":"3","vn":"681012160536640","action":"load_start","audioUrl":"http://IPV4:PORT/audio/male/prefix.mp3","message":"กำลังโหลดไฟล์เสียง: /audio/male/prefix.mp3","timestamp":"2025-11-15T21:40:34.813Z"}
{"screenId":"3","vn":"681012160536640","action":"play_start","audioUrl":"http://IPV4:PORT/audio/male/0.mp3","message":"เริ่มเล่นไฟล์เสียง: /audio/male/0.mp3","timestamp":"2025-11-15T21:40:36.119Z"}
{"screenId":"3","vn":"681012160536640","action":"load_success","audioUrl":"http://IPV4:PORT/audio/male/0.mp3","message":"โหลดไฟล์เสียงสำเร็จ: /audio/male/0.mp3","timestamp":"2025-11-15T21:40:36.127Z"}
{"screenId":"3","vn":"681012160536640","action":"play_error","audioUrl":"http://IPV4:PORT/audio/male/0.mp3","message":"เกิดข้อผิดพลาดในการเล่นไฟล์เสียง: /audio/male/0.mp3","error":"Playback was unable to start. This is most commonly an issue on mobile devices and Chrome where playback was not within a user interaction.","timestamp":"2025-11-15T21:40:36.229Z"}
{"screenId":"3","vn":"681012160536640","action":"play_error","audioUrl":"http://IPV4:PORT/audio/male/0.mp3","message":"เกิดข้อผิดพลาดในการเล่นไฟล์เสียง: /audio/male/0.mp3","error":"Playback was unable to start. This is most commonly an issue on mobile devices and Chrome where playback was not within a user interaction.","timestamp":"2025-11-15T21:40:36.134Z"}
{"screenId":"3","vn":"681012160536640","action":"play_start","audioUrl":"http://IPV4:PORT/audio/male/1.mp3","message":"เริ่มเล่นไฟล์เสียง: /audio/male/1.mp3","timestamp":"2025-11-15T21:40:37.828Z"}
{"screenId":"3","vn":"681012160536640","action":"load_success","audioUrl":"http://IPV4:PORT/audio/male/1.mp3","message":"โหลดไฟล์เสียงสำเร็จ: /audio/male/1.mp3","timestamp":"2025-11-15T21:40:37.845Z"}
{"screenId":"3","vn":"681012160536640","action":"play_error","audioUrl":"http://IPV4:PORT/audio/male/1.mp3","message":"เกิดข้อผิดพลาดในการเล่นไฟล์เสียง: /audio/male/1.mp3","error":"Playback was unable to start. This is most commonly an issue on mobile devices and Chrome where playback was not within a user interaction.","timestamp":"2025-11-15T21:40:37.884Z"}
{"screenId":"3","vn":"681012160536640","action":"play_error","audioUrl":"http://IPV4:PORT/audio/male/1.mp3","message":"เกิดข้อผิดพลาดในการเล่นไฟล์เสียง: /audio/male/1.mp3","error":"Playback was unable to start. This is most commonly an issue on mobile devices and Chrome where playback was not within a user interaction.","timestamp":"2025-11-15T21:40:37.919Z"}
{"screenId":"3","vn":"681012160536640","action":"play_start","audioUrl":"http://IPV4:PORT/audio/cache/male/%E0%B8%8A%E0%B9%88%E0%B8%AD%E0%B8%87%E0%B8%A3%E0%B8%B1%E0%B8%9A%E0%B8%A2%E0%B8%B21.mp3","message":"เริ่มเล่นไฟล์เสียง: /audio/cache/male/%E0%B8%8A%E0%B9%88%E0%B8%AD%E0%B8%87%E0%B8%A3%E0%B8%B1%E0%B8%9A%E0%B8%A2%E0%B8%B21.mp3","timestamp":"2025-11-15T21:40:39.532Z"}
{"screenId":"3","vn":"681012160536640","action":"load_success","audioUrl":"http://IPV4:PORT/audio/cache/male/%E0%B8%8A%E0%B9%88%E0%B8%AD%E0%B8%87%E0%B8%A3%E0%B8%B1%E0%B8%9A%E0%B8%A2%E0%B8%B21.mp3","message":"โหลดไฟล์เสียงสำเร็จ: /audio/cache/male/%E0%B8%8A%E0%B9%88%E0%B8%AD%E0%B8%87%E0%B8%A3%E0%B8%B1%E0%B8%9A%E0%B8%A2%E0%B8%B21.mp3","timestamp":"2025-11-15T21:40:39.544Z"}
{"screenId":"3","vn":"681012160536640","action":"play_error","audioUrl":"http://IPV4:PORT/audio/cache/male/%E0%B8%8A%E0%B9%88%E0%B8%AD%E0%B8%87%E0%B8%A3%E0%B8%B1%E0%B8%9A%E0%B8%A2%E0%B8%B21.mp3","message":"เกิดข้อผิดพลาดในการเล่นไฟล์เสียง: /audio/cache/male/%E0%B8%8A%E0%B9%88%E0%B8%AD%E0%B8%87%E0%B8%A3%E0%B8%B1%E0%B8%9A%E0%B8%A2%E0%B8%B21.mp3","error":"Playback was unable to start. This is most commonly an issue on mobile devices and Chrome where playback was not within a user interaction.","timestamp":"2025-11-15T21:40:39.557Z"}
{"screenId":"3","vn":"681012160536640","action":"play_error","audioUrl":"http://IPV4:PORT/audio/cache/male/%E0%B8%8A%E0%B9%88%E0%B8%AD%E0%B8%87%E0%B8%A3%E0%B8%B1%E0%B8%9A%E0%B8%A2%E0%B8%B21.mp3","message":"เกิดข้อผิดพลาดในการเล่นไฟล์เสียง: /audio/cache/male/%E0%B8%8A%E0%B9%88%E0%B8%AD%E0%B8%87%E0%B8%A3%E0%B8%B1%E0%B8%9A%E0%B8%A2%E0%B8%B21.mp3","error":"Playback was unable to start. This is most commonly an issue on mobile devices and Chrome where playback was not within a user interaction.","timestamp":"2025-11-15T21:40:39.581Z"}
{"screenId":"3","vn":"681012160536640","action":"play_start","audioUrl":"http://IPV4:PORT/audio/male/prefix.mp3","message":"เริ่มเล่นไฟล์เสียง: /audio/male/prefix.mp3","timestamp":"2025-11-15T21:40:41.380Z"}
{"screenId":"3","vn":"681012160536640","action":"load_success","audioUrl":"http://IPV4:PORT/audio/male/prefix.mp3","message":"โหลดไฟล์เสียงสำเร็จ: /audio/male/prefix.mp3","timestamp":"2025-11-15T21:40:41.422Z"}
{"screenId":"3","vn":"681012160536640","action":"play_error","audioUrl":"http://IPV4:PORT/audio/male/prefix.mp3","message":"เกิดข้อผิดพลาดในการเล่นไฟล์เสียง: /audio/male/prefix.mp3","error":"Playback was unable to start. This is most commonly an issue on mobile devices and Chrome where playback was not within a user interaction.","timestamp":"2025-11-15T21:40:41.443Z"}
{"screenId":"3","vn":"681012160536640","action":"load_start","audioUrl":"http://IPV4:PORT/audio/male/A.mp3","message":"กำลังโหลดไฟล์เสียง: /audio/male/A.mp3","timestamp":"2025-11-15T21:40:41.451Z"}
{"screenId":"3","vn":"681012160536640","action":"play_error","audioUrl":"http://IPV4:PORT/audio/male/prefix.mp3","message":"เกิดข้อผิดพลาดในการเล่นไฟล์เสียง: /audio/male/prefix.mp3","error":"Playback was unable to start. This is most commonly an issue on mobile devices and Chrome where playback was not within a user interaction.","timestamp":"2025-11-15T21:40:41.509Z"}
{"screenId":"3","vn":"681012160536640","action":"load_start","audioUrl":"http://IPV4:PORT/audio/male/0.mp3","message":"กำลังโหลดไฟล์เสียง: /audio/male/0.mp3","timestamp":"2025-11-15T21:40:41.585Z"}
{"screenId":"3","vn":"681012160536640","action":"load_success","audioUrl":"http://IPV4:PORT/audio/male/A.mp3","message":"โหลดไฟล์เสียงสำเร็จ: /audio/male/A.mp3","timestamp":"2025-11-15T21:40:44.311Z"}
{"screenId":"3","vn":"681012160536640","action":"play_start","audioUrl":"http://IPV4:PORT/audio/male/A.mp3","message":"เริ่มเล่นไฟล์เสียง: /audio/male/A.mp3","timestamp":"2025-11-15T21:40:44.306Z"}
{"screenId":"3","vn":"681012160536640","action":"play_error","audioUrl":"http://IPV4:PORT/audio/male/A.mp3","message":"เกิดข้อผิดพลาดในการเล่นไฟล์เสียง: /audio/male/A.mp3","error":"Playback was unable to start. This is most commonly an issue on mobile devices and Chrome where playback was not within a user interaction.","timestamp":"2025-11-15T21:40:44.358Z"}
{"screenId":"3","vn":"681012160536640","action":"load_start","audioUrl":"http://IPV4:PORT/audio/male/0.mp3","message":"กำลังโหลดไฟล์เสียง: /audio/male/0.mp3","timestamp":"2025-11-15T21:40:44.912Z"}
{"screenId":"3","vn":"681012160536640","action":"play_error","audioUrl":"http://IPV4:PORT/audio/male/A.mp3","message":"เกิดข้อผิดพลาดในการเล่นไฟล์เสียง: /audio/male/A.mp3","error":"Playback was unable to start. This is most commonly an issue on mobile devices and Chrome where playback was not within a user interaction.","timestamp":"2025-11-15T21:40:45.233Z"}
{"screenId":"3","vn":"681012160536640","action":"load_start","audioUrl":"http://IPV4:PORT/audio/male/1.mp3","message":"กำลังโหลดไฟล์เสียง: /audio/male/1.mp3","timestamp":"2025-11-15T21:40:45.319Z"}
{"screenId":"3","vn":"681012160536640","action":"play_start","audioUrl":"http://IPV4:PORT/audio/male/0.mp3","message":"เริ่มเล่นไฟล์เสียง: /audio/male/0.mp3","timestamp":"2025-11-15T21:40:45.558Z"}
{"screenId":"3","vn":"681012160536640","action":"load_success","audioUrl":"http://IPV4:PORT/audio/male/0.mp3","message":"โหลดไฟล์เสียงสำเร็จ: /audio/male/0.mp3","timestamp":"2025-11-15T21:40:45.718Z"}
{"screenId":"3","vn":"681012160536640","action":"play_error","audioUrl":"http://IPV4:PORT/audio/male/0.mp3","message":"เกิดข้อผิดพลาดในการเล่นไฟล์เสียง: /audio/male/0.mp3","error":"Playback was unable to start. This is most commonly an issue on mobile devices and Chrome where playback was not within a user interaction.","timestamp":"2025-11-15T21:40:45.899Z"}
{"screenId":"3","vn":"681012160536640","action":"load_start","audioUrl":"http://IPV4:PORT/audio/cache/male/%E0%B8%8A%E0%B9%88%E0%B8%AD%E0%B8%87%E0%B8%A3%E0%B8%B1%E0%B8%9A%E0%B8%A2%E0%B8%B21.mp3","message":"กำลังโหลดไฟล์เสียง: /audio/cache/male/%E0%B8%8A%E0%B9%88%E0%B8%AD%E0%B8%87%E0%B8%A3%E0%B8%B1%E0%B8%9A%E0%B8%A2%E0%B8%B21.mp3","timestamp":"2025-11-15T21:40:45.901Z"}
{"screenId":"3","vn":"681012160536640","action":"play_error","audioUrl":"http://IPV4:PORT/audio/male/0.mp3","message":"เกิดข้อผิดพลาดในการเล่นไฟล์เสียง: /audio/male/0.mp3","error":"Playback was unable to start. This is most commonly an issue on mobile devices and Chrome where playback was not within a user interaction.","timestamp":"2025-11-15T21:40:46.060Z"}
{"screenId":"3","vn":"681012160536640","action":"play_start","audioUrl":"http://IPV4:PORT/audio/male/0.mp3","message":"เริ่มเล่นไฟล์เสียง: /audio/male/0.mp3","timestamp":"2025-11-15T21:40:49.850Z"}
{"screenId":"3","vn":"681012160536640","action":"load_success","audioUrl":"http://IPV4:PORT/audio/male/0.mp3","message":"โหลดไฟล์เสียงสำเร็จ: /audio/male/0.mp3","timestamp":"2025-11-15T21:40:49.862Z"}
{"screenId":"3","vn":"681012160536640","action":"play_start","audioUrl":"http://IPV4:PORT/audio/male/1.mp3","message":"เริ่มเล่นไฟล์เสียง: /audio/male/1.mp3","timestamp":"2025-11-15T21:40:49.890Z"}
{"screenId":"3","vn":"681012160536640","action":"load_success","audioUrl":"http://IPV4:PORT/audio/male/1.mp3","message":"โหลดไฟล์เสียงสำเร็จ: /audio/male/1.mp3","timestamp":"2025-11-15T21:40:49.932Z"}
{"screenId":"3","vn":"681012160536640","action":"play_error","audioUrl":"http://IPV4:PORT/audio/male/0.mp3","message":"เกิดข้อผิดพลาดในการเล่นไฟล์เสียง: /audio/male/0.mp3","error":"Playback was unable to start. This is most commonly an issue on mobile devices and Chrome where playback was not within a user interaction.","timestamp":"2025-11-15T21:40:49.954Z"}
{"screenId":"3","vn":"681012160536640","action":"play_error","audioUrl":"http://IPV4:PORT/audio/male/0.mp3","message":"เกิดข้อผิดพลาดในการเล่นไฟล์เสียง: /audio/male/0.mp3","error":"Playback was unable to start. This is most commonly an issue on mobile devices and Chrome where playback was not within a user interaction.","timestamp":"2025-11-15T21:40:49.996Z"}
{"screenId":"3","vn":"681012160536640","action":"play_error","audioUrl":"http://IPV4:PORT/audio/male/1.mp3","message":"เกิดข้อผิดพลาดในการเล่นไฟล์เสียง: /audio/male/1.mp3","error":"Playback was unable to start. This is most commonly an issue on mobile devices and Chrome where playback was not within a user interaction.","timestamp":"2025-11-15T21:40:50.020Z"}
{"screenId":"3","vn":"681012160536640","action":"play_error","audioUrl":"http://IPV4:PORT/audio/male/1.mp3","message":"เกิดข้อผิดพลาดในการเล่นไฟล์เสียง: /audio/male/1.mp3","error":"Playback was unable to start. This is most commonly an issue on mobile devices and Chrome where playback was not within a user interaction.","timestamp":"2025-11-15T21:40:50.280Z"}
{"screenId":"3","vn":"681012160536640","action":"load_success","audioUrl":"http://IPV4:PORT/audio/cache/male/%E0%B8%8A%E0%B9%88%E0%B8%AD%E0%B8%87%E0%B8%A3%E0%B8%B1%E0%B8%9A%E0%B8%A2%E0%B8%B21.mp3","message":"โหลดไฟล์เสียงสำเร็จ: /audio/cache/male/%E0%B8%8A%E0%B9%88%E0%B8%AD%E0%B8%87%E0%B8%A3%E0%B8%B1%E0%B8%9A%E0%B8%A2%E0%B8%B21.mp3","timestamp":"2025-11-15T21:40:51.064Z"}
{"screenId":"3","vn":"681012160536640","action":"play_start","audioUrl":"http://IPV4:PORT/audio/cache/male/%E0%B8%8A%E0%B9%88%E0%B8%AD%E0%B8%87%E0%B8%A3%E0%B8%B1%E0%B8%9A%E0%B8%A2%E0%B8%B21.mp3","message":"เริ่มเล่นไฟล์เสียง: /audio/cache/male/%E0%B8%8A%E0%B9%88%E0%B8%AD%E0%B8%87%E0%B8%A3%E0%B8%B1%E0%B8%9A%E0%B8%A2%E0%B8%B21.mp3","timestamp":"2025-11-15T21:40:51.032Z"}
{"screenId":"3","vn":"681012160536640","action":"load_start","audioUrl":"http://IPV4:PORT/audio/male/prefix.mp3","message":"กำลังโหลดไฟล์เสียง: /audio/male/prefix.mp3","timestamp":"2025-11-15T21:40:50.502Z"}
{"screenId":"3","vn":"681012160536640","action":"play_error","audioUrl":"http://IPV4:PORT/audio/cache/male/%E0%B8%8A%E0%B9%88%E0%B8%AD%E0%B8%87%E0%B8%A3%E0%B8%B1%E0%B8%9A%E0%B8%A2%E0%B8%B21.mp3","message":"เกิดข้อผิดพลาดในการเล่นไฟล์เสียง: /audio/cache/male/%E0%B8%8A%E0%B9%88%E0%B8%AD%E0%B8%87%E0%B8%A3%E0%B8%B1%E0%B8%9A%E0%B8%A2%E0%B8%B21.mp3","error":"Playback was unable to start. This is most commonly an issue on mobile devices and Chrome where playback was not within a user interaction.","timestamp":"2025-11-15T21:40:51.069Z"}
{"screenId":"3","vn":"681012160536640","action":"play_error","audioUrl":"http://IPV4:PORT/audio/cache/male/%E0%B8%8A%E0%B9%88%E0%B8%AD%E0%B8%87%E0%B8%A3%E0%B8%B1%E0%B8%9A%E0%B8%A2%E0%B8%B21.mp3","message":"เกิดข้อผิดพลาดในการเล่นไฟล์เสียง: /audio/cache/male/%E0%B8%8A%E0%B9%88%E0%B8%AD%E0%B8%87%E0%B8%A3%E0%B8%B1%E0%B8%9A%E0%B8%A2%E0%B8%B21.mp3","error":"Playback was unable to start. This is most commonly an issue on mobile devices and Chrome where playback was not within a user interaction.","timestamp":"2025-11-15T21:40:51.120Z"}
{"screenId":"3","vn":"681012160536640","action":"play_start","audioUrl":"http://IPV4:PORT/audio/male/prefix.mp3","message":"เริ่มเล่นไฟล์เสียง: /audio/male/prefix.mp3","timestamp":"2025-11-15T21:40:54.597Z"}
{"screenId":"3","vn":"681012160536640","action":"load_success","audioUrl":"http://IPV4:PORT/audio/male/prefix.mp3","message":"โหลดไฟล์เสียงสำเร็จ: /audio/male/prefix.mp3","timestamp":"2025-11-15T21:40:54.820Z"}
{"screenId":"3","vn":"681012160536640","action":"play_error","audioUrl":"http://IPV4:PORT/audio/male/prefix.mp3","message":"เกิดข้อผิดพลาดในการเล่นไฟล์เสียง: /audio/male/prefix.mp3","error":"Playback was unable to start. This is most commonly an issue on mobile devices and Chrome where playback was not within a user interaction.","timestamp":"2025-11-15T21:40:55.052Z"}
{"screenId":"3","vn":"681012160536640","action":"load_start","audioUrl":"http://IPV4:PORT/audio/male/A.mp3","message":"กำลังโหลดไฟล์เสียง: /audio/male/A.mp3","timestamp":"2025-11-15T21:40:55.400Z"}
{"screenId":"3","vn":"681012160536640","action":"play_error","audioUrl":"http://IPV4:PORT/audio/male/prefix.mp3","message":"เกิดข้อผิดพลาดในการเล่นไฟล์เสียง: /audio/male/prefix.mp3","error":"Playback was unable to start. This is most commonly an issue on mobile devices and Chrome where playback was not within a user interaction.","timestamp":"2025-11-15T21:40:55.431Z"}
{"screenId":"3","vn":"681012160536640","action":"load_start","audioUrl":"http://IPV4:PORT/audio/male/0.mp3","message":"กำลังโหลดไฟล์เสียง: /audio/male/0.mp3","timestamp":"2025-11-15T21:40:55.463Z"}
{"screenId":"3","vn":"681012160536640","action":"play_start","audioUrl":"http://IPV4:PORT/audio/male/A.mp3","message":"เริ่มเล่นไฟล์เสียง: /audio/male/A.mp3","timestamp":"2025-11-15T21:40:57.469Z"}
{"screenId":"3","vn":"681012160536640","action":"load_success","audioUrl":"http://IPV4:PORT/audio/male/A.mp3","message":"โหลดไฟล์เสียงสำเร็จ: /audio/male/A.mp3","timestamp":"2025-11-15T21:40:57.482Z"}
{"screenId":"3","vn":"681012160536640","action":"load_success","audioUrl":"http://IPV4:PORT/audio/male/0.mp3","message":"โหลดไฟล์เสียงสำเร็จ: /audio/male/0.mp3","timestamp":"2025-11-15T21:40:57.561Z"}
{"screenId":"3","vn":"681012160536640","action":"play_start","audioUrl":"http://IPV4:PORT/audio/male/0.mp3","message":"เริ่มเล่นไฟล์เสียง: /audio/male/0.mp3","timestamp":"2025-11-15T21:40:57.534Z"}
{"screenId":"3","vn":"681012160536640","action":"play_error","audioUrl":"http://IPV4:PORT/audio/male/A.mp3","message":"เกิดข้อผิดพลาดในการเล่นไฟล์เสียง: /audio/male/A.mp3","error":"Playback was unable to start. This is most commonly an issue on mobile devices and Chrome where playback was not within a user interaction.","timestamp":"2025-11-15T21:40:57.615Z"}
{"screenId":"3","vn":"681012160536640","action":"load_start","audioUrl":"http://IPV4:PORT/audio/male/0.mp3","message":"กำลังโหลดไฟล์เสียง: /audio/male/0.mp3","timestamp":"2025-11-15T21:40:57.826Z"}
{"screenId":"3","vn":"681012160536640","action":"play_error","audioUrl":"http://IPV4:PORT/audio/male/A.mp3","message":"เกิดข้อผิดพลาดในการเล่นไฟล์เสียง: /audio/male/A.mp3","error":"Playback was unable to start. This is most commonly an issue on mobile devices and Chrome where playback was not within a user interaction.","timestamp":"2025-11-15T21:40:57.932Z"}
{"screenId":"3","vn":"681012160536640","action":"load_start","audioUrl":"http://IPV4:PORT/audio/male/1.mp3","message":"กำลังโหลดไฟล์เสียง: /audio/male/1.mp3","timestamp":"2025-11-15T21:40:57.998Z"}
{"screenId":"3","vn":"681012160536640","action":"play_error","audioUrl":"http://IPV4:PORT/audio/male/0.mp3","message":"เกิดข้อผิดพลาดในการเล่นไฟล์เสียง: /audio/male/0.mp3","error":"Playback was unable to start. This is most commonly an issue on mobile devices and Chrome where playback was not within a user interaction.","timestamp":"2025-11-15T21:40:58.532Z"}
{"screenId":"3","vn":"681012160536640","action":"play_error","audioUrl":"http://IPV4:PORT/audio/male/0.mp3","message":"เกิดข้อผิดพลาดในการเล่นไฟล์เสียง: /audio/male/0.mp3","error":"Playback was unable to start. This is most commonly an issue on mobile devices and Chrome where playback was not within a user interaction.","timestamp":"2025-11-15T21:40:58.244Z"}
{"screenId":"3","vn":"681012160536640","action":"load_start","audioUrl":"http://IPV4:PORT/audio/cache/male/%E0%B8%8A%E0%B9%88%E0%B8%AD%E0%B8%87%E0%B8%A3%E0%B8%B1%E0%B8%9A%E0%B8%A2%E0%B8%B21.mp3","message":"กำลังโหลดไฟล์เสียง: /audio/cache/male/%E0%B8%8A%E0%B9%88%E0%B8%AD%E0%B8%87%E0%B8%A3%E0%B8%B1%E0%B8%9A%E0%B8%A2%E0%B8%B21.mp3","timestamp":"2025-11-15T21:40:58.425Z"}
{"screenId":"3","vn":"681012160536640","action":"load_success","audioUrl":"http://IPV4:PORT/audio/male/0.mp3","message":"โหลดไฟล์เสียงสำเร็จ: /audio/male/0.mp3","timestamp":"2025-11-15T21:41:01.812Z"}
{"screenId":"3","vn":"681012160536640","action":"play_error","audioUrl":"http://IPV4:PORT/audio/male/0.mp3","message":"เกิดข้อผิดพลาดในการเล่นไฟล์เสียง: /audio/male/0.mp3","error":"Playback was unable to start. This is most commonly an issue on mobile devices and Chrome where playback was not within a user interaction.","timestamp":"2025-11-15T21:41:01.928Z"}
{"screenId":"3","vn":"681012160536640","action":"play_start","audioUrl":"http://IPV4:PORT/audio/male/0.mp3","message":"เริ่มเล่นไฟล์เสียง: /audio/male/0.mp3","timestamp":"2025-11-15T21:41:01.798Z"}
{"screenId":"3","vn":"681012160536640","action":"play_error","audioUrl":"http://IPV4:PORT/audio/male/0.mp3","message":"เกิดข้อผิดพลาดในการเล่นไฟล์เสียง: /audio/male/0.mp3","error":"Playback was unable to start. This is most commonly an issue on mobile devices and Chrome where playback was not within a user interaction.","timestamp":"2025-11-15T21:41:01.829Z"}
{"screenId":"3","vn":"681012160536640","action":"load_start","audioUrl":"http://IPV4:PORT/audio/male/prefix.mp3","message":"กำลังโหลดไฟล์เสียง: /audio/male/prefix.mp3","timestamp":"2025-11-15T21:41:02.459Z"}
{"screenId":"3","vn":"681012160536640","action":"play_start","audioUrl":"http://IPV4:PORT/audio/male/1.mp3","message":"เริ่มเล่นไฟล์เสียง: /audio/male/1.mp3","timestamp":"2025-11-15T21:41:04.314Z"}
{"screenId":"3","vn":"681012160536640","action":"load_success","audioUrl":"http://IPV4:PORT/audio/male/1.mp3","message":"โหลดไฟล์เสียงสำเร็จ: /audio/male/1.mp3","timestamp":"2025-11-15T21:41:04.327Z"}
{"screenId":"3","vn":"681012160536640","action":"play_error","audioUrl":"http://IPV4:PORT/audio/male/1.mp3","message":"เกิดข้อผิดพลาดในการเล่นไฟล์เสียง: /audio/male/1.mp3","error":"Playback was unable to start. This is most commonly an issue on mobile devices and Chrome where playback was not within a user interaction.","timestamp":"2025-11-15T21:41:04.450Z"}
{"screenId":"3","vn":"681012160536640","action":"play_error","audioUrl":"http://IPV4:PORT/audio/male/1.mp3","message":"เกิดข้อผิดพลาดในการเล่นไฟล์เสียง: /audio/male/1.mp3","error":"Playback was unable to start. This is most commonly an issue on mobile devices and Chrome where playback was not within a user interaction.","timestamp":"2025-11-15T21:41:04.554Z"}
{"screenId":"3","vn":"681012160536640","action":"play_start","audioUrl":"http://IPV4:PORT/audio/cache/male/%E0%B8%8A%E0%B9%88%E0%B8%AD%E0%B8%87%E0%B8%A3%E0%B8%B1%E0%B8%9A%E0%B8%A2%E0%B8%B21.mp3","message":"เริ่มเล่นไฟล์เสียง: /audio/cache/male/%E0%B8%8A%E0%B9%88%E0%B8%AD%E0%B8%87%E0%B8%A3%E0%B8%B1%E0%B8%9A%E0%B8%A2%E0%B8%B21.mp3","timestamp":"2025-11-15T21:41:04.618Z"}
{"screenId":"3","vn":"681012160536640","action":"load_success","audioUrl":"http://IPV4:PORT/audio/cache/male/%E0%B8%8A%E0%B9%88%E0%B8%AD%E0%B8%87%E0%B8%A3%E0%B8%B1%E0%B8%9A%E0%B8%A2%E0%B8%B21.mp3","message":"โหลดไฟล์เสียงสำเร็จ: /audio/cache/male/%E0%B8%8A%E0%B9%88%E0%B8%AD%E0%B8%87%E0%B8%A3%E0%B8%B1%E0%B8%9A%E0%B8%A2%E0%B8%B21.mp3","timestamp":"2025-11-15T21:41:04.654Z"}
{"screenId":"3","vn":"681012160536640","action":"play_error","audioUrl":"http://IPV4:PORT/audio/cache/male/%E0%B8%8A%E0%B9%88%E0%B8%AD%E0%B8%87%E0%B8%A3%E0%B8%B1%E0%B8%9A%E0%B8%A2%E0%B8%B21.mp3","message":"เกิดข้อผิดพลาดในการเล่นไฟล์เสียง: /audio/cache/male/%E0%B8%8A%E0%B9%88%E0%B8%AD%E0%B8%87%E0%B8%A3%E0%B8%B1%E0%B8%9A%E0%B8%A2%E0%B8%B21.mp3","error":"Playback was unable to start. This is most commonly an issue on mobile devices and Chrome where playback was not within a user interaction.","timestamp":"2025-11-15T21:41:04.668Z"}
{"screenId":"3","vn":"681012160536640","action":"play_error","audioUrl":"http://IPV4:PORT/audio/cache/male/%E0%B8%8A%E0%B9%88%E0%B8%AD%E0%B8%87%E0%B8%A3%E0%B8%B1%E0%B8%9A%E0%B8%A2%E0%B8%B21.mp3","message":"เกิดข้อผิดพลาดในการเล่นไฟล์เสียง: /audio/cache/male/%E0%B8%8A%E0%B9%88%E0%B8%AD%E0%B8%87%E0%B8%A3%E0%B8%B1%E0%B8%9A%E0%B8%A2%E0%B8%B21.mp3","error":"Playback was unable to start. This is most commonly an issue on mobile devices and Chrome where playback was not within a user interaction.","timestamp":"2025-11-15T21:41:04.681Z"}
{"screenId":"3","vn":"681012160536640","action":"play_start","audioUrl":"http://IPV4:PORT/audio/male/prefix.mp3","message":"เริ่มเล่นไฟล์เสียง: /audio/male/prefix.mp3","timestamp":"2025-11-15T21:41:08.388Z"}
{"screenId":"3","vn":"681012160536640","action":"load_success","audioUrl":"http://IPV4:PORT/audio/male/prefix.mp3","message":"โหลดไฟล์เสียงสำเร็จ: /audio/male/prefix.mp3","timestamp":"2025-11-15T21:41:08.394Z"}
{"screenId":"3","vn":"681012160536640","action":"play_error","audioUrl":"http://IPV4:PORT/audio/male/prefix.mp3","message":"เกิดข้อผิดพลาดในการเล่นไฟล์เสียง: /audio/male/prefix.mp3","error":"Playback was unable to start. This is most commonly an issue on mobile devices and Chrome where playback was not within a user interaction.","timestamp":"2025-11-15T21:41:08.483Z"}
{"screenId":"3","vn":"681012160536640","action":"load_start","audioUrl":"http://IPV4:PORT/audio/male/A.mp3","message":"กำลังโหลดไฟล์เสียง: /audio/male/A.mp3","timestamp":"2025-11-15T21:41:08.584Z"}
{"screenId":"3","vn":"681012160536640","action":"play_error","audioUrl":"http://IPV4:PORT/audio/male/prefix.mp3","message":"เกิดข้อผิดพลาดในการเล่นไฟล์เสียง: /audio/male/prefix.mp3","error":"Playback was unable to start. This is most commonly an issue on mobile devices and Chrome where playback was not within a user interaction.","timestamp":"2025-11-15T21:41:08.828Z"}
{"screenId":"3","vn":"681012160536640","action":"load_start","audioUrl":"http://IPV4:PORT/audio/male/0.mp3","message":"กำลังโหลดไฟล์เสียง: /audio/male/0.mp3","timestamp":"2025-11-15T21:41:09.080Z"}
{"screenId":"3","vn":"681012160536640","action":"play_start","audioUrl":"http://IPV4:PORT/audio/male/0.mp3","message":"เริ่มเล่นไฟล์เสียง: /audio/male/0.mp3","timestamp":"2025-11-15T21:41:11.653Z"}
{"screenId":"3","vn":"681012160536640","action":"load_success","audioUrl":"http://IPV4:PORT/audio/male/A.mp3","message":"โหลดไฟล์เสียงสำเร็จ: /audio/male/A.mp3","timestamp":"2025-11-15T21:41:11.701Z"}
{"screenId":"3","vn":"681012160536640","action":"play_start","audioUrl":"http://IPV4:PORT/audio/male/A.mp3","message":"เริ่มเล่นไฟล์เสียง: /audio/male/A.mp3","timestamp":"2025-11-15T21:41:11.684Z"}
{"screenId":"3","vn":"681012160536640","action":"load_success","audioUrl":"http://IPV4:PORT/audio/male/0.mp3","message":"โหลดไฟล์เสียงสำเร็จ: /audio/male/0.mp3","timestamp":"2025-11-15T21:41:11.670Z"}
{"screenId":"3","vn":"681012160536640","action":"play_error","audioUrl":"http://IPV4:PORT/audio/male/0.mp3","message":"เกิดข้อผิดพลาดในการเล่นไฟล์เสียง: /audio/male/0.mp3","error":"Playback was unable to start. This is most commonly an issue on mobile devices and Chrome where playback was not within a user interaction.","timestamp":"2025-11-15T21:41:11.750Z"}
{"screenId":"3","vn":"681012160536640","action":"load_start","audioUrl":"http://IPV4:PORT/audio/male/0.mp3","message":"กำลังโหลดไฟล์เสียง: /audio/male/0.mp3","timestamp":"2025-11-15T21:41:11.776Z"}
{"screenId":"3","vn":"681012160536640","action":"play_error","audioUrl":"http://IPV4:PORT/audio/male/0.mp3","message":"เกิดข้อผิดพลาดในการเล่นไฟล์เสียง: /audio/male/0.mp3","error":"Playback was unable to start. This is most commonly an issue on mobile devices and Chrome where playback was not within a user interaction.","timestamp":"2025-11-15T21:41:11.801Z"}
{"screenId":"3","vn":"681012160536640","action":"load_start","audioUrl":"http://IPV4:PORT/audio/male/1.mp3","message":"กำลังโหลดไฟล์เสียง: /audio/male/1.mp3","timestamp":"2025-11-15T21:41:11.831Z"}
{"screenId":"3","vn":"681012160536640","action":"load_start","audioUrl":"http://IPV4:PORT/audio/cache/male/%E0%B8%8A%E0%B9%88%E0%B8%AD%E0%B8%87%E0%B8%A3%E0%B8%B1%E0%B8%9A%E0%B8%A2%E0%B8%B21.mp3","message":"กำลังโหลดไฟล์เสียง: /audio/cache/male/%E0%B8%8A%E0%B9%88%E0%B8%AD%E0%B8%87%E0%B8%A3%E0%B8%B1%E0%B8%9A%E0%B8%A2%E0%B8%B21.mp3","timestamp":"2025-11-15T21:41:11.860Z"}
{"screenId":"3","vn":"681012160536640","action":"play_error","audioUrl":"http://IPV4:PORT/audio/male/A.mp3","message":"เกิดข้อผิดพลาดในการเล่นไฟล์เสียง: /audio/male/A.mp3","error":"Playback was unable to start. This is most commonly an issue on mobile devices and Chrome where playback was not within a user interaction.","timestamp":"2025-11-15T21:41:11.851Z"}
{"screenId":"3","vn":"681012160536640","action":"play_error","audioUrl":"http://IPV4:PORT/audio/male/A.mp3","message":"เกิดข้อผิดพลาดในการเล่นไฟล์เสียง: /audio/male/A.mp3","error":"Playback was unable to start. This is most commonly an issue on mobile devices and Chrome where playback was not within a user interaction.","timestamp":"2025-11-15T21:41:11.968Z"}
{"screenId":"3","vn":"681012160536640","action":"load_start","audioUrl":"http://IPV4:PORT/audio/male/prefix.mp3","message":"กำลังโหลดไฟล์เสียง: /audio/male/prefix.mp3","timestamp":"2025-11-15T21:41:14.552Z"}
{"screenId":"3","vn":"681012160536640","action":"play_start","audioUrl":"http://IPV4:PORT/audio/male/0.mp3","message":"เริ่มเล่นไฟล์เสียง: /audio/male/0.mp3","timestamp":"2025-11-15T21:41:17.015Z"}
{"screenId":"3","vn":"681012160536640","action":"load_success","audioUrl":"http://IPV4:PORT/audio/male/0.mp3","message":"โหลดไฟล์เสียงสำเร็จ: /audio/male/0.mp3","timestamp":"2025-11-15T21:41:17.067Z"}
{"screenId":"3","vn":"681012160536640","action":"play_start","audioUrl":"http://IPV4:PORT/audio/male/1.mp3","message":"เริ่มเล่นไฟล์เสียง: /audio/male/1.mp3","timestamp":"2025-11-15T21:41:17.132Z"}
{"screenId":"3","vn":"681012160536640","action":"play_start","audioUrl":"http://IPV4:PORT/audio/cache/male/%E0%B8%8A%E0%B9%88%E0%B8%AD%E0%B8%87%E0%B8%A3%E0%B8%B1%E0%B8%9A%E0%B8%A2%E0%B8%B21.mp3","message":"เริ่มเล่นไฟล์เสียง: /audio/cache/male/%E0%B8%8A%E0%B9%88%E0%B8%AD%E0%B8%87%E0%B8%A3%E0%B8%B1%E0%B8%9A%E0%B8%A2%E0%B8%B21.mp3","timestamp":"2025-11-15T21:41:17.294Z"}
{"screenId":"3","vn":"681012160536640","action":"load_success","audioUrl":"http://IPV4:PORT/audio/cache/male/%E0%B8%8A%E0%B9%88%E0%B8%AD%E0%B8%87%E0%B8%A3%E0%B8%B1%E0%B8%9A%E0%B8%A2%E0%B8%B21.mp3","message":"โหลดไฟล์เสียงสำเร็จ: /audio/cache/male/%E0%B8%8A%E0%B9%88%E0%B8%AD%E0%B8%87%E0%B8%A3%E0%B8%B1%E0%B8%9A%E0%B8%A2%E0%B8%B21.mp3","timestamp":"2025-11-15T21:41:17.408Z"}
{"screenId":"3","vn":"681012160536640","action":"load_success","audioUrl":"http://IPV4:PORT/audio/male/1.mp3","message":"โหลดไฟล์เสียงสำเร็จ: /audio/male/1.mp3","timestamp":"2025-11-15T21:41:17.285Z"}
{"screenId":"3","vn":"681012160536640","action":"play_error","audioUrl":"http://IPV4:PORT/audio/male/0.mp3","message":"เกิดข้อผิดพลาดในการเล่นไฟล์เสียง: /audio/male/0.mp3","error":"Playback was unable to start. This is most commonly an issue on mobile devices and Chrome where playback was not within a user interaction.","timestamp":"2025-11-15T21:41:17.537Z"}
{"screenId":"3","vn":"681012160536640","action":"play_error","audioUrl":"http://IPV4:PORT/audio/male/0.mp3","message":"เกิดข้อผิดพลาดในการเล่นไฟล์เสียง: /audio/male/0.mp3","error":"Playback was unable to start. This is most commonly an issue on mobile devices and Chrome where playback was not within a user interaction.","timestamp":"2025-11-15T21:41:17.597Z"}
{"screenId":"3","vn":"681012160536640","action":"play_error","audioUrl":"http://IPV4:PORT/audio/male/1.mp3","message":"เกิดข้อผิดพลาดในการเล่นไฟล์เสียง: /audio/male/1.mp3","error":"Playback was unable to start. This is most commonly an issue on mobile devices and Chrome where playback was not within a user interaction.","timestamp":"2025-11-15T21:41:17.759Z"}
{"screenId":"3","vn":"681012160536640","action":"play_error","audioUrl":"http://IPV4:PORT/audio/male/1.mp3","message":"เกิดข้อผิดพลาดในการเล่นไฟล์เสียง: /audio/male/1.mp3","error":"Playback was unable to start. This is most commonly an issue on mobile devices and Chrome where playback was not within a user interaction.","timestamp":"2025-11-15T21:41:17.819Z"}
{"screenId":"3","vn":"681012160536640","action":"play_error","audioUrl":"http://IPV4:PORT/audio/cache/male/%E0%B8%8A%E0%B9%88%E0%B8%AD%E0%B8%87%E0%B8%A3%E0%B8%B1%E0%B8%9A%E0%B8%A2%E0%B8%B21.mp3","message":"เกิดข้อผิดพลาดในการเล่นไฟล์เสียง: /audio/cache/male/%E0%B8%8A%E0%B9%88%E0%B8%AD%E0%B8%87%E0%B8%A3%E0%B8%B1%E0%B8%9A%E0%B8%A2%E0%B8%B21.mp3","error":"Playback was unable to start. This is most commonly an issue on mobile devices and Chrome where playback was not within a user interaction.","timestamp":"2025-11-15T21:41:17.858Z"}
{"screenId":"3","vn":"681012160536640","action":"play_error","audioUrl":"http://IPV4:PORT/audio/cache/male/%E0%B8%8A%E0%B9%88%E0%B8%AD%E0%B8%87%E0%B8%A3%E0%B8%B1%E0%B8%9A%E0%B8%A2%E0%B8%B21.mp3","message":"เกิดข้อผิดพลาดในการเล่นไฟล์เสียง: /audio/cache/male/%E0%B8%8A%E0%B9%88%E0%B8%AD%E0%B8%87%E0%B8%A3%E0%B8%B1%E0%B8%9A%E0%B8%A2%E0%B8%B21.mp3","error":"Playback was unable to start. This is most commonly an issue on mobile devices and Chrome where playback was not within a user interaction.","timestamp":"2025-11-15T21:41:17.938Z"}
{"screenId":"3","vn":"681012160536640","action":"play_start","audioUrl":"http://IPV4:PORT/audio/male/prefix.mp3","message":"เริ่มเล่นไฟล์เสียง: /audio/male/prefix.mp3","timestamp":"2025-11-15T21:41:18.376Z"}
{"screenId":"3","vn":"681012160536640","action":"load_success","audioUrl":"http://IPV4:PORT/audio/male/prefix.mp3","message":"โหลดไฟล์เสียงสำเร็จ: /audio/male/prefix.mp3","timestamp":"2025-11-15T21:41:18.425Z"}
{"screenId":"3","vn":"681012160536640","action":"play_error","audioUrl":"http://IPV4:PORT/audio/male/prefix.mp3","message":"เกิดข้อผิดพลาดในการเล่นไฟล์เสียง: /audio/male/prefix.mp3","error":"Playback was unable to start. This is most commonly an issue on mobile devices and Chrome where playback was not within a user interaction.","timestamp":"2025-11-15T21:41:18.544Z"}
{"screenId":"3","vn":"681012160536640","action":"load_start","audioUrl":"http://IPV4:PORT/audio/male/A.mp3","message":"กำลังโหลดไฟล์เสียง: /audio/male/A.mp3","timestamp":"2025-11-15T21:41:18.548Z"}
{"screenId":"3","vn":"681012160536640","action":"load_start","audioUrl":"http://IPV4:PORT/audio/male/0.mp3","message":"กำลังโหลดไฟล์เสียง: /audio/male/0.mp3","timestamp":"2025-11-15T21:41:18.680Z"}
{"screenId":"3","vn":"681012160536640","action":"play_error","audioUrl":"http://IPV4:PORT/audio/male/prefix.mp3","message":"เกิดข้อผิดพลาดในการเล่นไฟล์เสียง: /audio/male/prefix.mp3","error":"Playback was unable to start. This is most commonly an issue on mobile devices and Chrome where playback was not within a user interaction.","timestamp":"2025-11-15T21:41:18.581Z"}
{"screenId":"3","vn":"681012160536640","action":"play_start","audioUrl":"http://IPV4:PORT/audio/male/A.mp3","message":"เริ่มเล่นไฟล์เสียง: /audio/male/A.mp3","timestamp":"2025-11-15T21:41:22.646Z"}
{"screenId":"3","vn":"681012160536640","action":"load_success","audioUrl":"http://IPV4:PORT/audio/male/A.mp3","message":"โหลดไฟล์เสียงสำเร็จ: /audio/male/A.mp3","timestamp":"2025-11-15T21:41:22.798Z"}
{"screenId":"3","vn":"681012160536640","action":"play_start","audioUrl":"http://IPV4:PORT/audio/male/0.mp3","message":"เริ่มเล่นไฟล์เสียง: /audio/male/0.mp3","timestamp":"2025-11-15T21:41:22.815Z"}
{"screenId":"3","vn":"681012160536640","action":"play_error","audioUrl":"http://IPV4:PORT/audio/male/A.mp3","message":"เกิดข้อผิดพลาดในการเล่นไฟล์เสียง: /audio/male/A.mp3","error":"Playback was unable to start. This is most commonly an issue on mobile devices and Chrome where playback was not within a user interaction.","timestamp":"2025-11-15T21:41:22.853Z"}
{"screenId":"3","vn":"681012160536640","action":"load_success","audioUrl":"http://IPV4:PORT/audio/male/0.mp3","message":"โหลดไฟล์เสียงสำเร็จ: /audio/male/0.mp3","timestamp":"2025-11-15T21:41:22.827Z"}
{"screenId":"3","vn":"681012160536640","action":"load_start","audioUrl":"http://IPV4:PORT/audio/male/0.mp3","message":"กำลังโหลดไฟล์เสียง: /audio/male/0.mp3","timestamp":"2025-11-15T21:41:22.881Z"}
{"screenId":"3","vn":"681012160536640","action":"play_error","audioUrl":"http://IPV4:PORT/audio/male/A.mp3","message":"เกิดข้อผิดพลาดในการเล่นไฟล์เสียง: /audio/male/A.mp3","error":"Playback was unable to start. This is most commonly an issue on mobile devices and Chrome where playback was not within a user interaction.","timestamp":"2025-11-15T21:41:22.913Z"}
{"screenId":"3","vn":"681012160536640","action":"play_error","audioUrl":"http://IPV4:PORT/audio/male/0.mp3","message":"เกิดข้อผิดพลาดในการเล่นไฟล์เสียง: /audio/male/0.mp3","error":"Playback was unable to start. This is most commonly an issue on mobile devices and Chrome where playback was not within a user interaction.","timestamp":"2025-11-15T21:41:23.092Z"}
{"screenId":"3","vn":"681012160536640","action":"load_start","audioUrl":"http://IPV4:PORT/audio/male/1.mp3","message":"กำลังโหลดไฟล์เสียง: /audio/male/1.mp3","timestamp":"2025-11-15T21:41:22.945Z"}
{"screenId":"3","vn":"681012160536640","action":"play_error","audioUrl":"http://IPV4:PORT/audio/male/0.mp3","message":"เกิดข้อผิดพลาดในการเล่นไฟล์เสียง: /audio/male/0.mp3","error":"Playback was unable to start. This is most commonly an issue on mobile devices and Chrome where playback was not within a user interaction.","timestamp":"2025-11-15T21:41:23.231Z"}
{"screenId":"3","vn":"681012160536640","action":"load_start","audioUrl":"http://IPV4:PORT/audio/cache/male/%E0%B8%8A%E0%B9%88%E0%B8%AD%E0%B8%87%E0%B8%A3%E0%B8%B1%E0%B8%9A%E0%B8%A2%E0%B8%B21.mp3","message":"กำลังโหลดไฟล์เสียง: /audio/cache/male/%E0%B8%8A%E0%B9%88%E0%B8%AD%E0%B8%87%E0%B8%A3%E0%B8%B1%E0%B8%9A%E0%B8%A2%E0%B8%B21.mp3","timestamp":"2025-11-15T21:41:23.132Z"}
{"screenId":"3","vn":"681012160536640","action":"play_start","audioUrl":"http://IPV4:PORT/audio/male/0.mp3","message":"เริ่มเล่นไฟล์เสียง: /audio/male/0.mp3","timestamp":"2025-11-15T21:41:24.454Z"}
{"screenId":"3","vn":"681012160536640","action":"load_success","audioUrl":"http://IPV4:PORT/audio/male/0.mp3","message":"โหลดไฟล์เสียงสำเร็จ: /audio/male/0.mp3","timestamp":"2025-11-15T21:41:24.780Z"}
{"screenId":"3","vn":"681012160536640","action":"play_error","audioUrl":"http://IPV4:PORT/audio/male/0.mp3","message":"เกิดข้อผิดพลาดในการเล่นไฟล์เสียง: /audio/male/0.mp3","error":"Playback was unable to start. This is most commonly an issue on mobile devices and Chrome where playback was not within a user interaction.","timestamp":"2025-11-15T21:41:25.097Z"}
{"screenId":"3","vn":"681012160536640","action":"play_start","audioUrl":"http://IPV4:PORT/audio/cache/male/%E0%B8%8A%E0%B9%88%E0%B8%AD%E0%B8%87%E0%B8%A3%E0%B8%B1%E0%B8%9A%E0%B8%A2%E0%B8%B21.mp3","message":"เริ่มเล่นไฟล์เสียง: /audio/cache/male/%E0%B8%8A%E0%B9%88%E0%B8%AD%E0%B8%87%E0%B8%A3%E0%B8%B1%E0%B8%9A%E0%B8%A2%E0%B8%B21.mp3","timestamp":"2025-11-15T21:41:25.203Z"}
{"screenId":"3","vn":"681012160536640","action":"play_error","audioUrl":"http://IPV4:PORT/audio/male/0.mp3","message":"เกิดข้อผิดพลาดในการเล่นไฟล์เสียง: /audio/male/0.mp3","error":"Playback was unable to start. This is most commonly an issue on mobile devices and Chrome where playback was not within a user interaction.","timestamp":"2025-11-15T21:41:24.964Z"}
{"screenId":"3","vn":"681012160536640","action":"load_success","audioUrl":"http://IPV4:PORT/audio/cache/male/%E0%B8%8A%E0%B9%88%E0%B8%AD%E0%B8%87%E0%B8%A3%E0%B8%B1%E0%B8%9A%E0%B8%A2%E0%B8%B21.mp3","message":"โหลดไฟล์เสียงสำเร็จ: /audio/cache/male/%E0%B8%8A%E0%B9%88%E0%B8%AD%E0%B8%87%E0%B8%A3%E0%B8%B1%E0%B8%9A%E0%B8%A2%E0%B8%B21.mp3","timestamp":"2025-11-15T21:41:25.231Z"}
{"screenId":"3","vn":"681012160536640","action":"play_error","audioUrl":"http://IPV4:PORT/audio/cache/male/%E0%B8%8A%E0%B9%88%E0%B8%AD%E0%B8%87%E0%B8%A3%E0%B8%B1%E0%B8%9A%E0%B8%A2%E0%B8%B21.mp3","message":"เกิดข้อผิดพลาดในการเล่นไฟล์เสียง: /audio/cache/male/%E0%B8%8A%E0%B9%88%E0%B8%AD%E0%B8%87%E0%B8%A3%E0%B8%B1%E0%B8%9A%E0%B8%A2%E0%B8%B21.mp3","error":"Playback was unable to start. This is most commonly an issue on mobile devices and Chrome where playback was not within a user interaction.","timestamp":"2025-11-15T21:41:25.249Z"}
{"screenId":"3","vn":"681012160536640","action":"play_error","audioUrl":"http://IPV4:PORT/audio/male/1.mp3","message":"เกิดข้อผิดพลาดในการเล่นไฟล์เสียง: /audio/male/1.mp3","error":"Playback was unable to start. This is most commonly an issue on mobile devices and Chrome where playback was not within a user interaction.","timestamp":"2025-11-15T21:41:26.132Z"}
{"screenId":"3","vn":"681012160536640","action":"load_success","audioUrl":"http://IPV4:PORT/audio/male/1.mp3","message":"โหลดไฟล์เสียงสำเร็จ: /audio/male/1.mp3","timestamp":"2025-11-15T21:41:26.099Z"}
{"screenId":"3","vn":"681012160536640","action":"play_error","audioUrl":"http://IPV4:PORT/audio/cache/male/%E0%B8%8A%E0%B9%88%E0%B8%AD%E0%B8%87%E0%B8%A3%E0%B8%B1%E0%B8%9A%E0%B8%A2%E0%B8%B21.mp3","message":"เกิดข้อผิดพลาดในการเล่นไฟล์เสียง: /audio/cache/male/%E0%B8%8A%E0%B9%88%E0%B8%AD%E0%B8%87%E0%B8%A3%E0%B8%B1%E0%B8%9A%E0%B8%A2%E0%B8%B21.mp3","error":"Playback was unable to start. This is most commonly an issue on mobile devices and Chrome where playback was not within a user interaction.","timestamp":"2025-11-15T21:41:25.324Z"}
{"screenId":"3","vn":"681012160536640","action":"play_start","audioUrl":"http://IPV4:PORT/audio/male/1.mp3","message":"เริ่มเล่นไฟล์เสียง: /audio/male/1.mp3","timestamp":"2025-11-15T21:41:26.092Z"}
{"screenId":"3","vn":"681012160536640","action":"play_error","audioUrl":"http://IPV4:PORT/audio/male/1.mp3","message":"เกิดข้อผิดพลาดในการเล่นไฟล์เสียง: /audio/male/1.mp3","error":"Playback was unable to start. This is most commonly an issue on mobile devices and Chrome where playback was not within a user interaction.","timestamp":"2025-11-15T21:41:26.159Z"}
{"screenId":"3","vn":"681012160536640","action":"play_start","audioUrl":"http://IPV4:PORT/audio/male/prefix.mp3","message":"เริ่มเล่นไฟล์เสียง: /audio/male/prefix.mp3","timestamp":"2025-11-15T21:41:31.989Z"}
{"screenId":"3","vn":"681012160536640","action":"load_success","audioUrl":"http://IPV4:PORT/audio/male/prefix.mp3","message":"โหลดไฟล์เสียงสำเร็จ: /audio/male/prefix.mp3","timestamp":"2025-11-15T21:41:32.011Z"}
{"screenId":"3","vn":"681012160536640","action":"load_start","audioUrl":"http://IPV4:PORT/audio/male/prefix.mp3","message":"กำลังโหลดไฟล์เสียง: /audio/male/prefix.mp3","timestamp":"2025-11-15T21:41:28.235Z"}
{"screenId":"3","vn":"681012160536640","action":"play_error","audioUrl":"http://IPV4:PORT/audio/male/prefix.mp3","message":"เกิดข้อผิดพลาดในการเล่นไฟล์เสียง: /audio/male/prefix.mp3","error":"Playback was unable to start. This is most commonly an issue on mobile devices and Chrome where playback was not within a user interaction.","timestamp":"2025-11-15T21:41:32.053Z"}
{"screenId":"3","vn":"681012160536640","action":"load_start","audioUrl":"http://IPV4:PORT/audio/male/A.mp3","message":"กำลังโหลดไฟล์เสียง: /audio/male/A.mp3","timestamp":"2025-11-15T21:41:32.096Z"}
{"screenId":"3","vn":"681012160536640","action":"play_error","audioUrl":"http://IPV4:PORT/audio/male/prefix.mp3","message":"เกิดข้อผิดพลาดในการเล่นไฟล์เสียง: /audio/male/prefix.mp3","error":"Playback was unable to start. This is most commonly an issue on mobile devices and Chrome where playback was not within a user interaction.","timestamp":"2025-11-15T21:41:32.229Z"}
{"screenId":"3","vn":"681012160536640","action":"load_start","audioUrl":"http://IPV4:PORT/audio/male/0.mp3","message":"กำลังโหลดไฟล์เสียง: /audio/male/0.mp3","timestamp":"2025-11-15T21:41:32.292Z"}
{"screenId":"3","vn":"681012160536640","action":"play_start","audioUrl":"http://IPV4:PORT/audio/male/A.mp3","message":"เริ่มเล่นไฟล์เสียง: /audio/male/A.mp3","timestamp":"2025-11-15T21:41:36.098Z"}
{"screenId":"3","vn":"681012160536640","action":"load_success","audioUrl":"http://IPV4:PORT/audio/male/A.mp3","message":"โหลดไฟล์เสียงสำเร็จ: /audio/male/A.mp3","timestamp":"2025-11-15T21:41:36.240Z"}
{"screenId":"3","vn":"681012160536640","action":"play_start","audioUrl":"http://IPV4:PORT/audio/male/0.mp3","message":"เริ่มเล่นไฟล์เสียง: /audio/male/0.mp3","timestamp":"2025-11-15T21:41:36.287Z"}
{"screenId":"3","vn":"681012160536640","action":"load_success","audioUrl":"http://IPV4:PORT/audio/male/0.mp3","message":"โหลดไฟล์เสียงสำเร็จ: /audio/male/0.mp3","timestamp":"2025-11-15T21:41:36.326Z"}
{"screenId":"3","vn":"681012160536640","action":"play_error","audioUrl":"http://IPV4:PORT/audio/male/A.mp3","message":"เกิดข้อผิดพลาดในการเล่นไฟล์เสียง: /audio/male/A.mp3","error":"Playback was unable to start. This is most commonly an issue on mobile devices and Chrome where playback was not within a user interaction.","timestamp":"2025-11-15T21:41:36.408Z"}
{"screenId":"3","vn":"681012160536640","action":"load_start","audioUrl":"http://IPV4:PORT/audio/male/0.mp3","message":"กำลังโหลดไฟล์เสียง: /audio/male/0.mp3","timestamp":"2025-11-15T21:41:36.456Z"}
{"screenId":"3","vn":"681012160536640","action":"play_error","audioUrl":"http://IPV4:PORT/audio/male/A.mp3","message":"เกิดข้อผิดพลาดในการเล่นไฟล์เสียง: /audio/male/A.mp3","error":"Playback was unable to start. This is most commonly an issue on mobile devices and Chrome where playback was not within a user interaction.","timestamp":"2025-11-15T21:41:36.536Z"}
{"screenId":"3","vn":"681012160536640","action":"load_start","audioUrl":"http://IPV4:PORT/audio/male/1.mp3","message":"กำลังโหลดไฟล์เสียง: /audio/male/1.mp3","timestamp":"2025-11-15T21:41:36.753Z"}
{"screenId":"3","vn":"681012160536640","action":"play_error","audioUrl":"http://IPV4:PORT/audio/male/0.mp3","message":"เกิดข้อผิดพลาดในการเล่นไฟล์เสียง: /audio/male/0.mp3","error":"Playback was unable to start. This is most commonly an issue on mobile devices and Chrome where playback was not within a user interaction.","timestamp":"2025-11-15T21:41:36.966Z"}
{"screenId":"3","vn":"681012160536640","action":"load_start","audioUrl":"http://IPV4:PORT/audio/cache/male/%E0%B8%8A%E0%B9%88%E0%B8%AD%E0%B8%87%E0%B8%A3%E0%B8%B1%E0%B8%9A%E0%B8%A2%E0%B8%B21.mp3","message":"กำลังโหลดไฟล์เสียง: /audio/cache/male/%E0%B8%8A%E0%B9%88%E0%B8%AD%E0%B8%87%E0%B8%A3%E0%B8%B1%E0%B8%9A%E0%B8%A2%E0%B8%B21.mp3","timestamp":"2025-11-15T21:41:36.985Z"}
{"screenId":"3","vn":"681012160536640","action":"play_error","audioUrl":"http://IPV4:PORT/audio/male/0.mp3","message":"เกิดข้อผิดพลาดในการเล่นไฟล์เสียง: /audio/male/0.mp3","error":"Playback was unable to start. This is most commonly an issue on mobile devices and Chrome where playback was not within a user interaction.","timestamp":"2025-11-15T21:41:37.091Z"}
{"screenId":"3","vn":"681012160536640","action":"load_start","audioUrl":"http://IPV4:PORT/audio/male/prefix.mp3","message":"กำลังโหลดไฟล์เสียง: /audio/male/prefix.mp3","timestamp":"2025-11-15T21:41:40.324Z"}
{"screenId":"3","vn":"681012160536640","action":"play_start","audioUrl":"http://IPV4:PORT/audio/male/0.mp3","message":"เริ่มเล่นไฟล์เสียง: /audio/male/0.mp3","timestamp":"2025-11-15T21:41:40.707Z"}
{"screenId":"3","vn":"681012160536640","action":"load_success","audioUrl":"http://IPV4:PORT/audio/male/0.mp3","message":"โหลดไฟล์เสียงสำเร็จ: /audio/male/0.mp3","timestamp":"2025-11-15T21:41:40.731Z"}
{"screenId":"3","vn":"681012160536640","action":"play_start","audioUrl":"http://IPV4:PORT/audio/cache/male/%E0%B8%8A%E0%B9%88%E0%B8%AD%E0%B8%87%E0%B8%A3%E0%B8%B1%E0%B8%9A%E0%B8%A2%E0%B8%B21.mp3","message":"เริ่มเล่นไฟล์เสียง: /audio/cache/male/%E0%B8%8A%E0%B9%88%E0%B8%AD%E0%B8%87%E0%B8%A3%E0%B8%B1%E0%B8%9A%E0%B8%A2%E0%B8%B21.mp3","timestamp":"2025-11-15T21:41:40.744Z"}
{"screenId":"3","vn":"681012160536640","action":"load_success","audioUrl":"http://IPV4:PORT/audio/cache/male/%E0%B8%8A%E0%B9%88%E0%B8%AD%E0%B8%87%E0%B8%A3%E0%B8%B1%E0%B8%9A%E0%B8%A2%E0%B8%B21.mp3","message":"โหลดไฟล์เสียงสำเร็จ: /audio/cache/male/%E0%B8%8A%E0%B9%88%E0%B8%AD%E0%B8%87%E0%B8%A3%E0%B8%B1%E0%B8%9A%E0%B8%A2%E0%B8%B21.mp3","timestamp":"2025-11-15T21:41:40.764Z"}
{"screenId":"3","vn":"681012160536640","action":"play_start","audioUrl":"http://IPV4:PORT/audio/male/1.mp3","message":"เริ่มเล่นไฟล์เสียง: /audio/male/1.mp3","timestamp":"2025-11-15T21:41:40.788Z"}
{"screenId":"3","vn":"681012160536640","action":"load_success","audioUrl":"http://IPV4:PORT/audio/male/1.mp3","message":"โหลดไฟล์เสียงสำเร็จ: /audio/male/1.mp3","timestamp":"2025-11-15T21:41:40.857Z"}
{"screenId":"3","vn":"681012160536640","action":"play_error","audioUrl":"http://IPV4:PORT/audio/male/0.mp3","message":"เกิดข้อผิดพลาดในการเล่นไฟล์เสียง: /audio/male/0.mp3","error":"Playback was unable to start. This is most commonly an issue on mobile devices and Chrome where playback was not within a user interaction.","timestamp":"2025-11-15T21:41:40.862Z"}
{"screenId":"3","vn":"681012160536640","action":"play_error","audioUrl":"http://IPV4:PORT/audio/male/0.mp3","message":"เกิดข้อผิดพลาดในการเล่นไฟล์เสียง: /audio/male/0.mp3","error":"Playback was unable to start. This is most commonly an issue on mobile devices and Chrome where playback was not within a user interaction.","timestamp":"2025-11-15T21:41:40.893Z"}
{"screenId":"3","vn":"681012160536640","action":"play_error","audioUrl":"http://IPV4:PORT/audio/cache/male/%E0%B8%8A%E0%B9%88%E0%B8%AD%E0%B8%87%E0%B8%A3%E0%B8%B1%E0%B8%9A%E0%B8%A2%E0%B8%B21.mp3","message":"เกิดข้อผิดพลาดในการเล่นไฟล์เสียง: /audio/cache/male/%E0%B8%8A%E0%B9%88%E0%B8%AD%E0%B8%87%E0%B8%A3%E0%B8%B1%E0%B8%9A%E0%B8%A2%E0%B8%B21.mp3","error":"Playback was unable to start. This is most commonly an issue on mobile devices and Chrome where playback was not within a user interaction.","timestamp":"2025-11-15T21:41:40.968Z"}
{"screenId":"3","vn":"681012160536640","action":"play_error","audioUrl":"http://IPV4:PORT/audio/cache/male/%E0%B8%8A%E0%B9%88%E0%B8%AD%E0%B8%87%E0%B8%A3%E0%B8%B1%E0%B8%9A%E0%B8%A2%E0%B8%B21.mp3","message":"เกิดข้อผิดพลาดในการเล่นไฟล์เสียง: /audio/cache/male/%E0%B8%8A%E0%B9%88%E0%B8%AD%E0%B8%87%E0%B8%A3%E0%B8%B1%E0%B8%9A%E0%B8%A2%E0%B8%B21.mp3","error":"Playback was unable to start. This is most commonly an issue on mobile devices and Chrome where playback was not within a user interaction.","timestamp":"2025-11-15T21:41:41.057Z"}
{"screenId":"3","vn":"681012160536640","action":"play_error","audioUrl":"http://IPV4:PORT/audio/male/1.mp3","message":"เกิดข้อผิดพลาดในการเล่นไฟล์เสียง: /audio/male/1.mp3","error":"Playback was unable to start. This is most commonly an issue on mobile devices and Chrome where playback was not within a user interaction.","timestamp":"2025-11-15T21:41:41.127Z"}
{"screenId":"3","vn":"681012160536640","action":"play_error","audioUrl":"http://IPV4:PORT/audio/male/1.mp3","message":"เกิดข้อผิดพลาดในการเล่นไฟล์เสียง: /audio/male/1.mp3","error":"Playback was unable to start. This is most commonly an issue on mobile devices and Chrome where playback was not within a user interaction.","timestamp":"2025-11-15T21:41:41.292Z"}
{"screenId":"3","vn":"681012160536640","action":"play_start","audioUrl":"http://IPV4:PORT/audio/male/prefix.mp3","message":"เริ่มเล่นไฟล์เสียง: /audio/male/prefix.mp3","timestamp":"2025-11-15T21:41:41.909Z"}
{"screenId":"3","vn":"681012160536640","action":"load_success","audioUrl":"http://IPV4:PORT/audio/male/prefix.mp3","message":"โหลดไฟล์เสียงสำเร็จ: /audio/male/prefix.mp3","timestamp":"2025-11-15T21:41:42.047Z"}
{"screenId":"3","vn":"681012160536640","action":"play_error","audioUrl":"http://IPV4:PORT/audio/male/prefix.mp3","message":"เกิดข้อผิดพลาดในการเล่นไฟล์เสียง: /audio/male/prefix.mp3","error":"Playback was unable to start. This is most commonly an issue on mobile devices and Chrome where playback was not within a user interaction.","timestamp":"2025-11-15T21:41:42.082Z"}
{"screenId":"3","vn":"681012160536640","action":"load_start","audioUrl":"http://IPV4:PORT/audio/male/A.mp3","message":"กำลังโหลดไฟล์เสียง: /audio/male/A.mp3","timestamp":"2025-11-15T21:41:42.388Z"}
{"screenId":"3","vn":"681012160536640","action":"load_start","audioUrl":"http://IPV4:PORT/audio/male/0.mp3","message":"กำลังโหลดไฟล์เสียง: /audio/male/0.mp3","timestamp":"2025-11-15T21:41:52.063Z"}
{"screenId":"3","vn":"681012160536640","action":"play_error","audioUrl":"http://IPV4:PORT/audio/male/prefix.mp3","message":"เกิดข้อผิดพลาดในการเล่นไฟล์เสียง: /audio/male/prefix.mp3","error":"Playback was unable to start. This is most commonly an issue on mobile devices and Chrome where playback was not within a user interaction.","timestamp":"2025-11-15T21:41:42.453Z"}
{"screenId":"3","vn":"681012160536640","action":"play_start","audioUrl":"http://IPV4:PORT/audio/male/A.mp3","message":"เริ่มเล่นไฟล์เสียง: /audio/male/A.mp3","timestamp":"2025-11-15T21:41:52.601Z"}
{"screenId":"3","vn":"681012160536640","action":"load_success","audioUrl":"http://IPV4:PORT/audio/male/A.mp3","message":"โหลดไฟล์เสียงสำเร็จ: /audio/male/A.mp3","timestamp":"2025-11-15T21:41:52.618Z"}
{"screenId":"3","vn":"681012160536640","action":"play_error","audioUrl":"http://IPV4:PORT/audio/male/A.mp3","message":"เกิดข้อผิดพลาดในการเล่นไฟล์เสียง: /audio/male/A.mp3","error":"Playback was unable to start. This is most commonly an issue on mobile devices and Chrome where playback was not within a user interaction.","timestamp":"2025-11-15T21:41:52.633Z"}
{"screenId":"3","vn":"681012160536640","action":"load_start","audioUrl":"http://IPV4:PORT/audio/male/0.mp3","message":"กำลังโหลดไฟล์เสียง: /audio/male/0.mp3","timestamp":"2025-11-15T21:41:52.640Z"}
{"screenId":"3","vn":"681012160536640","action":"play_error","audioUrl":"http://IPV4:PORT/audio/male/A.mp3","message":"เกิดข้อผิดพลาดในการเล่นไฟล์เสียง: /audio/male/A.mp3","error":"Playback was unable to start. This is most commonly an issue on mobile devices and Chrome where playback was not within a user interaction.","timestamp":"2025-11-15T21:41:52.647Z"}
{"screenId":"3","vn":"681012160536640","action":"load_start","audioUrl":"http://IPV4:PORT/audio/male/1.mp3","message":"กำลังโหลดไฟล์เสียง: /audio/male/1.mp3","timestamp":"2025-11-15T21:41:52.650Z"}
{"screenId":"3","vn":"681012160536640","action":"play_start","audioUrl":"http://IPV4:PORT/audio/male/0.mp3","message":"เริ่มเล่นไฟล์เสียง: /audio/male/0.mp3","timestamp":"2025-11-15T21:41:52.684Z"}
{"screenId":"3","vn":"681012160536640","action":"load_success","audioUrl":"http://IPV4:PORT/audio/male/0.mp3","message":"โหลดไฟล์เสียงสำเร็จ: /audio/male/0.mp3","timestamp":"2025-11-15T21:41:52.712Z"}
{"screenId":"3","vn":"681012160536640","action":"play_error","audioUrl":"http://IPV4:PORT/audio/male/0.mp3","message":"เกิดข้อผิดพลาดในการเล่นไฟล์เสียง: /audio/male/0.mp3","error":"Playback was unable to start. This is most commonly an issue on mobile devices and Chrome where playback was not within a user interaction.","timestamp":"2025-11-15T21:41:52.864Z"}
{"screenId":"3","vn":"681012160536640","action":"load_start","audioUrl":"http://IPV4:PORT/audio/cache/male/%E0%B8%8A%E0%B9%88%E0%B8%AD%E0%B8%87%E0%B8%A3%E0%B8%B1%E0%B8%9A%E0%B8%A2%E0%B8%B21.mp3","message":"กำลังโหลดไฟล์เสียง: /audio/cache/male/%E0%B8%8A%E0%B9%88%E0%B8%AD%E0%B8%87%E0%B8%A3%E0%B8%B1%E0%B8%9A%E0%B8%A2%E0%B8%B21.mp3","timestamp":"2025-11-15T21:41:52.949Z"}
{"screenId":"3","vn":"681012160536640","action":"play_error","audioUrl":"http://IPV4:PORT/audio/male/0.mp3","message":"เกิดข้อผิดพลาดในการเล่นไฟล์เสียง: /audio/male/0.mp3","error":"Playback was unable to start. This is most commonly an issue on mobile devices and Chrome where playback was not within a user interaction.","timestamp":"2025-11-15T21:41:52.995Z"}
{"screenId":"3","vn":"681012160536640","action":"load_start","audioUrl":"http://IPV4:PORT/audio/male/prefix.mp3","message":"กำลังโหลดไฟล์เสียง: /audio/male/prefix.mp3","timestamp":"2025-11-15T21:41:57.984Z"}
{"screenId":"3","vn":"681012160536640","action":"play_start","audioUrl":"http://IPV4:PORT/audio/cache/male/%E0%B8%8A%E0%B9%88%E0%B8%AD%E0%B8%87%E0%B8%A3%E0%B8%B1%E0%B8%9A%E0%B8%A2%E0%B8%B21.mp3","message":"เริ่มเล่นไฟล์เสียง: /audio/cache/male/%E0%B8%8A%E0%B9%88%E0%B8%AD%E0%B8%87%E0%B8%A3%E0%B8%B1%E0%B8%9A%E0%B8%A2%E0%B8%B21.mp3","timestamp":"2025-11-15T21:42:22.299Z"}
{"screenId":"3","vn":"681012160536640","action":"load_success","audioUrl":"http://IPV4:PORT/audio/cache/male/%E0%B8%8A%E0%B9%88%E0%B8%AD%E0%B8%87%E0%B8%A3%E0%B8%B1%E0%B8%9A%E0%B8%A2%E0%B8%B21.mp3","message":"โหลดไฟล์เสียงสำเร็จ: /audio/cache/male/%E0%B8%8A%E0%B9%88%E0%B8%AD%E0%B8%87%E0%B8%A3%E0%B8%B1%E0%B8%9A%E0%B8%A2%E0%B8%B21.mp3","timestamp":"2025-11-15T21:42:22.311Z"}
{"screenId":"3","vn":"681012160536640","action":"load_success","audioUrl":"http://IPV4:PORT/audio/male/1.mp3","message":"โหลดไฟล์เสียงสำเร็จ: /audio/male/1.mp3","timestamp":"2025-11-15T21:42:22.331Z"}
{"screenId":"3","vn":"681012160536640","action":"load_success","audioUrl":"http://IPV4:PORT/audio/male/0.mp3","message":"โหลดไฟล์เสียงสำเร็จ: /audio/male/0.mp3","timestamp":"2025-11-15T21:42:22.363Z"}
{"screenId":"3","vn":"681012160536640","action":"play_start","audioUrl":"http://IPV4:PORT/audio/male/1.mp3","message":"เริ่มเล่นไฟล์เสียง: /audio/male/1.mp3","timestamp":"2025-11-15T21:42:22.325Z"}
{"screenId":"3","vn":"681012160536640","action":"play_start","audioUrl":"http://IPV4:PORT/audio/male/0.mp3","message":"เริ่มเล่นไฟล์เสียง: /audio/male/0.mp3","timestamp":"2025-11-15T21:42:22.348Z"}
{"screenId":"3","vn":"681012160536640","action":"play_error","audioUrl":"http://IPV4:PORT/audio/cache/male/%E0%B8%8A%E0%B9%88%E0%B8%AD%E0%B8%87%E0%B8%A3%E0%B8%B1%E0%B8%9A%E0%B8%A2%E0%B8%B21.mp3","message":"เกิดข้อผิดพลาดในการเล่นไฟล์เสียง: /audio/cache/male/%E0%B8%8A%E0%B9%88%E0%B8%AD%E0%B8%87%E0%B8%A3%E0%B8%B1%E0%B8%9A%E0%B8%A2%E0%B8%B21.mp3","error":"Playback was unable to start. This is most commonly an issue on mobile devices and Chrome where playback was not within a user interaction.","timestamp":"2025-11-15T21:42:22.433Z"}
{"screenId":"3","vn":"681012160536640","action":"play_error","audioUrl":"http://IPV4:PORT/audio/cache/male/%E0%B8%8A%E0%B9%88%E0%B8%AD%E0%B8%87%E0%B8%A3%E0%B8%B1%E0%B8%9A%E0%B8%A2%E0%B8%B21.mp3","message":"เกิดข้อผิดพลาดในการเล่นไฟล์เสียง: /audio/cache/male/%E0%B8%8A%E0%B9%88%E0%B8%AD%E0%B8%87%E0%B8%A3%E0%B8%B1%E0%B8%9A%E0%B8%A2%E0%B8%B21.mp3","error":"Playback was unable to start. This is most commonly an issue on mobile devices and Chrome where playback was not within a user interaction.","timestamp":"2025-11-15T21:42:22.449Z"}
{"screenId":"3","vn":"681012160536640","action":"play_error","audioUrl":"http://IPV4:PORT/audio/male/0.mp3","message":"เกิดข้อผิดพลาดในการเล่นไฟล์เสียง: /audio/male/0.mp3","error":"Playback was unable to start. This is most commonly an issue on mobile devices and Chrome where playback was not within a user interaction.","timestamp":"2025-11-15T21:42:22.715Z"}
{"screenId":"3","vn":"681012160536640","action":"play_error","audioUrl":"http://IPV4:PORT/audio/male/0.mp3","message":"เกิดข้อผิดพลาดในการเล่นไฟล์เสียง: /audio/male/0.mp3","error":"Playback was unable to start. This is most commonly an issue on mobile devices and Chrome where playback was not within a user interaction.","timestamp":"2025-11-15T21:42:22.510Z"}
{"screenId":"3","vn":"681012160536640","action":"play_error","audioUrl":"http://IPV4:PORT/audio/male/1.mp3","message":"เกิดข้อผิดพลาดในการเล่นไฟล์เสียง: /audio/male/1.mp3","error":"Playback was unable to start. This is most commonly an issue on mobile devices and Chrome where playback was not within a user interaction.","timestamp":"2025-11-15T21:42:22.493Z"}
{"screenId":"3","vn":"681012160536640","action":"play_error","audioUrl":"http://IPV4:PORT/audio/male/1.mp3","message":"เกิดข้อผิดพลาดในการเล่นไฟล์เสียง: /audio/male/1.mp3","error":"Playback was unable to start. This is most commonly an issue on mobile devices and Chrome where playback was not within a user interaction.","timestamp":"2025-11-15T21:42:22.487Z"}
{"screenId":"3","vn":"681012160536640","action":"play_start","audioUrl":"http://IPV4:PORT/audio/male/prefix.mp3","message":"เริ่มเล่นไฟล์เสียง: /audio/male/prefix.mp3","timestamp":"2025-11-15T21:42:25.281Z"}
{"screenId":"3","vn":"681012160536640","action":"load_start","audioUrl":"http://IPV4:PORT/audio/male/A.mp3","message":"กำลังโหลดไฟล์เสียง: /audio/male/A.mp3","timestamp":"2025-11-15T21:42:25.318Z"}
{"screenId":"3","vn":"681012160536640","action":"play_error","audioUrl":"http://IPV4:PORT/audio/male/prefix.mp3","message":"เกิดข้อผิดพลาดในการเล่นไฟล์เสียง: /audio/male/prefix.mp3","error":"Playback was unable to start. This is most commonly an issue on mobile devices and Chrome where playback was not within a user interaction.","timestamp":"2025-11-15T21:42:25.335Z"}
{"screenId":"3","vn":"681012160536640","action":"play_error","audioUrl":"http://IPV4:PORT/audio/male/prefix.mp3","message":"เกิดข้อผิดพลาดในการเล่นไฟล์เสียง: /audio/male/prefix.mp3","error":"Playback was unable to start. This is most commonly an issue on mobile devices and Chrome where playback was not within a user interaction.","timestamp":"2025-11-15T21:42:25.315Z"}
{"screenId":"3","vn":"681012160536640","action":"load_success","audioUrl":"http://IPV4:PORT/audio/male/prefix.mp3","message":"โหลดไฟล์เสียงสำเร็จ: /audio/male/prefix.mp3","timestamp":"2025-11-15T21:42:25.311Z"}
{"screenId":"3","vn":"681012160536640","action":"load_start","audioUrl":"http://IPV4:PORT/audio/male/0.mp3","message":"กำลังโหลดไฟล์เสียง: /audio/male/0.mp3","timestamp":"2025-11-15T21:42:25.351Z"}
{"screenId":"3","vn":"681012160536640","action":"play_start","audioUrl":"http://IPV4:PORT/audio/male/0.mp3","message":"เริ่มเล่นไฟล์เสียง: /audio/male/0.mp3","timestamp":"2025-11-15T21:42:54.691Z"}
{"screenId":"3","vn":"681012160536640","action":"play_start","audioUrl":"http://IPV4:PORT/audio/male/A.mp3","message":"เริ่มเล่นไฟล์เสียง: /audio/male/A.mp3","timestamp":"2025-11-15T21:42:54.713Z"}
{"screenId":"3","vn":"681012160536640","action":"load_success","audioUrl":"http://IPV4:PORT/audio/male/0.mp3","message":"โหลดไฟล์เสียงสำเร็จ: /audio/male/0.mp3","timestamp":"2025-11-15T21:42:54.694Z"}
{"screenId":"3","vn":"681012160536640","action":"load_start","audioUrl":"http://IPV4:PORT/audio/male/0.mp3","message":"กำลังโหลดไฟล์เสียง: /audio/male/0.mp3","timestamp":"2025-11-15T21:42:54.732Z"}
{"screenId":"3","vn":"681012160536640","action":"play_error","audioUrl":"http://IPV4:PORT/audio/male/0.mp3","message":"เกิดข้อผิดพลาดในการเล่นไฟล์เสียง: /audio/male/0.mp3","error":"Playback was unable to start. This is most commonly an issue on mobile devices and Chrome where playback was not within a user interaction.","timestamp":"2025-11-15T21:42:54.730Z"}
{"screenId":"3","vn":"681012160536640","action":"load_success","audioUrl":"http://IPV4:PORT/audio/male/A.mp3","message":"โหลดไฟล์เสียงสำเร็จ: /audio/male/A.mp3","timestamp":"2025-11-15T21:42:54.726Z"}
{"screenId":"3","vn":"681012160536640","action":"play_error","audioUrl":"http://IPV4:PORT/audio/male/0.mp3","message":"เกิดข้อผิดพลาดในการเล่นไฟล์เสียง: /audio/male/0.mp3","error":"Playback was unable to start. This is most commonly an issue on mobile devices and Chrome where playback was not within a user interaction.","timestamp":"2025-11-15T21:42:54.745Z"}
{"screenId":"3","vn":"681012160536640","action":"load_start","audioUrl":"http://IPV4:PORT/audio/male/1.mp3","message":"กำลังโหลดไฟล์เสียง: /audio/male/1.mp3","timestamp":"2025-11-15T21:42:54.749Z"}
{"screenId":"3","vn":"681012160536640","action":"load_start","audioUrl":"http://IPV4:PORT/audio/cache/male/%E0%B8%8A%E0%B9%88%E0%B8%AD%E0%B8%87%E0%B8%A3%E0%B8%B1%E0%B8%9A%E0%B8%A2%E0%B8%B21.mp3","message":"กำลังโหลดไฟล์เสียง: /audio/cache/male/%E0%B8%8A%E0%B9%88%E0%B8%AD%E0%B8%87%E0%B8%A3%E0%B8%B1%E0%B8%9A%E0%B8%A2%E0%B8%B21.mp3","timestamp":"2025-11-15T21:42:54.760Z"}
{"screenId":"3","vn":"681012160536640","action":"play_error","audioUrl":"http://IPV4:PORT/audio/male/A.mp3","message":"เกิดข้อผิดพลาดในการเล่นไฟล์เสียง: /audio/male/A.mp3","error":"Playback was unable to start. This is most commonly an issue on mobile devices and Chrome where playback was not within a user interaction.","timestamp":"2025-11-15T21:42:54.781Z"}
{"screenId":"3","vn":"681012160536640","action":"play_error","audioUrl":"http://IPV4:PORT/audio/male/A.mp3","message":"เกิดข้อผิดพลาดในการเล่นไฟล์เสียง: /audio/male/A.mp3","error":"Playback was unable to start. This is most commonly an issue on mobile devices and Chrome where playback was not within a user interaction.","timestamp":"2025-11-15T21:42:54.757Z"}
{"screenId":"3","vn":"681012160536640","action":"play_start","audioUrl":"http://IPV4:PORT/audio/male/0.mp3","message":"เริ่มเล่นไฟล์เสียง: /audio/male/0.mp3","timestamp":"2025-11-15T21:42:55.297Z"}
{"screenId":"3","vn":"681012160536640","action":"load_success","audioUrl":"http://IPV4:PORT/audio/male/0.mp3","message":"โหลดไฟล์เสียงสำเร็จ: /audio/male/0.mp3","timestamp":"2025-11-15T21:42:55.424Z"}
{"screenId":"3","vn":"681012160536640","action":"play_error","audioUrl":"http://IPV4:PORT/audio/male/0.mp3","message":"เกิดข้อผิดพลาดในการเล่นไฟล์เสียง: /audio/male/0.mp3","error":"Playback was unable to start. This is most commonly an issue on mobile devices and Chrome where playback was not within a user interaction.","timestamp":"2025-11-15T21:42:55.433Z"}
{"screenId":"3","vn":"681012160536640","action":"play_error","audioUrl":"http://IPV4:PORT/audio/male/0.mp3","message":"เกิดข้อผิดพลาดในการเล่นไฟล์เสียง: /audio/male/0.mp3","error":"Playback was unable to start. This is most commonly an issue on mobile devices and Chrome where playback was not within a user interaction.","timestamp":"2025-11-15T21:42:55.810Z"}
{"screenId":"3","vn":"681012160536640","action":"play_start","audioUrl":"http://IPV4:PORT/audio/male/1.mp3","message":"เริ่มเล่นไฟล์เสียง: /audio/male/1.mp3","timestamp":"2025-11-15T21:42:55.427Z"}
{"screenId":"3","vn":"681012160536640","action":"load_success","audioUrl":"http://IPV4:PORT/audio/male/1.mp3","message":"โหลดไฟล์เสียงสำเร็จ: /audio/male/1.mp3","timestamp":"2025-11-15T21:42:55.430Z"}
{"screenId":"3","vn":"681012160536640","action":"play_error","audioUrl":"http://IPV4:PORT/audio/male/1.mp3","message":"เกิดข้อผิดพลาดในการเล่นไฟล์เสียง: /audio/male/1.mp3","error":"Playback was unable to start. This is most commonly an issue on mobile devices and Chrome where playback was not within a user interaction.","timestamp":"2025-11-15T21:42:55.849Z"}
{"screenId":"3","vn":"681012160536640","action":"play_error","audioUrl":"http://IPV4:PORT/audio/male/1.mp3","message":"เกิดข้อผิดพลาดในการเล่นไฟล์เสียง: /audio/male/1.mp3","error":"Playback was unable to start. This is most commonly an issue on mobile devices and Chrome where playback was not within a user interaction.","timestamp":"2025-11-15T21:42:55.864Z"}
{"screenId":"3","vn":"681012160536640","action":"play_start","audioUrl":"http://IPV4:PORT/audio/cache/male/%E0%B8%8A%E0%B9%88%E0%B8%AD%E0%B8%87%E0%B8%A3%E0%B8%B1%E0%B8%9A%E0%B8%A2%E0%B8%B21.mp3","message":"เริ่มเล่นไฟล์เสียง: /audio/cache/male/%E0%B8%8A%E0%B9%88%E0%B8%AD%E0%B8%87%E0%B8%A3%E0%B8%B1%E0%B8%9A%E0%B8%A2%E0%B8%B21.mp3","timestamp":"2025-11-15T21:42:55.913Z"}
{"screenId":"3","vn":"681012160536640","action":"play_error","audioUrl":"http://IPV4:PORT/audio/cache/male/%E0%B8%8A%E0%B9%88%E0%B8%AD%E0%B8%87%E0%B8%A3%E0%B8%B1%E0%B8%9A%E0%B8%A2%E0%B8%B21.mp3","message":"เกิดข้อผิดพลาดในการเล่นไฟล์เสียง: /audio/cache/male/%E0%B8%8A%E0%B9%88%E0%B8%AD%E0%B8%87%E0%B8%A3%E0%B8%B1%E0%B8%9A%E0%B8%A2%E0%B8%B21.mp3","error":"Playback was unable to start. This is most commonly an issue on mobile devices and Chrome where playback was not within a user interaction.","timestamp":"2025-11-15T21:42:56.000Z"}
{"screenId":"3","vn":"681012160536640","action":"play_error","audioUrl":"http://IPV4:PORT/audio/cache/male/%E0%B8%8A%E0%B9%88%E0%B8%AD%E0%B8%87%E0%B8%A3%E0%B8%B1%E0%B8%9A%E0%B8%A2%E0%B8%B21.mp3","message":"เกิดข้อผิดพลาดในการเล่นไฟล์เสียง: /audio/cache/male/%E0%B8%8A%E0%B9%88%E0%B8%AD%E0%B8%87%E0%B8%A3%E0%B8%B1%E0%B8%9A%E0%B8%A2%E0%B8%B21.mp3","error":"Playback was unable to start. This is most commonly an issue on mobile devices and Chrome where playback was not within a user interaction.","timestamp":"2025-11-15T21:42:56.030Z"}
{"screenId":"3","vn":"681012160536640","action":"load_success","audioUrl":"http://IPV4:PORT/audio/cache/male/%E0%B8%8A%E0%B9%88%E0%B8%AD%E0%B8%87%E0%B8%A3%E0%B8%B1%E0%B8%9A%E0%B8%A2%E0%B8%B21.mp3","message":"โหลดไฟล์เสียงสำเร็จ: /audio/cache/male/%E0%B8%8A%E0%B9%88%E0%B8%AD%E0%B8%87%E0%B8%A3%E0%B8%B1%E0%B8%9A%E0%B8%A2%E0%B8%B21.mp3","timestamp":"2025-11-15T21:42:55.963Z"}
{"screenId":"3","vn":"681012160536640","action":"load_start","audioUrl":"http://IPV4:PORT/audio/male/prefix.mp3","message":"กำลังโหลดไฟล์เสียง: /audio/male/prefix.mp3","timestamp":"2025-11-15T21:42:57.495Z"}
{"screenId":"3","vn":"681012160536640","action":"play_start","audioUrl":"http://IPV4:PORT/audio/male/prefix.mp3","message":"เริ่มเล่นไฟล์เสียง: /audio/male/prefix.mp3","timestamp":"2025-11-15T21:43:19.391Z"}
{"screenId":"3","vn":"681012160536640","action":"load_success","audioUrl":"http://IPV4:PORT/audio/male/prefix.mp3","message":"โหลดไฟล์เสียงสำเร็จ: /audio/male/prefix.mp3","timestamp":"2025-11-15T21:43:19.395Z"}
{"screenId":"3","vn":"681012160536640","action":"play_error","audioUrl":"http://IPV4:PORT/audio/male/prefix.mp3","message":"เกิดข้อผิดพลาดในการเล่นไฟล์เสียง: /audio/male/prefix.mp3","error":"Playback was unable to start. This is most commonly an issue on mobile devices and Chrome where playback was not within a user interaction.","timestamp":"2025-11-15T21:43:19.488Z"}
{"screenId":"3","vn":"681012160536640","action":"load_start","audioUrl":"http://IPV4:PORT/audio/male/A.mp3","message":"กำลังโหลดไฟล์เสียง: /audio/male/A.mp3","timestamp":"2025-11-15T21:43:19.505Z"}
{"screenId":"3","vn":"681012160536640","action":"load_start","audioUrl":"http://IPV4:PORT/audio/male/0.mp3","message":"กำลังโหลดไฟล์เสียง: /audio/male/0.mp3","timestamp":"2025-11-15T21:43:24.529Z"}
{"screenId":"3","vn":"681012160536640","action":"play_error","audioUrl":"http://IPV4:PORT/audio/male/prefix.mp3","message":"เกิดข้อผิดพลาดในการเล่นไฟล์เสียง: /audio/male/prefix.mp3","error":"Playback was unable to start. This is most commonly an issue on mobile devices and Chrome where playback was not within a user interaction.","timestamp":"2025-11-15T21:43:24.498Z"}
{"screenId":"3","vn":"681012160536640","action":"play_start","audioUrl":"http://IPV4:PORT/audio/male/A.mp3","message":"เริ่มเล่นไฟล์เสียง: /audio/male/A.mp3","timestamp":"2025-11-15T21:43:27.913Z"}
{"screenId":"3","vn":"681012160536640","action":"load_success","audioUrl":"http://IPV4:PORT/audio/male/A.mp3","message":"โหลดไฟล์เสียงสำเร็จ: /audio/male/A.mp3","timestamp":"2025-11-15T21:43:27.942Z"}
{"screenId":"3","vn":"681012160536640","action":"load_start","audioUrl":"http://IPV4:PORT/audio/male/0.mp3","message":"กำลังโหลดไฟล์เสียง: /audio/male/0.mp3","timestamp":"2025-11-15T21:43:27.980Z"}
{"screenId":"3","vn":"681012160536640","action":"play_error","audioUrl":"http://IPV4:PORT/audio/male/A.mp3","message":"เกิดข้อผิดพลาดในการเล่นไฟล์เสียง: /audio/male/A.mp3","error":"Playback was unable to start. This is most commonly an issue on mobile devices and Chrome where playback was not within a user interaction.","timestamp":"2025-11-15T21:43:27.962Z"}
{"screenId":"3","vn":"681012160536640","action":"play_error","audioUrl":"http://IPV4:PORT/audio/male/A.mp3","message":"เกิดข้อผิดพลาดในการเล่นไฟล์เสียง: /audio/male/A.mp3","error":"Playback was unable to start. This is most commonly an issue on mobile devices and Chrome where playback was not within a user interaction.","timestamp":"2025-11-15T21:43:28.031Z"}
{"screenId":"3","vn":"681012160536640","action":"load_start","audioUrl":"http://IPV4:PORT/audio/male/1.mp3","message":"กำลังโหลดไฟล์เสียง: /audio/male/1.mp3","timestamp":"2025-11-15T21:43:28.131Z"}
{"screenId":"3","vn":"681012160536640","action":"play_start","audioUrl":"http://IPV4:PORT/audio/male/0.mp3","message":"เริ่มเล่นไฟล์เสียง: /audio/male/0.mp3","timestamp":"2025-11-15T21:43:32.115Z"}
{"screenId":"3","vn":"681012160536640","action":"load_success","audioUrl":"http://IPV4:PORT/audio/male/0.mp3","message":"โหลดไฟล์เสียงสำเร็จ: /audio/male/0.mp3","timestamp":"2025-11-15T21:43:32.121Z"}
{"screenId":"3","vn":"681012160536640","action":"load_start","audioUrl":"http://IPV4:PORT/audio/cache/male/%E0%B8%8A%E0%B9%88%E0%B8%AD%E0%B8%87%E0%B8%A3%E0%B8%B1%E0%B8%9A%E0%B8%A2%E0%B8%B21.mp3","message":"กำลังโหลดไฟล์เสียง: /audio/cache/male/%E0%B8%8A%E0%B9%88%E0%B8%AD%E0%B8%87%E0%B8%A3%E0%B8%B1%E0%B8%9A%E0%B8%A2%E0%B8%B21.mp3","timestamp":"2025-11-15T21:43:32.327Z"}
{"screenId":"3","vn":"681012160536640","action":"play_error","audioUrl":"http://IPV4:PORT/audio/male/0.mp3","message":"เกิดข้อผิดพลาดในการเล่นไฟล์เสียง: /audio/male/0.mp3","error":"Playback was unable to start. This is most commonly an issue on mobile devices and Chrome where playback was not within a user interaction.","timestamp":"2025-11-15T21:43:32.198Z"}
{"screenId":"3","vn":"681012160536640","action":"play_error","audioUrl":"http://IPV4:PORT/audio/male/0.mp3","message":"เกิดข้อผิดพลาดในการเล่นไฟล์เสียง: /audio/male/0.mp3","error":"Playback was unable to start. This is most commonly an issue on mobile devices and Chrome where playback was not within a user interaction.","timestamp":"2025-11-15T21:43:33.929Z"}
{"screenId":"3","vn":"681012160536640","action":"play_start","audioUrl":"http://IPV4:PORT/audio/male/0.mp3","message":"เริ่มเล่นไฟล์เสียง: /audio/male/0.mp3","timestamp":"2025-11-15T21:43:35.325Z"}
{"screenId":"3","vn":"681012160536640","action":"load_success","audioUrl":"http://IPV4:PORT/audio/male/0.mp3","message":"โหลดไฟล์เสียงสำเร็จ: /audio/male/0.mp3","timestamp":"2025-11-15T21:43:35.333Z"}
{"screenId":"3","vn":"681012160536640","action":"play_error","audioUrl":"http://IPV4:PORT/audio/male/0.mp3","message":"เกิดข้อผิดพลาดในการเล่นไฟล์เสียง: /audio/male/0.mp3","error":"Playback was unable to start. This is most commonly an issue on mobile devices and Chrome where playback was not within a user interaction.","timestamp":"2025-11-15T21:43:35.478Z"}
{"screenId":"3","vn":"681012160536640","action":"play_error","audioUrl":"http://IPV4:PORT/audio/male/0.mp3","message":"เกิดข้อผิดพลาดในการเล่นไฟล์เสียง: /audio/male/0.mp3","error":"Playback was unable to start. This is most commonly an issue on mobile devices and Chrome where playback was not within a user interaction.","timestamp":"2025-11-15T21:43:35.404Z"}
{"screenId":"3","vn":"681012160536640","action":"play_start","audioUrl":"http://IPV4:PORT/audio/cache/male/%E0%B8%8A%E0%B9%88%E0%B8%AD%E0%B8%87%E0%B8%A3%E0%B8%B1%E0%B8%9A%E0%B8%A2%E0%B8%B21.mp3","message":"เริ่มเล่นไฟล์เสียง: /audio/cache/male/%E0%B8%8A%E0%B9%88%E0%B8%AD%E0%B8%87%E0%B8%A3%E0%B8%B1%E0%B8%9A%E0%B8%A2%E0%B8%B21.mp3","timestamp":"2025-11-15T21:43:35.517Z"}
{"screenId":"3","vn":"681012160536640","action":"load_success","audioUrl":"http://IPV4:PORT/audio/cache/male/%E0%B8%8A%E0%B9%88%E0%B8%AD%E0%B8%87%E0%B8%A3%E0%B8%B1%E0%B8%9A%E0%B8%A2%E0%B8%B21.mp3","message":"โหลดไฟล์เสียงสำเร็จ: /audio/cache/male/%E0%B8%8A%E0%B9%88%E0%B8%AD%E0%B8%87%E0%B8%A3%E0%B8%B1%E0%B8%9A%E0%B8%A2%E0%B8%B21.mp3","timestamp":"2025-11-15T21:43:35.596Z"}
{"screenId":"3","vn":"681012160536640","action":"play_error","audioUrl":"http://IPV4:PORT/audio/cache/male/%E0%B8%8A%E0%B9%88%E0%B8%AD%E0%B8%87%E0%B8%A3%E0%B8%B1%E0%B8%9A%E0%B8%A2%E0%B8%B21.mp3","message":"เกิดข้อผิดพลาดในการเล่นไฟล์เสียง: /audio/cache/male/%E0%B8%8A%E0%B9%88%E0%B8%AD%E0%B8%87%E0%B8%A3%E0%B8%B1%E0%B8%9A%E0%B8%A2%E0%B8%B21.mp3","error":"Playback was unable to start. This is most commonly an issue on mobile devices and Chrome where playback was not within a user interaction.","timestamp":"2025-11-15T21:43:36.882Z"}
{"screenId":"3","vn":"681012160536640","action":"load_start","audioUrl":"http://IPV4:PORT/audio/male/prefix.mp3","message":"กำลังโหลดไฟล์เสียง: /audio/male/prefix.mp3","timestamp":"2025-11-15T21:43:38.247Z"}
{"screenId":"3","vn":"681012160536640","action":"play_error","audioUrl":"http://IPV4:PORT/audio/cache/male/%E0%B8%8A%E0%B9%88%E0%B8%AD%E0%B8%87%E0%B8%A3%E0%B8%B1%E0%B8%9A%E0%B8%A2%E0%B8%B21.mp3","message":"เกิดข้อผิดพลาดในการเล่นไฟล์เสียง: /audio/cache/male/%E0%B8%8A%E0%B9%88%E0%B8%AD%E0%B8%87%E0%B8%A3%E0%B8%B1%E0%B8%9A%E0%B8%A2%E0%B8%B21.mp3","error":"Playback was unable to start. This is most commonly an issue on mobile devices and Chrome where playback was not within a user interaction.","timestamp":"2025-11-15T21:43:37.029Z"}
{"screenId":"3","vn":"681012160536640","action":"play_start","audioUrl":"http://IPV4:PORT/audio/male/1.mp3","message":"เริ่มเล่นไฟล์เสียง: /audio/male/1.mp3","timestamp":"2025-11-15T21:43:42.710Z"}
{"screenId":"3","vn":"681012160536640","action":"load_success","audioUrl":"http://IPV4:PORT/audio/male/1.mp3","message":"โหลดไฟล์เสียงสำเร็จ: /audio/male/1.mp3","timestamp":"2025-11-15T21:43:42.722Z"}
{"screenId":"3","vn":"681012160536640","action":"play_error","audioUrl":"http://IPV4:PORT/audio/male/1.mp3","message":"เกิดข้อผิดพลาดในการเล่นไฟล์เสียง: /audio/male/1.mp3","error":"Playback was unable to start. This is most commonly an issue on mobile devices and Chrome where playback was not within a user interaction.","timestamp":"2025-11-15T21:43:43.906Z"}
{"screenId":"3","vn":"681012160536640","action":"play_error","audioUrl":"http://IPV4:PORT/audio/male/1.mp3","message":"เกิดข้อผิดพลาดในการเล่นไฟล์เสียง: /audio/male/1.mp3","error":"Playback was unable to start. This is most commonly an issue on mobile devices and Chrome where playback was not within a user interaction.","timestamp":"2025-11-15T21:43:43.859Z"}
{"screenId":"3","vn":"681012160536640","action":"play_start","audioUrl":"http://IPV4:PORT/audio/male/prefix.mp3","message":"เริ่มเล่นไฟล์เสียง: /audio/male/prefix.mp3","timestamp":"2025-11-15T21:43:46.131Z"}
{"screenId":"3","vn":"681012160536640","action":"load_success","audioUrl":"http://IPV4:PORT/audio/male/prefix.mp3","message":"โหลดไฟล์เสียงสำเร็จ: /audio/male/prefix.mp3","timestamp":"2025-11-15T21:43:46.180Z"}
{"screenId":"3","vn":"681012160536640","action":"play_error","audioUrl":"http://IPV4:PORT/audio/male/prefix.mp3","message":"เกิดข้อผิดพลาดในการเล่นไฟล์เสียง: /audio/male/prefix.mp3","error":"Playback was unable to start. This is most commonly an issue on mobile devices and Chrome where playback was not within a user interaction.","timestamp":"2025-11-15T21:43:51.372Z"}
{"screenId":"3","vn":"681012160536640","action":"load_start","audioUrl":"http://IPV4:PORT/audio/male/A.mp3","message":"กำลังโหลดไฟล์เสียง: /audio/male/A.mp3","timestamp":"2025-11-15T21:43:51.387Z"}
{"screenId":"3","vn":"681012160536640","action":"play_error","audioUrl":"http://IPV4:PORT/audio/male/prefix.mp3","message":"เกิดข้อผิดพลาดในการเล่นไฟล์เสียง: /audio/male/prefix.mp3","error":"Playback was unable to start. This is most commonly an issue on mobile devices and Chrome where playback was not within a user interaction.","timestamp":"2025-11-15T21:43:54.634Z"}
{"screenId":"3","vn":"681012160536640","action":"load_start","audioUrl":"http://IPV4:PORT/audio/male/0.mp3","message":"กำลังโหลดไฟล์เสียง: /audio/male/0.mp3","timestamp":"2025-11-15T21:43:54.709Z"}
{"screenId":"3","vn":"681012160536640","action":"play_start","audioUrl":"http://IPV4:PORT/audio/male/A.mp3","message":"เริ่มเล่นไฟล์เสียง: /audio/male/A.mp3","timestamp":"2025-11-15T21:43:58.785Z"}
{"screenId":"3","vn":"681012160536640","action":"load_success","audioUrl":"http://IPV4:PORT/audio/male/A.mp3","message":"โหลดไฟล์เสียงสำเร็จ: /audio/male/A.mp3","timestamp":"2025-11-15T21:43:58.793Z"}
{"screenId":"3","vn":"681012160536640","action":"play_start","audioUrl":"http://IPV4:PORT/audio/male/0.mp3","message":"เริ่มเล่นไฟล์เสียง: /audio/male/0.mp3","timestamp":"2025-11-15T21:43:58.821Z"}
{"screenId":"3","vn":"681012160536640","action":"load_success","audioUrl":"http://IPV4:PORT/audio/male/0.mp3","message":"โหลดไฟล์เสียงสำเร็จ: /audio/male/0.mp3","timestamp":"2025-11-15T21:43:58.848Z"}
{"screenId":"3","vn":"681012160536640","action":"load_start","audioUrl":"http://IPV4:PORT/audio/male/0.mp3","message":"กำลังโหลดไฟล์เสียง: /audio/male/0.mp3","timestamp":"2025-11-15T21:43:58.958Z"}
{"screenId":"3","vn":"681012160536640","action":"play_error","audioUrl":"http://IPV4:PORT/audio/male/A.mp3","message":"เกิดข้อผิดพลาดในการเล่นไฟล์เสียง: /audio/male/A.mp3","error":"Playback was unable to start. This is most commonly an issue on mobile devices and Chrome where playback was not within a user interaction.","timestamp":"2025-11-15T21:43:58.893Z"}
{"screenId":"3","vn":"681012160536640","action":"play_error","audioUrl":"http://IPV4:PORT/audio/male/A.mp3","message":"เกิดข้อผิดพลาดในการเล่นไฟล์เสียง: /audio/male/A.mp3","error":"Playback was unable to start. This is most commonly an issue on mobile devices and Chrome where playback was not within a user interaction.","timestamp":"2025-11-15T21:43:59.010Z"}
{"screenId":"3","vn":"681012160536640","action":"load_start","audioUrl":"http://IPV4:PORT/audio/male/1.mp3","message":"กำลังโหลดไฟล์เสียง: /audio/male/1.mp3","timestamp":"2025-11-15T21:43:59.094Z"}
{"screenId":"3","vn":"681012160536640","action":"load_start","audioUrl":"http://IPV4:PORT/audio/cache/male/%E0%B8%8A%E0%B9%88%E0%B8%AD%E0%B8%87%E0%B8%A3%E0%B8%B1%E0%B8%9A%E0%B8%A2%E0%B8%B21.mp3","message":"กำลังโหลดไฟล์เสียง: /audio/cache/male/%E0%B8%8A%E0%B9%88%E0%B8%AD%E0%B8%87%E0%B8%A3%E0%B8%B1%E0%B8%9A%E0%B8%A2%E0%B8%B21.mp3","timestamp":"2025-11-15T21:43:59.154Z"}
{"screenId":"3","vn":"681012160536640","action":"play_error","audioUrl":"http://IPV4:PORT/audio/male/0.mp3","message":"เกิดข้อผิดพลาดในการเล่นไฟล์เสียง: /audio/male/0.mp3","error":"Playback was unable to start. This is most commonly an issue on mobile devices and Chrome where playback was not within a user interaction.","timestamp":"2025-11-15T21:43:59.207Z"}
{"screenId":"3","vn":"681012160536640","action":"play_error","audioUrl":"http://IPV4:PORT/audio/male/0.mp3","message":"เกิดข้อผิดพลาดในการเล่นไฟล์เสียง: /audio/male/0.mp3","error":"Playback was unable to start. This is most commonly an issue on mobile devices and Chrome where playback was not within a user interaction.","timestamp":"2025-11-15T21:43:59.122Z"}
{"screenId":"3","vn":"681012160536640","action":"load_start","audioUrl":"http://IPV4:PORT/audio/male/prefix.mp3","message":"กำลังโหลดไฟล์เสียง: /audio/male/prefix.mp3","timestamp":"2025-11-15T21:44:03.099Z"}
{"screenId":"3","vn":"681012160536640","action":"play_start","audioUrl":"http://IPV4:PORT/audio/male/0.mp3","message":"เริ่มเล่นไฟล์เสียง: /audio/male/0.mp3","timestamp":"2025-11-15T21:44:04.957Z"}
{"screenId":"3","vn":"681012160536640","action":"load_success","audioUrl":"http://IPV4:PORT/audio/male/0.mp3","message":"โหลดไฟล์เสียงสำเร็จ: /audio/male/0.mp3","timestamp":"2025-11-15T21:44:04.970Z"}
{"screenId":"3","vn":"681012160536640","action":"play_start","audioUrl":"http://IPV4:PORT/audio/male/1.mp3","message":"เริ่มเล่นไฟล์เสียง: /audio/male/1.mp3","timestamp":"2025-11-15T21:44:04.985Z"}
{"screenId":"3","vn":"681012160536640","action":"load_success","audioUrl":"http://IPV4:PORT/audio/male/prefix.mp3","message":"โหลดไฟล์เสียงสำเร็จ: /audio/male/prefix.mp3","timestamp":"2025-11-15T21:44:05.064Z"}
{"screenId":"3","vn":"681012160536640","action":"load_success","audioUrl":"http://IPV4:PORT/audio/male/1.mp3","message":"โหลดไฟล์เสียงสำเร็จ: /audio/male/1.mp3","timestamp":"2025-11-15T21:44:05.003Z"}
{"screenId":"3","vn":"681012160536640","action":"play_start","audioUrl":"http://IPV4:PORT/audio/male/prefix.mp3","message":"เริ่มเล่นไฟล์เสียง: /audio/male/prefix.mp3","timestamp":"2025-11-15T21:44:05.028Z"}
{"screenId":"3","vn":"681012160536640","action":"play_error","audioUrl":"http://IPV4:PORT/audio/male/0.mp3","message":"เกิดข้อผิดพลาดในการเล่นไฟล์เสียง: /audio/male/0.mp3","error":"Playback was unable to start. This is most commonly an issue on mobile devices and Chrome where playback was not within a user interaction.","timestamp":"2025-11-15T21:44:05.117Z"}
{"screenId":"3","vn":"681012160536640","action":"play_error","audioUrl":"http://IPV4:PORT/audio/male/0.mp3","message":"เกิดข้อผิดพลาดในการเล่นไฟล์เสียง: /audio/male/0.mp3","error":"Playback was unable to start. This is most commonly an issue on mobile devices and Chrome where playback was not within a user interaction.","timestamp":"2025-11-15T21:44:05.132Z"}
{"screenId":"3","vn":"681012160536640","action":"play_error","audioUrl":"http://IPV4:PORT/audio/male/1.mp3","message":"เกิดข้อผิดพลาดในการเล่นไฟล์เสียง: /audio/male/1.mp3","error":"Playback was unable to start. This is most commonly an issue on mobile devices and Chrome where playback was not within a user interaction.","timestamp":"2025-11-15T21:44:05.172Z"}
{"screenId":"3","vn":"681012160536640","action":"load_start","audioUrl":"http://IPV4:PORT/audio/male/A.mp3","message":"กำลังโหลดไฟล์เสียง: /audio/male/A.mp3","timestamp":"2025-11-15T21:44:05.324Z"}
{"screenId":"3","vn":"681012160536640","action":"play_error","audioUrl":"http://IPV4:PORT/audio/male/1.mp3","message":"เกิดข้อผิดพลาดในการเล่นไฟล์เสียง: /audio/male/1.mp3","error":"Playback was unable to start. This is most commonly an issue on mobile devices and Chrome where playback was not within a user interaction.","timestamp":"2025-11-15T21:44:05.201Z"}
{"screenId":"3","vn":"681012160536640","action":"play_error","audioUrl":"http://IPV4:PORT/audio/male/prefix.mp3","message":"เกิดข้อผิดพลาดในการเล่นไฟล์เสียง: /audio/male/prefix.mp3","error":"Playback was unable to start. This is most commonly an issue on mobile devices and Chrome where playback was not within a user interaction.","timestamp":"2025-11-15T21:44:05.253Z"}
{"screenId":"3","vn":"681012160536640","action":"play_error","audioUrl":"http://IPV4:PORT/audio/male/prefix.mp3","message":"เกิดข้อผิดพลาดในการเล่นไฟล์เสียง: /audio/male/prefix.mp3","error":"Playback was unable to start. This is most commonly an issue on mobile devices and Chrome where playback was not within a user interaction.","timestamp":"2025-11-15T21:44:05.381Z"}
{"screenId":"3","vn":"681012160536640","action":"load_start","audioUrl":"http://IPV4:PORT/audio/male/0.mp3","message":"กำลังโหลดไฟล์เสียง: /audio/male/0.mp3","timestamp":"2025-11-15T21:44:05.470Z"}
{"screenId":"3","vn":"681012160536640","action":"play_start","audioUrl":"http://IPV4:PORT/audio/cache/male/%E0%B8%8A%E0%B9%88%E0%B8%AD%E0%B8%87%E0%B8%A3%E0%B8%B1%E0%B8%9A%E0%B8%A2%E0%B8%B21.mp3","message":"เริ่มเล่นไฟล์เสียง: /audio/cache/male/%E0%B8%8A%E0%B9%88%E0%B8%AD%E0%B8%87%E0%B8%A3%E0%B8%B1%E0%B8%9A%E0%B8%A2%E0%B8%B21.mp3","timestamp":"2025-11-15T21:44:10.856Z"}
{"screenId":"3","vn":"681012160536640","action":"load_success","audioUrl":"http://IPV4:PORT/audio/cache/male/%E0%B8%8A%E0%B9%88%E0%B8%AD%E0%B8%87%E0%B8%A3%E0%B8%B1%E0%B8%9A%E0%B8%A2%E0%B8%B21.mp3","message":"โหลดไฟล์เสียงสำเร็จ: /audio/cache/male/%E0%B8%8A%E0%B9%88%E0%B8%AD%E0%B8%87%E0%B8%A3%E0%B8%B1%E0%B8%9A%E0%B8%A2%E0%B8%B21.mp3","timestamp":"2025-11-15T21:44:10.862Z"}
{"screenId":"3","vn":"681012160536640","action":"play_error","audioUrl":"http://IPV4:PORT/audio/cache/male/%E0%B8%8A%E0%B9%88%E0%B8%AD%E0%B8%87%E0%B8%A3%E0%B8%B1%E0%B8%9A%E0%B8%A2%E0%B8%B21.mp3","message":"เกิดข้อผิดพลาดในการเล่นไฟล์เสียง: /audio/cache/male/%E0%B8%8A%E0%B9%88%E0%B8%AD%E0%B8%87%E0%B8%A3%E0%B8%B1%E0%B8%9A%E0%B8%A2%E0%B8%B21.mp3","error":"Playback was unable to start. This is most commonly an issue on mobile devices and Chrome where playback was not within a user interaction.","timestamp":"2025-11-15T21:44:10.953Z"}
{"screenId":"3","vn":"681012160536640","action":"play_error","audioUrl":"http://IPV4:PORT/audio/cache/male/%E0%B8%8A%E0%B9%88%E0%B8%AD%E0%B8%87%E0%B8%A3%E0%B8%B1%E0%B8%9A%E0%B8%A2%E0%B8%B21.mp3","message":"เกิดข้อผิดพลาดในการเล่นไฟล์เสียง: /audio/cache/male/%E0%B8%8A%E0%B9%88%E0%B8%AD%E0%B8%87%E0%B8%A3%E0%B8%B1%E0%B8%9A%E0%B8%A2%E0%B8%B21.mp3","error":"Playback was unable to start. This is most commonly an issue on mobile devices and Chrome where playback was not within a user interaction.","timestamp":"2025-11-15T21:44:11.058Z"}
{"screenId":"3","vn":"681012160536640","action":"play_start","audioUrl":"http://IPV4:PORT/audio/male/0.mp3","message":"เริ่มเล่นไฟล์เสียง: /audio/male/0.mp3","timestamp":"2025-11-15T21:44:12.425Z"}
{"screenId":"3","vn":"681012160536640","action":"load_success","audioUrl":"http://IPV4:PORT/audio/male/0.mp3","message":"โหลดไฟล์เสียงสำเร็จ: /audio/male/0.mp3","timestamp":"2025-11-15T21:44:12.448Z"}
{"screenId":"3","vn":"681012160536640","action":"play_error","audioUrl":"http://IPV4:PORT/audio/male/0.mp3","message":"เกิดข้อผิดพลาดในการเล่นไฟล์เสียง: /audio/male/0.mp3","error":"Playback was unable to start. This is most commonly an issue on mobile devices and Chrome where playback was not within a user interaction.","timestamp":"2025-11-15T21:44:12.463Z"}
{"screenId":"3","vn":"681012160536640","action":"load_start","audioUrl":"http://IPV4:PORT/audio/male/1.mp3","message":"กำลังโหลดไฟล์เสียง: /audio/male/1.mp3","timestamp":"2025-11-15T21:44:12.543Z"}
{"screenId":"3","vn":"681012160536640","action":"play_error","audioUrl":"http://IPV4:PORT/audio/male/0.mp3","message":"เกิดข้อผิดพลาดในการเล่นไฟล์เสียง: /audio/male/0.mp3","error":"Playback was unable to start. This is most commonly an issue on mobile devices and Chrome where playback was not within a user interaction.","timestamp":"2025-11-15T21:44:12.519Z"}
{"screenId":"3","vn":"681012160536640","action":"load_start","audioUrl":"http://IPV4:PORT/audio/male/0.mp3","message":"กำลังโหลดไฟล์เสียง: /audio/male/0.mp3","timestamp":"2025-11-15T21:44:12.506Z"}
{"screenId":"3","vn":"681012160536640","action":"play_start","audioUrl":"http://IPV4:PORT/audio/male/A.mp3","message":"เริ่มเล่นไฟล์เสียง: /audio/male/A.mp3","timestamp":"2025-11-15T21:44:13.521Z"}
{"screenId":"3","vn":"681012160536640","action":"load_success","audioUrl":"http://IPV4:PORT/audio/male/A.mp3","message":"โหลดไฟล์เสียงสำเร็จ: /audio/male/A.mp3","timestamp":"2025-11-15T21:44:13.751Z"}
{"screenId":"3","vn":"681012160536640","action":"load_start","audioUrl":"http://IPV4:PORT/audio/cache/male/%E0%B8%8A%E0%B9%88%E0%B8%AD%E0%B8%87%E0%B8%A3%E0%B8%B1%E0%B8%9A%E0%B8%A2%E0%B8%B21.mp3","message":"กำลังโหลดไฟล์เสียง: /audio/cache/male/%E0%B8%8A%E0%B9%88%E0%B8%AD%E0%B8%87%E0%B8%A3%E0%B8%B1%E0%B8%9A%E0%B8%A2%E0%B8%B21.mp3","timestamp":"2025-11-15T21:44:13.784Z"}
{"screenId":"3","vn":"681012160536640","action":"play_error","audioUrl":"http://IPV4:PORT/audio/male/A.mp3","message":"เกิดข้อผิดพลาดในการเล่นไฟล์เสียง: /audio/male/A.mp3","error":"Playback was unable to start. This is most commonly an issue on mobile devices and Chrome where playback was not within a user interaction.","timestamp":"2025-11-15T21:44:13.776Z"}
{"screenId":"3","vn":"681012160536640","action":"play_error","audioUrl":"http://IPV4:PORT/audio/male/A.mp3","message":"เกิดข้อผิดพลาดในการเล่นไฟล์เสียง: /audio/male/A.mp3","error":"Playback was unable to start. This is most commonly an issue on mobile devices and Chrome where playback was not within a user interaction.","timestamp":"2025-11-15T21:44:13.791Z"}
{"screenId":"3","vn":"681012160536640","action":"load_start","audioUrl":"http://IPV4:PORT/audio/male/prefix.mp3","message":"กำลังโหลดไฟล์เสียง: /audio/male/prefix.mp3","timestamp":"2025-11-15T21:44:17.255Z"}
{"screenId":"3","vn":"681012160536640","action":"play_start","audioUrl":"http://IPV4:PORT/audio/male/0.mp3","message":"เริ่มเล่นไฟล์เสียง: /audio/male/0.mp3","timestamp":"2025-11-15T21:44:19.456Z"}
{"screenId":"3","vn":"681012160536640","action":"play_start","audioUrl":"http://IPV4:PORT/audio/male/1.mp3","message":"เริ่มเล่นไฟล์เสียง: /audio/male/1.mp3","timestamp":"2025-11-15T21:44:19.490Z"}
{"screenId":"3","vn":"681012160536640","action":"load_success","audioUrl":"http://IPV4:PORT/audio/male/1.mp3","message":"โหลดไฟล์เสียงสำเร็จ: /audio/male/1.mp3","timestamp":"2025-11-15T21:44:19.508Z"}
{"screenId":"3","vn":"681012160536640","action":"load_success","audioUrl":"http://IPV4:PORT/audio/male/0.mp3","message":"โหลดไฟล์เสียงสำเร็จ: /audio/male/0.mp3","timestamp":"2025-11-15T21:44:19.476Z"}
{"screenId":"3","vn":"681012160536640","action":"play_error","audioUrl":"http://IPV4:PORT/audio/male/0.mp3","message":"เกิดข้อผิดพลาดในการเล่นไฟล์เสียง: /audio/male/0.mp3","error":"Playback was unable to start. This is most commonly an issue on mobile devices and Chrome where playback was not within a user interaction.","timestamp":"2025-11-15T21:44:19.523Z"}
{"screenId":"3","vn":"681012160536640","action":"play_error","audioUrl":"http://IPV4:PORT/audio/male/0.mp3","message":"เกิดข้อผิดพลาดในการเล่นไฟล์เสียง: /audio/male/0.mp3","error":"Playback was unable to start. This is most commonly an issue on mobile devices and Chrome where playback was not within a user interaction.","timestamp":"2025-11-15T21:44:19.553Z"}
{"screenId":"3","vn":"681012160536640","action":"play_error","audioUrl":"http://IPV4:PORT/audio/male/1.mp3","message":"เกิดข้อผิดพลาดในการเล่นไฟล์เสียง: /audio/male/1.mp3","error":"Playback was unable to start. This is most commonly an issue on mobile devices and Chrome where playback was not within a user interaction.","timestamp":"2025-11-15T21:44:19.568Z"}
{"screenId":"3","vn":"681012160536640","action":"play_error","audioUrl":"http://IPV4:PORT/audio/male/1.mp3","message":"เกิดข้อผิดพลาดในการเล่นไฟล์เสียง: /audio/male/1.mp3","error":"Playback was unable to start. This is most commonly an issue on mobile devices and Chrome where playback was not within a user interaction.","timestamp":"2025-11-15T21:44:19.586Z"}
{"screenId":"3","vn":"681012160536640","action":"play_start","audioUrl":"http://IPV4:PORT/audio/cache/male/%E0%B8%8A%E0%B9%88%E0%B8%AD%E0%B8%87%E0%B8%A3%E0%B8%B1%E0%B8%9A%E0%B8%A2%E0%B8%B21.mp3","message":"เริ่มเล่นไฟล์เสียง: /audio/cache/male/%E0%B8%8A%E0%B9%88%E0%B8%AD%E0%B8%87%E0%B8%A3%E0%B8%B1%E0%B8%9A%E0%B8%A2%E0%B8%B21.mp3","timestamp":"2025-11-15T21:44:21.420Z"}
{"screenId":"3","vn":"681012160536640","action":"play_start","audioUrl":"http://IPV4:PORT/audio/male/prefix.mp3","message":"เริ่มเล่นไฟล์เสียง: /audio/male/prefix.mp3","timestamp":"2025-11-15T21:44:21.429Z"}
{"screenId":"3","vn":"681012160536640","action":"load_success","audioUrl":"http://IPV4:PORT/audio/cache/male/%E0%B8%8A%E0%B9%88%E0%B8%AD%E0%B8%87%E0%B8%A3%E0%B8%B1%E0%B8%9A%E0%B8%A2%E0%B8%B21.mp3","message":"โหลดไฟล์เสียงสำเร็จ: /audio/cache/male/%E0%B8%8A%E0%B9%88%E0%B8%AD%E0%B8%87%E0%B8%A3%E0%B8%B1%E0%B8%9A%E0%B8%A2%E0%B8%B21.mp3","timestamp":"2025-11-15T21:44:21.426Z"}
{"screenId":"3","vn":"681012160536640","action":"load_success","audioUrl":"http://IPV4:PORT/audio/male/prefix.mp3","message":"โหลดไฟล์เสียงสำเร็จ: /audio/male/prefix.mp3","timestamp":"2025-11-15T21:44:21.443Z"}
{"screenId":"3","vn":"681012160536640","action":"play_error","audioUrl":"http://IPV4:PORT/audio/cache/male/%E0%B8%8A%E0%B9%88%E0%B8%AD%E0%B8%87%E0%B8%A3%E0%B8%B1%E0%B8%9A%E0%B8%A2%E0%B8%B21.mp3","message":"เกิดข้อผิดพลาดในการเล่นไฟล์เสียง: /audio/cache/male/%E0%B8%8A%E0%B9%88%E0%B8%AD%E0%B8%87%E0%B8%A3%E0%B8%B1%E0%B8%9A%E0%B8%A2%E0%B8%B21.mp3","error":"Playback was unable to start. This is most commonly an issue on mobile devices and Chrome where playback was not within a user interaction.","timestamp":"2025-11-15T21:44:21.522Z"}
{"screenId":"3","vn":"681012160536640","action":"play_error","audioUrl":"http://IPV4:PORT/audio/cache/male/%E0%B8%8A%E0%B9%88%E0%B8%AD%E0%B8%87%E0%B8%A3%E0%B8%B1%E0%B8%9A%E0%B8%A2%E0%B8%B21.mp3","message":"เกิดข้อผิดพลาดในการเล่นไฟล์เสียง: /audio/cache/male/%E0%B8%8A%E0%B9%88%E0%B8%AD%E0%B8%87%E0%B8%A3%E0%B8%B1%E0%B8%9A%E0%B8%A2%E0%B8%B21.mp3","error":"Playback was unable to start. This is most commonly an issue on mobile devices and Chrome where playback was not within a user interaction.","timestamp":"2025-11-15T21:44:21.542Z"}
{"screenId":"3","vn":"681012160536640","action":"load_start","audioUrl":"http://IPV4:PORT/audio/male/0.mp3","message":"กำลังโหลดไฟล์เสียง: /audio/male/0.mp3","timestamp":"2025-11-15T21:44:21.594Z"}
{"screenId":"3","vn":"681012160536640","action":"play_error","audioUrl":"http://IPV4:PORT/audio/male/prefix.mp3","message":"เกิดข้อผิดพลาดในการเล่นไฟล์เสียง: /audio/male/prefix.mp3","error":"Playback was unable to start. This is most commonly an issue on mobile devices and Chrome where playback was not within a user interaction.","timestamp":"2025-11-15T21:44:21.555Z"}
{"screenId":"3","vn":"681012160536640","action":"play_error","audioUrl":"http://IPV4:PORT/audio/male/prefix.mp3","message":"เกิดข้อผิดพลาดในการเล่นไฟล์เสียง: /audio/male/prefix.mp3","error":"Playback was unable to start. This is most commonly an issue on mobile devices and Chrome where playback was not within a user interaction.","timestamp":"2025-11-15T21:44:21.582Z"}
{"screenId":"3","vn":"681012160536640","action":"load_start","audioUrl":"http://IPV4:PORT/audio/male/A.mp3","message":"กำลังโหลดไฟล์เสียง: /audio/male/A.mp3","timestamp":"2025-11-15T21:44:21.570Z"}
{"screenId":"3","vn":"681012160536640","action":"play_start","audioUrl":"http://IPV4:PORT/audio/male/A.mp3","message":"เริ่มเล่นไฟล์เสียง: /audio/male/A.mp3","timestamp":"2025-11-15T21:44:26.097Z"}
{"screenId":"3","vn":"681012160536640","action":"load_success","audioUrl":"http://IPV4:PORT/audio/male/A.mp3","message":"โหลดไฟล์เสียงสำเร็จ: /audio/male/A.mp3","timestamp":"2025-11-15T21:44:26.107Z"}
{"screenId":"3","vn":"681012160536640","action":"play_error","audioUrl":"http://IPV4:PORT/audio/male/A.mp3","message":"เกิดข้อผิดพลาดในการเล่นไฟล์เสียง: /audio/male/A.mp3","error":"Playback was unable to start. This is most commonly an issue on mobile devices and Chrome where playback was not within a user interaction.","timestamp":"2025-11-15T21:44:26.119Z"}
{"screenId":"3","vn":"681012160536640","action":"load_start","audioUrl":"http://IPV4:PORT/audio/male/0.mp3","message":"กำลังโหลดไฟล์เสียง: /audio/male/0.mp3","timestamp":"2025-11-15T21:44:26.131Z"}
{"screenId":"3","vn":"681012160536640","action":"play_error","audioUrl":"http://IPV4:PORT/audio/male/A.mp3","message":"เกิดข้อผิดพลาดในการเล่นไฟล์เสียง: /audio/male/A.mp3","error":"Playback was unable to start. This is most commonly an issue on mobile devices and Chrome where playback was not within a user interaction.","timestamp":"2025-11-15T21:44:26.177Z"}
{"screenId":"3","vn":"681012160536640","action":"load_start","audioUrl":"http://IPV4:PORT/audio/male/1.mp3","message":"กำลังโหลดไฟล์เสียง: /audio/male/1.mp3","timestamp":"2025-11-15T21:44:26.198Z"}
{"screenId":"3","vn":"681012160536640","action":"play_start","audioUrl":"http://IPV4:PORT/audio/male/0.mp3","message":"เริ่มเล่นไฟล์เสียง: /audio/male/0.mp3","timestamp":"2025-11-15T21:44:28.142Z"}
{"screenId":"3","vn":"681012160536640","action":"play_error","audioUrl":"http://IPV4:PORT/audio/male/0.mp3","message":"เกิดข้อผิดพลาดในการเล่นไฟล์เสียง: /audio/male/0.mp3","error":"Playback was unable to start. This is most commonly an issue on mobile devices and Chrome where playback was not within a user interaction.","timestamp":"2025-11-15T21:44:28.168Z"}
{"screenId":"3","vn":"681012160536640","action":"play_error","audioUrl":"http://IPV4:PORT/audio/male/0.mp3","message":"เกิดข้อผิดพลาดในการเล่นไฟล์เสียง: /audio/male/0.mp3","error":"Playback was unable to start. This is most commonly an issue on mobile devices and Chrome where playback was not within a user interaction.","timestamp":"2025-11-15T21:44:28.152Z"}
{"screenId":"3","vn":"681012160536640","action":"load_success","audioUrl":"http://IPV4:PORT/audio/male/0.mp3","message":"โหลดไฟล์เสียงสำเร็จ: /audio/male/0.mp3","timestamp":"2025-11-15T21:44:28.147Z"}
{"screenId":"3","vn":"681012160536640","action":"load_start","audioUrl":"http://IPV4:PORT/audio/cache/male/%E0%B8%8A%E0%B9%88%E0%B8%AD%E0%B8%87%E0%B8%A3%E0%B8%B1%E0%B8%9A%E0%B8%A2%E0%B8%B21.mp3","message":"กำลังโหลดไฟล์เสียง: /audio/cache/male/%E0%B8%8A%E0%B9%88%E0%B8%AD%E0%B8%87%E0%B8%A3%E0%B8%B1%E0%B8%9A%E0%B8%A2%E0%B8%B21.mp3","timestamp":"2025-11-15T21:44:28.156Z"}
{"screenId":"3","vn":"681012160536640","action":"play_start","audioUrl":"http://IPV4:PORT/audio/male/0.mp3","message":"เริ่มเล่นไฟล์เสียง: /audio/male/0.mp3","timestamp":"2025-11-15T21:44:30.815Z"}
{"screenId":"3","vn":"681012160536640","action":"load_success","audioUrl":"http://IPV4:PORT/audio/male/0.mp3","message":"โหลดไฟล์เสียงสำเร็จ: /audio/male/0.mp3","timestamp":"2025-11-15T21:44:30.848Z"}
{"screenId":"3","vn":"681012160536640","action":"play_start","audioUrl":"http://IPV4:PORT/audio/male/1.mp3","message":"เริ่มเล่นไฟล์เสียง: /audio/male/1.mp3","timestamp":"2025-11-15T21:44:30.869Z"}
{"screenId":"3","vn":"681012160536640","action":"load_success","audioUrl":"http://IPV4:PORT/audio/male/1.mp3","message":"โหลดไฟล์เสียงสำเร็จ: /audio/male/1.mp3","timestamp":"2025-11-15T21:44:30.913Z"}
{"screenId":"3","vn":"681012160536640","action":"play_error","audioUrl":"http://IPV4:PORT/audio/male/0.mp3","message":"เกิดข้อผิดพลาดในการเล่นไฟล์เสียง: /audio/male/0.mp3","error":"Playback was unable to start. This is most commonly an issue on mobile devices and Chrome where playback was not within a user interaction.","timestamp":"2025-11-15T21:44:30.956Z"}
{"screenId":"3","vn":"681012160536640","action":"play_error","audioUrl":"http://IPV4:PORT/audio/male/0.mp3","message":"เกิดข้อผิดพลาดในการเล่นไฟล์เสียง: /audio/male/0.mp3","error":"Playback was unable to start. This is most commonly an issue on mobile devices and Chrome where playback was not within a user interaction.","timestamp":"2025-11-15T21:44:30.966Z"}
{"screenId":"3","vn":"681012160536640","action":"play_error","audioUrl":"http://IPV4:PORT/audio/male/1.mp3","message":"เกิดข้อผิดพลาดในการเล่นไฟล์เสียง: /audio/male/1.mp3","error":"Playback was unable to start. This is most commonly an issue on mobile devices and Chrome where playback was not within a user interaction.","timestamp":"2025-11-15T21:44:30.979Z"}
{"screenId":"3","vn":"681012160536640","action":"play_error","audioUrl":"http://IPV4:PORT/audio/male/1.mp3","message":"เกิดข้อผิดพลาดในการเล่นไฟล์เสียง: /audio/male/1.mp3","error":"Playback was unable to start. This is most commonly an issue on mobile devices and Chrome where playback was not within a user interaction.","timestamp":"2025-11-15T21:44:30.998Z"}
{"screenId":"3","vn":"681012160536640","action":"play_start","audioUrl":"http://IPV4:PORT/audio/cache/male/%E0%B8%8A%E0%B9%88%E0%B8%AD%E0%B8%87%E0%B8%A3%E0%B8%B1%E0%B8%9A%E0%B8%A2%E0%B8%B21.mp3","message":"เริ่มเล่นไฟล์เสียง: /audio/cache/male/%E0%B8%8A%E0%B9%88%E0%B8%AD%E0%B8%87%E0%B8%A3%E0%B8%B1%E0%B8%9A%E0%B8%A2%E0%B8%B21.mp3","timestamp":"2025-11-15T21:44:32.902Z"}
{"screenId":"3","vn":"681012160536640","action":"load_success","audioUrl":"http://IPV4:PORT/audio/cache/male/%E0%B8%8A%E0%B9%88%E0%B8%AD%E0%B8%87%E0%B8%A3%E0%B8%B1%E0%B8%9A%E0%B8%A2%E0%B8%B21.mp3","message":"โหลดไฟล์เสียงสำเร็จ: /audio/cache/male/%E0%B8%8A%E0%B9%88%E0%B8%AD%E0%B8%87%E0%B8%A3%E0%B8%B1%E0%B8%9A%E0%B8%A2%E0%B8%B21.mp3","timestamp":"2025-11-15T21:44:32.920Z"}
{"screenId":"3","vn":"681012160536640","action":"load_start","audioUrl":"http://IPV4:PORT/audio/male/prefix.mp3","message":"กำลังโหลดไฟล์เสียง: /audio/male/prefix.mp3","timestamp":"2025-11-15T21:44:31.173Z"}
{"screenId":"3","vn":"681012160536640","action":"play_error","audioUrl":"http://IPV4:PORT/audio/cache/male/%E0%B8%8A%E0%B9%88%E0%B8%AD%E0%B8%87%E0%B8%A3%E0%B8%B1%E0%B8%9A%E0%B8%A2%E0%B8%B21.mp3","message":"เกิดข้อผิดพลาดในการเล่นไฟล์เสียง: /audio/cache/male/%E0%B8%8A%E0%B9%88%E0%B8%AD%E0%B8%87%E0%B8%A3%E0%B8%B1%E0%B8%9A%E0%B8%A2%E0%B8%B21.mp3","error":"Playback was unable to start. This is most commonly an issue on mobile devices and Chrome where playback was not within a user interaction.","timestamp":"2025-11-15T21:44:32.943Z"}
{"screenId":"3","vn":"681012160536640","action":"play_error","audioUrl":"http://IPV4:PORT/audio/cache/male/%E0%B8%8A%E0%B9%88%E0%B8%AD%E0%B8%87%E0%B8%A3%E0%B8%B1%E0%B8%9A%E0%B8%A2%E0%B8%B21.mp3","message":"เกิดข้อผิดพลาดในการเล่นไฟล์เสียง: /audio/cache/male/%E0%B8%8A%E0%B9%88%E0%B8%AD%E0%B8%87%E0%B8%A3%E0%B8%B1%E0%B8%9A%E0%B8%A2%E0%B8%B21.mp3","error":"Playback was unable to start. This is most commonly an issue on mobile devices and Chrome where playback was not within a user interaction.","timestamp":"2025-11-15T21:44:32.954Z"}
{"screenId":"3","vn":"681012160536640","action":"play_start","audioUrl":"http://IPV4:PORT/audio/male/prefix.mp3","message":"เริ่มเล่นไฟล์เสียง: /audio/male/prefix.mp3","timestamp":"2025-11-15T21:44:37.186Z"}
{"screenId":"3","vn":"681012160536640","action":"load_success","audioUrl":"http://IPV4:PORT/audio/male/prefix.mp3","message":"โหลดไฟล์เสียงสำเร็จ: /audio/male/prefix.mp3","timestamp":"2025-11-15T21:44:37.393Z"}
{"screenId":"3","vn":"681012160536640","action":"play_error","audioUrl":"http://IPV4:PORT/audio/male/prefix.mp3","message":"เกิดข้อผิดพลาดในการเล่นไฟล์เสียง: /audio/male/prefix.mp3","error":"Playback was unable to start. This is most commonly an issue on mobile devices and Chrome where playback was not within a user interaction.","timestamp":"2025-11-15T21:44:37.419Z"}
{"screenId":"3","vn":"681012160536640","action":"load_start","audioUrl":"http://IPV4:PORT/audio/male/A.mp3","message":"กำลังโหลดไฟล์เสียง: /audio/male/A.mp3","timestamp":"2025-11-15T21:44:38.124Z"}
{"screenId":"3","vn":"681012160536640","action":"play_error","audioUrl":"http://IPV4:PORT/audio/male/prefix.mp3","message":"เกิดข้อผิดพลาดในการเล่นไฟล์เสียง: /audio/male/prefix.mp3","error":"Playback was unable to start. This is most commonly an issue on mobile devices and Chrome where playback was not within a user interaction.","timestamp":"2025-11-15T21:44:38.253Z"}
{"screenId":"3","vn":"681012160536640","action":"load_start","audioUrl":"http://IPV4:PORT/audio/male/0.mp3","message":"กำลังโหลดไฟล์เสียง: /audio/male/0.mp3","timestamp":"2025-11-15T21:44:38.331Z"}
{"screenId":"3","vn":"681012160536640","action":"play_start","audioUrl":"http://IPV4:PORT/audio/male/A.mp3","message":"เริ่มเล่นไฟล์เสียง: /audio/male/A.mp3","timestamp":"2025-11-15T21:44:45.924Z"}
{"screenId":"3","vn":"681012160536640","action":"play_error","audioUrl":"http://IPV4:PORT/audio/male/A.mp3","message":"เกิดข้อผิดพลาดในการเล่นไฟล์เสียง: /audio/male/A.mp3","error":"Playback was unable to start. This is most commonly an issue on mobile devices and Chrome where playback was not within a user interaction.","timestamp":"2025-11-15T21:44:45.979Z"}
{"screenId":"3","vn":"681012160536640","action":"load_success","audioUrl":"http://IPV4:PORT/audio/male/A.mp3","message":"โหลดไฟล์เสียงสำเร็จ: /audio/male/A.mp3","timestamp":"2025-11-15T21:44:45.961Z"}
{"screenId":"3","vn":"681012160536640","action":"load_start","audioUrl":"http://IPV4:PORT/audio/male/0.mp3","message":"กำลังโหลดไฟล์เสียง: /audio/male/0.mp3","timestamp":"2025-11-15T21:44:46.044Z"}
{"screenId":"3","vn":"681012160536640","action":"play_error","audioUrl":"http://IPV4:PORT/audio/male/A.mp3","message":"เกิดข้อผิดพลาดในการเล่นไฟล์เสียง: /audio/male/A.mp3","error":"Playback was unable to start. This is most commonly an issue on mobile devices and Chrome where playback was not within a user interaction.","timestamp":"2025-11-15T21:44:46.147Z"}
{"screenId":"3","vn":"681012160536640","action":"load_start","audioUrl":"http://IPV4:PORT/audio/male/1.mp3","message":"กำลังโหลดไฟล์เสียง: /audio/male/1.mp3","timestamp":"2025-11-15T21:44:46.173Z"}
{"screenId":"3","vn":"681012160536640","action":"play_start","audioUrl":"http://IPV4:PORT/audio/male/0.mp3","message":"เริ่มเล่นไฟล์เสียง: /audio/male/0.mp3","timestamp":"2025-11-15T21:44:48.703Z"}
{"screenId":"3","vn":"681012160536640","action":"load_success","audioUrl":"http://IPV4:PORT/audio/male/0.mp3","message":"โหลดไฟล์เสียงสำเร็จ: /audio/male/0.mp3","timestamp":"2025-11-15T21:44:48.738Z"}
{"screenId":"3","vn":"681012160536640","action":"play_error","audioUrl":"http://IPV4:PORT/audio/male/0.mp3","message":"เกิดข้อผิดพลาดในการเล่นไฟล์เสียง: /audio/male/0.mp3","error":"Playback was unable to start. This is most commonly an issue on mobile devices and Chrome where playback was not within a user interaction.","timestamp":"2025-11-15T21:44:48.755Z"}
{"screenId":"3","vn":"681012160536640","action":"load_start","audioUrl":"http://IPV4:PORT/audio/cache/male/%E0%B8%8A%E0%B9%88%E0%B8%AD%E0%B8%87%E0%B8%A3%E0%B8%B1%E0%B8%9A%E0%B8%A2%E0%B8%B21.mp3","message":"กำลังโหลดไฟล์เสียง: /audio/cache/male/%E0%B8%8A%E0%B9%88%E0%B8%AD%E0%B8%87%E0%B8%A3%E0%B8%B1%E0%B8%9A%E0%B8%A2%E0%B8%B21.mp3","timestamp":"2025-11-15T21:44:48.776Z"}
{"screenId":"3","vn":"681012160536640","action":"play_error","audioUrl":"http://IPV4:PORT/audio/male/0.mp3","message":"เกิดข้อผิดพลาดในการเล่นไฟล์เสียง: /audio/male/0.mp3","error":"Playback was unable to start. This is most commonly an issue on mobile devices and Chrome where playback was not within a user interaction.","timestamp":"2025-11-15T21:44:48.783Z"}
{"screenId":"3","vn":"681012160536640","action":"load_success","audioUrl":"http://IPV4:PORT/audio/male/0.mp3","message":"โหลดไฟล์เสียงสำเร็จ: /audio/male/0.mp3","timestamp":"2025-11-15T21:44:51.360Z"}
{"screenId":"3","vn":"681012160536640","action":"play_start","audioUrl":"http://IPV4:PORT/audio/male/0.mp3","message":"เริ่มเล่นไฟล์เสียง: /audio/male/0.mp3","timestamp":"2025-11-15T21:44:51.356Z"}
{"screenId":"3","vn":"681012160536640","action":"play_start","audioUrl":"http://IPV4:PORT/audio/male/1.mp3","message":"เริ่มเล่นไฟล์เสียง: /audio/male/1.mp3","timestamp":"2025-11-15T21:44:51.421Z"}
{"screenId":"3","vn":"681012160536640","action":"load_success","audioUrl":"http://IPV4:PORT/audio/male/1.mp3","message":"โหลดไฟล์เสียงสำเร็จ: /audio/male/1.mp3","timestamp":"2025-11-15T21:44:51.567Z"}
{"screenId":"3","vn":"681012160536640","action":"play_error","audioUrl":"http://IPV4:PORT/audio/male/0.mp3","message":"เกิดข้อผิดพลาดในการเล่นไฟล์เสียง: /audio/male/0.mp3","error":"Playback was unable to start. This is most commonly an issue on mobile devices and Chrome where playback was not within a user interaction.","timestamp":"2025-11-15T21:44:51.677Z"}
{"screenId":"3","vn":"681012160536640","action":"play_error","audioUrl":"http://IPV4:PORT/audio/male/0.mp3","message":"เกิดข้อผิดพลาดในการเล่นไฟล์เสียง: /audio/male/0.mp3","error":"Playback was unable to start. This is most commonly an issue on mobile devices and Chrome where playback was not within a user interaction.","timestamp":"2025-11-15T21:44:51.707Z"}
{"screenId":"3","vn":"681012160536640","action":"play_error","audioUrl":"http://IPV4:PORT/audio/male/1.mp3","message":"เกิดข้อผิดพลาดในการเล่นไฟล์เสียง: /audio/male/1.mp3","error":"Playback was unable to start. This is most commonly an issue on mobile devices and Chrome where playback was not within a user interaction.","timestamp":"2025-11-15T21:44:51.750Z"}
{"screenId":"3","vn":"681012160536640","action":"load_start","audioUrl":"http://IPV4:PORT/audio/male/prefix.mp3","message":"กำลังโหลดไฟล์เสียง: /audio/male/prefix.mp3","timestamp":"2025-11-15T21:44:53.210Z"}
{"screenId":"3","vn":"681012160536640","action":"play_error","audioUrl":"http://IPV4:PORT/audio/male/1.mp3","message":"เกิดข้อผิดพลาดในการเล่นไฟล์เสียง: /audio/male/1.mp3","error":"Playback was unable to start. This is most commonly an issue on mobile devices and Chrome where playback was not within a user interaction.","timestamp":"2025-11-15T21:44:51.756Z"}
{"screenId":"3","vn":"681012160536640","action":"play_start","audioUrl":"http://IPV4:PORT/audio/cache/male/%E0%B8%8A%E0%B9%88%E0%B8%AD%E0%B8%87%E0%B8%A3%E0%B8%B1%E0%B8%9A%E0%B8%A2%E0%B8%B21.mp3","message":"เริ่มเล่นไฟล์เสียง: /audio/cache/male/%E0%B8%8A%E0%B9%88%E0%B8%AD%E0%B8%87%E0%B8%A3%E0%B8%B1%E0%B8%9A%E0%B8%A2%E0%B8%B21.mp3","timestamp":"2025-11-15T21:44:55.197Z"}
{"screenId":"3","vn":"681012160536640","action":"load_success","audioUrl":"http://IPV4:PORT/audio/cache/male/%E0%B8%8A%E0%B9%88%E0%B8%AD%E0%B8%87%E0%B8%A3%E0%B8%B1%E0%B8%9A%E0%B8%A2%E0%B8%B21.mp3","message":"โหลดไฟล์เสียงสำเร็จ: /audio/cache/male/%E0%B8%8A%E0%B9%88%E0%B8%AD%E0%B8%87%E0%B8%A3%E0%B8%B1%E0%B8%9A%E0%B8%A2%E0%B8%B21.mp3","timestamp":"2025-11-15T21:44:55.233Z"}
{"screenId":"3","vn":"681012160536640","action":"play_error","audioUrl":"http://IPV4:PORT/audio/cache/male/%E0%B8%8A%E0%B9%88%E0%B8%AD%E0%B8%87%E0%B8%A3%E0%B8%B1%E0%B8%9A%E0%B8%A2%E0%B8%B21.mp3","message":"เกิดข้อผิดพลาดในการเล่นไฟล์เสียง: /audio/cache/male/%E0%B8%8A%E0%B9%88%E0%B8%AD%E0%B8%87%E0%B8%A3%E0%B8%B1%E0%B8%9A%E0%B8%A2%E0%B8%B21.mp3","error":"Playback was unable to start. This is most commonly an issue on mobile devices and Chrome where playback was not within a user interaction.","timestamp":"2025-11-15T21:44:55.267Z"}
{"screenId":"3","vn":"681012160536640","action":"play_error","audioUrl":"http://IPV4:PORT/audio/cache/male/%E0%B8%8A%E0%B9%88%E0%B8%AD%E0%B8%87%E0%B8%A3%E0%B8%B1%E0%B8%9A%E0%B8%A2%E0%B8%B21.mp3","message":"เกิดข้อผิดพลาดในการเล่นไฟล์เสียง: /audio/cache/male/%E0%B8%8A%E0%B9%88%E0%B8%AD%E0%B8%87%E0%B8%A3%E0%B8%B1%E0%B8%9A%E0%B8%A2%E0%B8%B21.mp3","error":"Playback was unable to start. This is most commonly an issue on mobile devices and Chrome where playback was not within a user interaction.","timestamp":"2025-11-15T21:44:55.316Z"}
{"screenId":"3","vn":"681012160536640","action":"play_start","audioUrl":"http://IPV4:PORT/audio/male/prefix.mp3","message":"เริ่มเล่นไฟล์เสียง: /audio/male/prefix.mp3","timestamp":"2025-11-15T21:44:59.187Z"}
{"screenId":"3","vn":"681012160536640","action":"load_success","audioUrl":"http://IPV4:PORT/audio/male/prefix.mp3","message":"โหลดไฟล์เสียงสำเร็จ: /audio/male/prefix.mp3","timestamp":"2025-11-15T21:44:59.305Z"}
{"screenId":"3","vn":"681012160536640","action":"play_error","audioUrl":"http://IPV4:PORT/audio/male/prefix.mp3","message":"เกิดข้อผิดพลาดในการเล่นไฟล์เสียง: /audio/male/prefix.mp3","error":"Playback was unable to start. This is most commonly an issue on mobile devices and Chrome where playback was not within a user interaction.","timestamp":"2025-11-15T21:44:59.378Z"}
{"screenId":"3","vn":"681012160536640","action":"play_error","audioUrl":"http://IPV4:PORT/audio/male/prefix.mp3","message":"เกิดข้อผิดพลาดในการเล่นไฟล์เสียง: /audio/male/prefix.mp3","error":"Playback was unable to start. This is most commonly an issue on mobile devices and Chrome where playback was not within a user interaction.","timestamp":"2025-11-15T21:44:59.319Z"}
{"screenId":"3","vn":"681012160536640","action":"load_start","audioUrl":"http://IPV4:PORT/audio/male/A.mp3","message":"กำลังโหลดไฟล์เสียง: /audio/male/A.mp3","timestamp":"2025-11-15T21:44:59.325Z"}
{"screenId":"3","vn":"681012160536640","action":"load_start","audioUrl":"http://IPV4:PORT/audio/male/0.mp3","message":"กำลังโหลดไฟล์เสียง: /audio/male/0.mp3","timestamp":"2025-11-15T21:44:59.436Z"}
{"screenId":"3","vn":"681012160536640","action":"play_start","audioUrl":"http://IPV4:PORT/audio/male/A.mp3","message":"เริ่มเล่นไฟล์เสียง: /audio/male/A.mp3","timestamp":"2025-11-15T21:45:04.426Z"}
{"screenId":"3","vn":"681012160536640","action":"play_error","audioUrl":"http://IPV4:PORT/audio/male/A.mp3","message":"เกิดข้อผิดพลาดในการเล่นไฟล์เสียง: /audio/male/A.mp3","error":"Playback was unable to start. This is most commonly an issue on mobile devices and Chrome where playback was not within a user interaction.","timestamp":"2025-11-15T21:45:04.479Z"}
{"screenId":"3","vn":"681012160536640","action":"load_success","audioUrl":"http://IPV4:PORT/audio/male/0.mp3","message":"โหลดไฟล์เสียงสำเร็จ: /audio/male/0.mp3","timestamp":"2025-11-15T21:45:04.469Z"}
{"screenId":"3","vn":"681012160536640","action":"load_success","audioUrl":"http://IPV4:PORT/audio/male/A.mp3","message":"โหลดไฟล์เสียงสำเร็จ: /audio/male/A.mp3","timestamp":"2025-11-15T21:45:04.440Z"}
{"screenId":"3","vn":"681012160536640","action":"play_start","audioUrl":"http://IPV4:PORT/audio/male/0.mp3","message":"เริ่มเล่นไฟล์เสียง: /audio/male/0.mp3","timestamp":"2025-11-15T21:45:04.454Z"}
{"screenId":"3","vn":"681012160536640","action":"load_start","audioUrl":"http://IPV4:PORT/audio/male/0.mp3","message":"กำลังโหลดไฟล์เสียง: /audio/male/0.mp3","timestamp":"2025-11-15T21:45:04.486Z"}
{"screenId":"3","vn":"681012160536640","action":"play_error","audioUrl":"http://IPV4:PORT/audio/male/0.mp3","message":"เกิดข้อผิดพลาดในการเล่นไฟล์เสียง: /audio/male/0.mp3","error":"Playback was unable to start. This is most commonly an issue on mobile devices and Chrome where playback was not within a user interaction.","timestamp":"2025-11-15T21:45:04.861Z"}
{"screenId":"3","vn":"681012160536640","action":"play_error","audioUrl":"http://IPV4:PORT/audio/male/A.mp3","message":"เกิดข้อผิดพลาดในการเล่นไฟล์เสียง: /audio/male/A.mp3","error":"Playback was unable to start. This is most commonly an issue on mobile devices and Chrome where playback was not within a user interaction.","timestamp":"2025-11-15T21:45:04.503Z"}
{"screenId":"3","vn":"681012160536640","action":"load_start","audioUrl":"http://IPV4:PORT/audio/male/1.mp3","message":"กำลังโหลดไฟล์เสียง: /audio/male/1.mp3","timestamp":"2025-11-15T21:45:04.764Z"}
{"screenId":"3","vn":"681012160536640","action":"load_start","audioUrl":"http://IPV4:PORT/audio/cache/male/%E0%B8%8A%E0%B9%88%E0%B8%AD%E0%B8%87%E0%B8%A3%E0%B8%B1%E0%B8%9A%E0%B8%A2%E0%B8%B21.mp3","message":"กำลังโหลดไฟล์เสียง: /audio/cache/male/%E0%B8%8A%E0%B9%88%E0%B8%AD%E0%B8%87%E0%B8%A3%E0%B8%B1%E0%B8%9A%E0%B8%A2%E0%B8%B21.mp3","timestamp":"2025-11-15T21:45:04.941Z"}
{"screenId":"3","vn":"681012160536640","action":"play_error","audioUrl":"http://IPV4:PORT/audio/male/0.mp3","message":"เกิดข้อผิดพลาดในการเล่นไฟล์เสียง: /audio/male/0.mp3","error":"Playback was unable to start. This is most commonly an issue on mobile devices and Chrome where playback was not within a user interaction.","timestamp":"2025-11-15T21:45:05.177Z"}
{"screenId":"3","vn":"681012160536640","action":"load_start","audioUrl":"http://IPV4:PORT/audio/male/prefix.mp3","message":"กำลังโหลดไฟล์เสียง: /audio/male/prefix.mp3","timestamp":"2025-11-15T21:45:08.607Z"}
{"screenId":"3","vn":"681012160536640","action":"play_start","audioUrl":"http://IPV4:PORT/audio/male/0.mp3","message":"เริ่มเล่นไฟล์เสียง: /audio/male/0.mp3","timestamp":"2025-11-15T21:45:11.495Z"}
{"screenId":"3","vn":"681012160536640","action":"play_start","audioUrl":"http://IPV4:PORT/audio/male/1.mp3","message":"เริ่มเล่นไฟล์เสียง: /audio/male/1.mp3","timestamp":"2025-11-15T21:45:11.518Z"}
{"screenId":"3","vn":"681012160536640","action":"play_error","audioUrl":"http://IPV4:PORT/audio/male/0.mp3","message":"เกิดข้อผิดพลาดในการเล่นไฟล์เสียง: /audio/male/0.mp3","error":"Playback was unable to start. This is most commonly an issue on mobile devices and Chrome where playback was not within a user interaction.","timestamp":"2025-11-15T21:45:11.543Z"}
{"screenId":"3","vn":"681012160536640","action":"load_success","audioUrl":"http://IPV4:PORT/audio/male/1.mp3","message":"โหลดไฟล์เสียงสำเร็จ: /audio/male/1.mp3","timestamp":"2025-11-15T21:45:11.526Z"}
{"screenId":"3","vn":"681012160536640","action":"load_success","audioUrl":"http://IPV4:PORT/audio/male/0.mp3","message":"โหลดไฟล์เสียงสำเร็จ: /audio/male/0.mp3","timestamp":"2025-11-15T21:45:11.506Z"}
{"screenId":"3","vn":"681012160536640","action":"play_error","audioUrl":"http://IPV4:PORT/audio/male/0.mp3","message":"เกิดข้อผิดพลาดในการเล่นไฟล์เสียง: /audio/male/0.mp3","error":"Playback was unable to start. This is most commonly an issue on mobile devices and Chrome where playback was not within a user interaction.","timestamp":"2025-11-15T21:45:11.555Z"}
{"screenId":"3","vn":"681012160536640","action":"play_error","audioUrl":"http://IPV4:PORT/audio/male/1.mp3","message":"เกิดข้อผิดพลาดในการเล่นไฟล์เสียง: /audio/male/1.mp3","error":"Playback was unable to start. This is most commonly an issue on mobile devices and Chrome where playback was not within a user interaction.","timestamp":"2025-11-15T21:45:11.567Z"}
{"screenId":"3","vn":"681012160536640","action":"play_error","audioUrl":"http://IPV4:PORT/audio/male/1.mp3","message":"เกิดข้อผิดพลาดในการเล่นไฟล์เสียง: /audio/male/1.mp3","error":"Playback was unable to start. This is most commonly an issue on mobile devices and Chrome where playback was not within a user interaction.","timestamp":"2025-11-15T21:45:11.579Z"}
{"screenId":"3","vn":"681012160536640","action":"play_start","audioUrl":"http://IPV4:PORT/audio/cache/male/%E0%B8%8A%E0%B9%88%E0%B8%AD%E0%B8%87%E0%B8%A3%E0%B8%B1%E0%B8%9A%E0%B8%A2%E0%B8%B21.mp3","message":"เริ่มเล่นไฟล์เสียง: /audio/cache/male/%E0%B8%8A%E0%B9%88%E0%B8%AD%E0%B8%87%E0%B8%A3%E0%B8%B1%E0%B8%9A%E0%B8%A2%E0%B8%B21.mp3","timestamp":"2025-11-15T21:45:16.060Z"}
{"screenId":"3","vn":"681012160536640","action":"load_success","audioUrl":"http://IPV4:PORT/audio/cache/male/%E0%B8%8A%E0%B9%88%E0%B8%AD%E0%B8%87%E0%B8%A3%E0%B8%B1%E0%B8%9A%E0%B8%A2%E0%B8%B21.mp3","message":"โหลดไฟล์เสียงสำเร็จ: /audio/cache/male/%E0%B8%8A%E0%B9%88%E0%B8%AD%E0%B8%87%E0%B8%A3%E0%B8%B1%E0%B8%9A%E0%B8%A2%E0%B8%B21.mp3","timestamp":"2025-11-15T21:45:16.075Z"}
{"screenId":"3","vn":"681012160536640","action":"play_start","audioUrl":"http://IPV4:PORT/audio/male/prefix.mp3","message":"เริ่มเล่นไฟล์เสียง: /audio/male/prefix.mp3","timestamp":"2025-11-15T21:45:16.084Z"}
{"screenId":"3","vn":"681012160536640","action":"load_success","audioUrl":"http://IPV4:PORT/audio/male/prefix.mp3","message":"โหลดไฟล์เสียงสำเร็จ: /audio/male/prefix.mp3","timestamp":"2025-11-15T21:45:16.109Z"}
{"screenId":"3","vn":"681012160536640","action":"play_error","audioUrl":"http://IPV4:PORT/audio/cache/male/%E0%B8%8A%E0%B9%88%E0%B8%AD%E0%B8%87%E0%B8%A3%E0%B8%B1%E0%B8%9A%E0%B8%A2%E0%B8%B21.mp3","message":"เกิดข้อผิดพลาดในการเล่นไฟล์เสียง: /audio/cache/male/%E0%B8%8A%E0%B9%88%E0%B8%AD%E0%B8%87%E0%B8%A3%E0%B8%B1%E0%B8%9A%E0%B8%A2%E0%B8%B21.mp3","error":"Playback was unable to start. This is most commonly an issue on mobile devices and Chrome where playback was not within a user interaction.","timestamp":"2025-11-15T21:45:16.159Z"}
{"screenId":"3","vn":"681012160536640","action":"play_error","audioUrl":"http://IPV4:PORT/audio/cache/male/%E0%B8%8A%E0%B9%88%E0%B8%AD%E0%B8%87%E0%B8%A3%E0%B8%B1%E0%B8%9A%E0%B8%A2%E0%B8%B21.mp3","message":"เกิดข้อผิดพลาดในการเล่นไฟล์เสียง: /audio/cache/male/%E0%B8%8A%E0%B9%88%E0%B8%AD%E0%B8%87%E0%B8%A3%E0%B8%B1%E0%B8%9A%E0%B8%A2%E0%B8%B21.mp3","error":"Playback was unable to start. This is most commonly an issue on mobile devices and Chrome where playback was not within a user interaction.","timestamp":"2025-11-15T21:45:16.300Z"}
{"screenId":"3","vn":"681012160536640","action":"play_error","audioUrl":"http://IPV4:PORT/audio/male/prefix.mp3","message":"เกิดข้อผิดพลาดในการเล่นไฟล์เสียง: /audio/male/prefix.mp3","error":"Playback was unable to start. This is most commonly an issue on mobile devices and Chrome where playback was not within a user interaction.","timestamp":"2025-11-15T21:45:16.356Z"}
{"screenId":"3","vn":"681012160536640","action":"load_start","audioUrl":"http://IPV4:PORT/audio/male/A.mp3","message":"กำลังโหลดไฟล์เสียง: /audio/male/A.mp3","timestamp":"2025-11-15T21:45:16.406Z"}
{"screenId":"3","vn":"681012160536640","action":"load_start","audioUrl":"http://IPV4:PORT/audio/male/0.mp3","message":"กำลังโหลดไฟล์เสียง: /audio/male/0.mp3","timestamp":"2025-11-15T21:45:16.818Z"}
{"screenId":"3","vn":"681012160536640","action":"play_error","audioUrl":"http://IPV4:PORT/audio/male/prefix.mp3","message":"เกิดข้อผิดพลาดในการเล่นไฟล์เสียง: /audio/male/prefix.mp3","error":"Playback was unable to start. This is most commonly an issue on mobile devices and Chrome where playback was not within a user interaction.","timestamp":"2025-11-15T21:45:16.611Z"}
{"screenId":"3","vn":"681012160536640","action":"play_start","audioUrl":"http://IPV4:PORT/audio/male/0.mp3","message":"เริ่มเล่นไฟล์เสียง: /audio/male/0.mp3","timestamp":"2025-11-15T21:45:21.218Z"}
{"screenId":"3","vn":"681012160536640","action":"load_success","audioUrl":"http://IPV4:PORT/audio/male/0.mp3","message":"โหลดไฟล์เสียงสำเร็จ: /audio/male/0.mp3","timestamp":"2025-11-15T21:45:21.259Z"}
{"screenId":"3","vn":"681012160536640","action":"play_start","audioUrl":"http://IPV4:PORT/audio/male/A.mp3","message":"เริ่มเล่นไฟล์เสียง: /audio/male/A.mp3","timestamp":"2025-11-15T21:45:21.264Z"}
{"screenId":"3","vn":"681012160536640","action":"load_success","audioUrl":"http://IPV4:PORT/audio/male/A.mp3","message":"โหลดไฟล์เสียงสำเร็จ: /audio/male/A.mp3","timestamp":"2025-11-15T21:45:21.313Z"}
{"screenId":"3","vn":"681012160536640","action":"play_error","audioUrl":"http://IPV4:PORT/audio/male/0.mp3","message":"เกิดข้อผิดพลาดในการเล่นไฟล์เสียง: /audio/male/0.mp3","error":"Playback was unable to start. This is most commonly an issue on mobile devices and Chrome where playback was not within a user interaction.","timestamp":"2025-11-15T21:45:21.426Z"}
{"screenId":"3","vn":"681012160536640","action":"load_start","audioUrl":"http://IPV4:PORT/audio/male/0.mp3","message":"กำลังโหลดไฟล์เสียง: /audio/male/0.mp3","timestamp":"2025-11-15T21:45:21.477Z"}
{"screenId":"3","vn":"681012160536640","action":"play_error","audioUrl":"http://IPV4:PORT/audio/male/0.mp3","message":"เกิดข้อผิดพลาดในการเล่นไฟล์เสียง: /audio/male/0.mp3","error":"Playback was unable to start. This is most commonly an issue on mobile devices and Chrome where playback was not within a user interaction.","timestamp":"2025-11-15T21:45:21.511Z"}
{"screenId":"3","vn":"681012160536640","action":"load_start","audioUrl":"http://IPV4:PORT/audio/male/1.mp3","message":"กำลังโหลดไฟล์เสียง: /audio/male/1.mp3","timestamp":"2025-11-15T21:45:21.524Z"}
{"screenId":"3","vn":"681012160536640","action":"play_error","audioUrl":"http://IPV4:PORT/audio/male/A.mp3","message":"เกิดข้อผิดพลาดในการเล่นไฟล์เสียง: /audio/male/A.mp3","error":"Playback was unable to start. This is most commonly an issue on mobile devices and Chrome where playback was not within a user interaction.","timestamp":"2025-11-15T21:45:21.825Z"}
{"screenId":"3","vn":"681012160536640","action":"load_start","audioUrl":"http://IPV4:PORT/audio/cache/male/%E0%B8%8A%E0%B9%88%E0%B8%AD%E0%B8%87%E0%B8%A3%E0%B8%B1%E0%B8%9A%E0%B8%A2%E0%B8%B21.mp3","message":"กำลังโหลดไฟล์เสียง: /audio/cache/male/%E0%B8%8A%E0%B9%88%E0%B8%AD%E0%B8%87%E0%B8%A3%E0%B8%B1%E0%B8%9A%E0%B8%A2%E0%B8%B21.mp3","timestamp":"2025-11-15T21:45:21.891Z"}
{"screenId":"3","vn":"681012160536640","action":"play_error","audioUrl":"http://IPV4:PORT/audio/male/A.mp3","message":"เกิดข้อผิดพลาดในการเล่นไฟล์เสียง: /audio/male/A.mp3","error":"Playback was unable to start. This is most commonly an issue on mobile devices and Chrome where playback was not within a user interaction.","timestamp":"2025-11-15T21:45:22.090Z"}
{"screenId":"3","vn":"681012160536640","action":"load_start","audioUrl":"http://IPV4:PORT/audio/male/prefix.mp3","message":"กำลังโหลดไฟล์เสียง: /audio/male/prefix.mp3","timestamp":"2025-11-15T21:45:25.439Z"}
{"screenId":"3","vn":"681012160536640","action":"play_start","audioUrl":"http://IPV4:PORT/audio/male/0.mp3","message":"เริ่มเล่นไฟล์เสียง: /audio/male/0.mp3","timestamp":"2025-11-15T21:45:26.399Z"}
{"screenId":"3","vn":"681012160536640","action":"play_error","audioUrl":"http://IPV4:PORT/audio/male/0.mp3","message":"เกิดข้อผิดพลาดในการเล่นไฟล์เสียง: /audio/male/0.mp3","error":"Playback was unable to start. This is most commonly an issue on mobile devices and Chrome where playback was not within a user interaction.","timestamp":"2025-11-15T21:45:26.408Z"}
{"screenId":"3","vn":"681012160536640","action":"load_success","audioUrl":"http://IPV4:PORT/audio/male/0.mp3","message":"โหลดไฟล์เสียงสำเร็จ: /audio/male/0.mp3","timestamp":"2025-11-15T21:45:26.402Z"}
{"screenId":"3","vn":"681012160536640","action":"play_error","audioUrl":"http://IPV4:PORT/audio/male/0.mp3","message":"เกิดข้อผิดพลาดในการเล่นไฟล์เสียง: /audio/male/0.mp3","error":"Playback was unable to start. This is most commonly an issue on mobile devices and Chrome where playback was not within a user interaction.","timestamp":"2025-11-15T21:45:26.456Z"}
{"screenId":"3","vn":"681012160536640","action":"play_start","audioUrl":"http://IPV4:PORT/audio/male/1.mp3","message":"เริ่มเล่นไฟล์เสียง: /audio/male/1.mp3","timestamp":"2025-11-15T21:45:26.487Z"}
{"screenId":"3","vn":"681012160536640","action":"load_success","audioUrl":"http://IPV4:PORT/audio/male/1.mp3","message":"โหลดไฟล์เสียงสำเร็จ: /audio/male/1.mp3","timestamp":"2025-11-15T21:45:26.509Z"}
{"screenId":"3","vn":"681012160536640","action":"play_start","audioUrl":"http://IPV4:PORT/audio/cache/male/%E0%B8%8A%E0%B9%88%E0%B8%AD%E0%B8%87%E0%B8%A3%E0%B8%B1%E0%B8%9A%E0%B8%A2%E0%B8%B21.mp3","message":"เริ่มเล่นไฟล์เสียง: /audio/cache/male/%E0%B8%8A%E0%B9%88%E0%B8%AD%E0%B8%87%E0%B8%A3%E0%B8%B1%E0%B8%9A%E0%B8%A2%E0%B8%B21.mp3","timestamp":"2025-11-15T21:45:26.583Z"}
{"screenId":"3","vn":"681012160536640","action":"load_success","audioUrl":"http://IPV4:PORT/audio/male/prefix.mp3","message":"โหลดไฟล์เสียงสำเร็จ: /audio/male/prefix.mp3","timestamp":"2025-11-15T21:45:26.720Z"}
{"screenId":"3","vn":"681012160536640","action":"play_start","audioUrl":"http://IPV4:PORT/audio/male/prefix.mp3","message":"เริ่มเล่นไฟล์เสียง: /audio/male/prefix.mp3","timestamp":"2025-11-15T21:45:26.689Z"}
{"screenId":"3","vn":"681012160536640","action":"load_success","audioUrl":"http://IPV4:PORT/audio/cache/male/%E0%B8%8A%E0%B9%88%E0%B8%AD%E0%B8%87%E0%B8%A3%E0%B8%B1%E0%B8%9A%E0%B8%A2%E0%B8%B21.mp3","message":"โหลดไฟล์เสียงสำเร็จ: /audio/cache/male/%E0%B8%8A%E0%B9%88%E0%B8%AD%E0%B8%87%E0%B8%A3%E0%B8%B1%E0%B8%9A%E0%B8%A2%E0%B8%B21.mp3","timestamp":"2025-11-15T21:45:26.627Z"}
{"screenId":"3","vn":"681012160536640","action":"play_error","audioUrl":"http://IPV4:PORT/audio/male/1.mp3","message":"เกิดข้อผิดพลาดในการเล่นไฟล์เสียง: /audio/male/1.mp3","error":"Playback was unable to start. This is most commonly an issue on mobile devices and Chrome where playback was not within a user interaction.","timestamp":"2025-11-15T21:45:26.728Z"}
{"screenId":"3","vn":"681012160536640","action":"play_error","audioUrl":"http://IPV4:PORT/audio/male/1.mp3","message":"เกิดข้อผิดพลาดในการเล่นไฟล์เสียง: /audio/male/1.mp3","error":"Playback was unable to start. This is most commonly an issue on mobile devices and Chrome where playback was not within a user interaction.","timestamp":"2025-11-15T21:45:27.284Z"}
{"screenId":"3","vn":"681012160536640","action":"play_error","audioUrl":"http://IPV4:PORT/audio/cache/male/%E0%B8%8A%E0%B9%88%E0%B8%AD%E0%B8%87%E0%B8%A3%E0%B8%B1%E0%B8%9A%E0%B8%A2%E0%B8%B21.mp3","message":"เกิดข้อผิดพลาดในการเล่นไฟล์เสียง: /audio/cache/male/%E0%B8%8A%E0%B9%88%E0%B8%AD%E0%B8%87%E0%B8%A3%E0%B8%B1%E0%B8%9A%E0%B8%A2%E0%B8%B21.mp3","error":"Playback was unable to start. This is most commonly an issue on mobile devices and Chrome where playback was not within a user interaction.","timestamp":"2025-11-15T21:45:27.359Z"}
{"screenId":"3","vn":"681012160536640","action":"play_error","audioUrl":"http://IPV4:PORT/audio/cache/male/%E0%B8%8A%E0%B9%88%E0%B8%AD%E0%B8%87%E0%B8%A3%E0%B8%B1%E0%B8%9A%E0%B8%A2%E0%B8%B21.mp3","message":"เกิดข้อผิดพลาดในการเล่นไฟล์เสียง: /audio/cache/male/%E0%B8%8A%E0%B9%88%E0%B8%AD%E0%B8%87%E0%B8%A3%E0%B8%B1%E0%B8%9A%E0%B8%A2%E0%B8%B21.mp3","error":"Playback was unable to start. This is most commonly an issue on mobile devices and Chrome where playback was not within a user interaction.","timestamp":"2025-11-15T21:45:27.427Z"}
{"screenId":"3","vn":"681012160536640","action":"play_error","audioUrl":"http://IPV4:PORT/audio/male/prefix.mp3","message":"เกิดข้อผิดพลาดในการเล่นไฟล์เสียง: /audio/male/prefix.mp3","error":"Playback was unable to start. This is most commonly an issue on mobile devices and Chrome where playback was not within a user interaction.","timestamp":"2025-11-15T21:45:27.523Z"}
{"screenId":"3","vn":"681012160536640","action":"load_start","audioUrl":"http://IPV4:PORT/audio/male/0.mp3","message":"กำลังโหลดไฟล์เสียง: /audio/male/0.mp3","timestamp":"2025-11-15T21:45:27.647Z"}
{"screenId":"3","vn":"681012160536640","action":"play_error","audioUrl":"http://IPV4:PORT/audio/male/prefix.mp3","message":"เกิดข้อผิดพลาดในการเล่นไฟล์เสียง: /audio/male/prefix.mp3","error":"Playback was unable to start. This is most commonly an issue on mobile devices and Chrome where playback was not within a user interaction.","timestamp":"2025-11-15T21:45:27.453Z"}
{"screenId":"3","vn":"681012160536640","action":"load_start","audioUrl":"http://IPV4:PORT/audio/male/A.mp3","message":"กำลังโหลดไฟล์เสียง: /audio/male/A.mp3","timestamp":"2025-11-15T21:45:27.479Z"}
{"screenId":"3","vn":"681012160536640","action":"play_start","audioUrl":"http://IPV4:PORT/audio/male/A.mp3","message":"เริ่มเล่นไฟล์เสียง: /audio/male/A.mp3","timestamp":"2025-11-15T21:45:33.055Z"}
{"screenId":"3","vn":"681012160536640","action":"play_error","audioUrl":"http://IPV4:PORT/audio/male/A.mp3","message":"เกิดข้อผิดพลาดในการเล่นไฟล์เสียง: /audio/male/A.mp3","error":"Playback was unable to start. This is most commonly an issue on mobile devices and Chrome where playback was not within a user interaction.","timestamp":"2025-11-15T21:45:33.086Z"}
{"screenId":"3","vn":"681012160536640","action":"load_start","audioUrl":"http://IPV4:PORT/audio/male/0.mp3","message":"กำลังโหลดไฟล์เสียง: /audio/male/0.mp3","timestamp":"2025-11-15T21:45:33.092Z"}
{"screenId":"3","vn":"681012160536640","action":"play_error","audioUrl":"http://IPV4:PORT/audio/male/A.mp3","message":"เกิดข้อผิดพลาดในการเล่นไฟล์เสียง: /audio/male/A.mp3","error":"Playback was unable to start. This is most commonly an issue on mobile devices and Chrome where playback was not within a user interaction.","timestamp":"2025-11-15T21:45:33.106Z"}
{"screenId":"3","vn":"681012160536640","action":"load_success","audioUrl":"http://IPV4:PORT/audio/male/A.mp3","message":"โหลดไฟล์เสียงสำเร็จ: /audio/male/A.mp3","timestamp":"2025-11-15T21:45:33.077Z"}
{"screenId":"3","vn":"681012160536640","action":"load_start","audioUrl":"http://IPV4:PORT/audio/male/1.mp3","message":"กำลังโหลดไฟล์เสียง: /audio/male/1.mp3","timestamp":"2025-11-15T21:45:33.120Z"}
{"screenId":"3","vn":"681012160536640","action":"play_start","audioUrl":"http://IPV4:PORT/audio/male/0.mp3","message":"เริ่มเล่นไฟล์เสียง: /audio/male/0.mp3","timestamp":"2025-11-15T21:45:36.326Z"}
{"screenId":"3","vn":"681012160536640","action":"load_success","audioUrl":"http://IPV4:PORT/audio/male/0.mp3","message":"โหลดไฟล์เสียงสำเร็จ: /audio/male/0.mp3","timestamp":"2025-11-15T21:45:36.353Z"}
{"screenId":"3","vn":"681012160536640","action":"play_error","audioUrl":"http://IPV4:PORT/audio/male/0.mp3","message":"เกิดข้อผิดพลาดในการเล่นไฟล์เสียง: /audio/male/0.mp3","error":"Playback was unable to start. This is most commonly an issue on mobile devices and Chrome where playback was not within a user interaction.","timestamp":"2025-11-15T21:45:36.360Z"}
{"screenId":"3","vn":"681012160536640","action":"load_start","audioUrl":"http://IPV4:PORT/audio/cache/male/%E0%B8%8A%E0%B9%88%E0%B8%AD%E0%B8%87%E0%B8%A3%E0%B8%B1%E0%B8%9A%E0%B8%A2%E0%B8%B21.mp3","message":"กำลังโหลดไฟล์เสียง: /audio/cache/male/%E0%B8%8A%E0%B9%88%E0%B8%AD%E0%B8%87%E0%B8%A3%E0%B8%B1%E0%B8%9A%E0%B8%A2%E0%B8%B21.mp3","timestamp":"2025-11-15T21:45:36.384Z"}
{"screenId":"3","vn":"681012160536640","action":"play_error","audioUrl":"http://IPV4:PORT/audio/male/0.mp3","message":"เกิดข้อผิดพลาดในการเล่นไฟล์เสียง: /audio/male/0.mp3","error":"Playback was unable to start. This is most commonly an issue on mobile devices and Chrome where playback was not within a user interaction.","timestamp":"2025-11-15T21:45:36.426Z"}
{"screenId":"3","vn":"681012160536640","action":"load_start","audioUrl":"http://IPV4:PORT/audio/male/prefix.mp3","message":"กำลังโหลดไฟล์เสียง: /audio/male/prefix.mp3","timestamp":"2025-11-15T21:45:40.199Z"}
{"screenId":"3","vn":"681012160536640","action":"load_success","audioUrl":"http://IPV4:PORT/audio/male/0.mp3","message":"โหลดไฟล์เสียงสำเร็จ: /audio/male/0.mp3","timestamp":"2025-11-15T21:45:43.529Z"}
{"screenId":"3","vn":"681012160536640","action":"play_start","audioUrl":"http://IPV4:PORT/audio/male/0.mp3","message":"เริ่มเล่นไฟล์เสียง: /audio/male/0.mp3","timestamp":"2025-11-15T21:45:43.519Z"}
{"screenId":"3","vn":"681012160536640","action":"play_start","audioUrl":"http://IPV4:PORT/audio/male/1.mp3","message":"เริ่มเล่นไฟล์เสียง: /audio/male/1.mp3","timestamp":"2025-11-15T21:45:43.649Z"}
{"screenId":"3","vn":"681012160536640","action":"load_success","audioUrl":"http://IPV4:PORT/audio/male/1.mp3","message":"โหลดไฟล์เสียงสำเร็จ: /audio/male/1.mp3","timestamp":"2025-11-15T21:45:43.952Z"}
{"screenId":"3","vn":"681012160536640","action":"play_error","audioUrl":"http://IPV4:PORT/audio/male/0.mp3","message":"เกิดข้อผิดพลาดในการเล่นไฟล์เสียง: /audio/male/0.mp3","error":"Playback was unable to start. This is most commonly an issue on mobile devices and Chrome where playback was not within a user interaction.","timestamp":"2025-11-15T21:45:44.120Z"}
{"screenId":"3","vn":"681012160536640","action":"play_error","audioUrl":"http://IPV4:PORT/audio/male/0.mp3","message":"เกิดข้อผิดพลาดในการเล่นไฟล์เสียง: /audio/male/0.mp3","error":"Playback was unable to start. This is most commonly an issue on mobile devices and Chrome where playback was not within a user interaction.","timestamp":"2025-11-15T21:45:44.175Z"}
{"screenId":"3","vn":"681012160536640","action":"play_error","audioUrl":"http://IPV4:PORT/audio/male/1.mp3","message":"เกิดข้อผิดพลาดในการเล่นไฟล์เสียง: /audio/male/1.mp3","error":"Playback was unable to start. This is most commonly an issue on mobile devices and Chrome where playback was not within a user interaction.","timestamp":"2025-11-15T21:45:44.207Z"}
{"screenId":"3","vn":"681012160536640","action":"play_error","audioUrl":"http://IPV4:PORT/audio/male/1.mp3","message":"เกิดข้อผิดพลาดในการเล่นไฟล์เสียง: /audio/male/1.mp3","error":"Playback was unable to start. This is most commonly an issue on mobile devices and Chrome where playback was not within a user interaction.","timestamp":"2025-11-15T21:45:44.223Z"}
{"screenId":"3","vn":"681012160536640","action":"play_start","audioUrl":"http://IPV4:PORT/audio/cache/male/%E0%B8%8A%E0%B9%88%E0%B8%AD%E0%B8%87%E0%B8%A3%E0%B8%B1%E0%B8%9A%E0%B8%A2%E0%B8%B21.mp3","message":"เริ่มเล่นไฟล์เสียง: /audio/cache/male/%E0%B8%8A%E0%B9%88%E0%B8%AD%E0%B8%87%E0%B8%A3%E0%B8%B1%E0%B8%9A%E0%B8%A2%E0%B8%B21.mp3","timestamp":"2025-11-15T21:45:44.613Z"}
{"screenId":"3","vn":"681012160536640","action":"load_success","audioUrl":"http://IPV4:PORT/audio/cache/male/%E0%B8%8A%E0%B9%88%E0%B8%AD%E0%B8%87%E0%B8%A3%E0%B8%B1%E0%B8%9A%E0%B8%A2%E0%B8%B21.mp3","message":"โหลดไฟล์เสียงสำเร็จ: /audio/cache/male/%E0%B8%8A%E0%B9%88%E0%B8%AD%E0%B8%87%E0%B8%A3%E0%B8%B1%E0%B8%9A%E0%B8%A2%E0%B8%B21.mp3","timestamp":"2025-11-15T21:45:44.985Z"}
{"screenId":"3","vn":"681012160536640","action":"play_start","audioUrl":"http://IPV4:PORT/audio/male/prefix.mp3","message":"เริ่มเล่นไฟล์เสียง: /audio/male/prefix.mp3","timestamp":"2025-11-15T21:45:45.046Z"}
{"screenId":"3","vn":"681012160536640","action":"load_success","audioUrl":"http://IPV4:PORT/audio/male/prefix.mp3","message":"โหลดไฟล์เสียงสำเร็จ: /audio/male/prefix.mp3","timestamp":"2025-11-15T21:45:45.110Z"}
{"screenId":"3","vn":"681012160536640","action":"play_error","audioUrl":"http://IPV4:PORT/audio/cache/male/%E0%B8%8A%E0%B9%88%E0%B8%AD%E0%B8%87%E0%B8%A3%E0%B8%B1%E0%B8%9A%E0%B8%A2%E0%B8%B21.mp3","message":"เกิดข้อผิดพลาดในการเล่นไฟล์เสียง: /audio/cache/male/%E0%B8%8A%E0%B9%88%E0%B8%AD%E0%B8%87%E0%B8%A3%E0%B8%B1%E0%B8%9A%E0%B8%A2%E0%B8%B21.mp3","error":"Playback was unable to start. This is most commonly an issue on mobile devices and Chrome where playback was not within a user interaction.","timestamp":"2025-11-15T21:45:45.124Z"}
{"screenId":"3","vn":"681012160536640","action":"play_error","audioUrl":"http://IPV4:PORT/audio/cache/male/%E0%B8%8A%E0%B9%88%E0%B8%AD%E0%B8%87%E0%B8%A3%E0%B8%B1%E0%B8%9A%E0%B8%A2%E0%B8%B21.mp3","message":"เกิดข้อผิดพลาดในการเล่นไฟล์เสียง: /audio/cache/male/%E0%B8%8A%E0%B9%88%E0%B8%AD%E0%B8%87%E0%B8%A3%E0%B8%B1%E0%B8%9A%E0%B8%A2%E0%B8%B21.mp3","error":"Playback was unable to start. This is most commonly an issue on mobile devices and Chrome where playback was not within a user interaction.","timestamp":"2025-11-15T21:45:45.154Z"}
{"screenId":"3","vn":"681012160536640","action":"play_error","audioUrl":"http://IPV4:PORT/audio/male/prefix.mp3","message":"เกิดข้อผิดพลาดในการเล่นไฟล์เสียง: /audio/male/prefix.mp3","error":"Playback was unable to start. This is most commonly an issue on mobile devices and Chrome where playback was not within a user interaction.","timestamp":"2025-11-15T21:45:45.160Z"}
{"screenId":"3","vn":"681012160536640","action":"load_start","audioUrl":"http://IPV4:PORT/audio/male/A.mp3","message":"กำลังโหลดไฟล์เสียง: /audio/male/A.mp3","timestamp":"2025-11-15T21:45:45.203Z"}
{"screenId":"3","vn":"681012160536640","action":"play_error","audioUrl":"http://IPV4:PORT/audio/male/prefix.mp3","message":"เกิดข้อผิดพลาดในการเล่นไฟล์เสียง: /audio/male/prefix.mp3","error":"Playback was unable to start. This is most commonly an issue on mobile devices and Chrome where playback was not within a user interaction.","timestamp":"2025-11-15T21:45:45.347Z"}
{"screenId":"3","vn":"681012160536640","action":"load_start","audioUrl":"http://IPV4:PORT/audio/male/0.mp3","message":"กำลังโหลดไฟล์เสียง: /audio/male/0.mp3","timestamp":"2025-11-15T21:45:45.358Z"}
{"screenId":"3","vn":"681012160536640","action":"play_start","audioUrl":"http://IPV4:PORT/audio/male/0.mp3","message":"เริ่มเล่นไฟล์เสียง: /audio/male/0.mp3","timestamp":"2025-11-15T21:45:51.934Z"}
{"screenId":"3","vn":"681012160536640","action":"load_success","audioUrl":"http://IPV4:PORT/audio/male/0.mp3","message":"โหลดไฟล์เสียงสำเร็จ: /audio/male/0.mp3","timestamp":"2025-11-15T21:45:51.947Z"}
{"screenId":"3","vn":"681012160536640","action":"play_start","audioUrl":"http://IPV4:PORT/audio/male/A.mp3","message":"เริ่มเล่นไฟล์เสียง: /audio/male/A.mp3","timestamp":"2025-11-15T21:45:52.182Z"}
{"screenId":"3","vn":"681012160536640","action":"load_success","audioUrl":"http://IPV4:PORT/audio/male/A.mp3","message":"โหลดไฟล์เสียงสำเร็จ: /audio/male/A.mp3","timestamp":"2025-11-15T21:45:52.340Z"}
{"screenId":"3","vn":"681012160536640","action":"play_error","audioUrl":"http://IPV4:PORT/audio/male/0.mp3","message":"เกิดข้อผิดพลาดในการเล่นไฟล์เสียง: /audio/male/0.mp3","error":"Playback was unable to start. This is most commonly an issue on mobile devices and Chrome where playback was not within a user interaction.","timestamp":"2025-11-15T21:45:52.417Z"}
{"screenId":"3","vn":"681012160536640","action":"load_start","audioUrl":"http://IPV4:PORT/audio/male/0.mp3","message":"กำลังโหลดไฟล์เสียง: /audio/male/0.mp3","timestamp":"2025-11-15T21:45:52.435Z"}
{"screenId":"3","vn":"681012160536640","action":"play_error","audioUrl":"http://IPV4:PORT/audio/male/0.mp3","message":"เกิดข้อผิดพลาดในการเล่นไฟล์เสียง: /audio/male/0.mp3","error":"Playback was unable to start. This is most commonly an issue on mobile devices and Chrome where playback was not within a user interaction.","timestamp":"2025-11-15T21:45:52.469Z"}
{"screenId":"3","vn":"681012160536640","action":"load_start","audioUrl":"http://IPV4:PORT/audio/male/1.mp3","message":"กำลังโหลดไฟล์เสียง: /audio/male/1.mp3","timestamp":"2025-11-15T21:45:52.473Z"}
{"screenId":"3","vn":"681012160536640","action":"play_error","audioUrl":"http://IPV4:PORT/audio/male/A.mp3","message":"เกิดข้อผิดพลาดในการเล่นไฟล์เสียง: /audio/male/A.mp3","error":"Playback was unable to start. This is most commonly an issue on mobile devices and Chrome where playback was not within a user interaction.","timestamp":"2025-11-15T21:45:52.496Z"}
{"screenId":"3","vn":"681012160536640","action":"load_start","audioUrl":"http://IPV4:PORT/audio/cache/male/%E0%B8%8A%E0%B9%88%E0%B8%AD%E0%B8%87%E0%B8%A3%E0%B8%B1%E0%B8%9A%E0%B8%A2%E0%B8%B21.mp3","message":"กำลังโหลดไฟล์เสียง: /audio/cache/male/%E0%B8%8A%E0%B9%88%E0%B8%AD%E0%B8%87%E0%B8%A3%E0%B8%B1%E0%B8%9A%E0%B8%A2%E0%B8%B21.mp3","timestamp":"2025-11-15T21:45:52.551Z"}
{"screenId":"3","vn":"681012160536640","action":"play_error","audioUrl":"http://IPV4:PORT/audio/male/A.mp3","message":"เกิดข้อผิดพลาดในการเล่นไฟล์เสียง: /audio/male/A.mp3","error":"Playback was unable to start. This is most commonly an issue on mobile devices and Chrome where playback was not within a user interaction.","timestamp":"2025-11-15T21:45:52.582Z"}
{"screenId":"3","vn":"681012160536640","action":"load_start","audioUrl":"http://IPV4:PORT/audio/male/prefix.mp3","message":"กำลังโหลดไฟล์เสียง: /audio/male/prefix.mp3","timestamp":"2025-11-15T21:45:56.323Z"}
{"screenId":"3","vn":"681012160536640","action":"play_start","audioUrl":"http://IPV4:PORT/audio/male/0.mp3","message":"เริ่มเล่นไฟล์เสียง: /audio/male/0.mp3","timestamp":"2025-11-15T21:45:57.908Z"}
{"screenId":"3","vn":"681012160536640","action":"load_success","audioUrl":"http://IPV4:PORT/audio/male/0.mp3","message":"โหลดไฟล์เสียงสำเร็จ: /audio/male/0.mp3","timestamp":"2025-11-15T21:45:57.911Z"}
{"screenId":"3","vn":"681012160536640","action":"play_error","audioUrl":"http://IPV4:PORT/audio/male/0.mp3","message":"เกิดข้อผิดพลาดในการเล่นไฟล์เสียง: /audio/male/0.mp3","error":"Playback was unable to start. This is most commonly an issue on mobile devices and Chrome where playback was not within a user interaction.","timestamp":"2025-11-15T21:45:57.922Z"}
{"screenId":"3","vn":"681012160536640","action":"play_error","audioUrl":"http://IPV4:PORT/audio/male/0.mp3","message":"เกิดข้อผิดพลาดในการเล่นไฟล์เสียง: /audio/male/0.mp3","error":"Playback was unable to start. This is most commonly an issue on mobile devices and Chrome where playback was not within a user interaction.","timestamp":"2025-11-15T21:45:58.084Z"}
{"screenId":"3","vn":"681012160536640","action":"play_start","audioUrl":"http://IPV4:PORT/audio/male/1.mp3","message":"เริ่มเล่นไฟล์เสียง: /audio/male/1.mp3","timestamp":"2025-11-15T21:45:59.245Z"}
{"screenId":"3","vn":"681012160536640","action":"load_success","audioUrl":"http://IPV4:PORT/audio/male/1.mp3","message":"โหลดไฟล์เสียงสำเร็จ: /audio/male/1.mp3","timestamp":"2025-11-15T21:45:59.253Z"}
{"screenId":"3","vn":"681012160536640","action":"play_start","audioUrl":"http://IPV4:PORT/audio/cache/male/%E0%B8%8A%E0%B9%88%E0%B8%AD%E0%B8%87%E0%B8%A3%E0%B8%B1%E0%B8%9A%E0%B8%A2%E0%B8%B21.mp3","message":"เริ่มเล่นไฟล์เสียง: /audio/cache/male/%E0%B8%8A%E0%B9%88%E0%B8%AD%E0%B8%87%E0%B8%A3%E0%B8%B1%E0%B8%9A%E0%B8%A2%E0%B8%B21.mp3","timestamp":"2025-11-15T21:45:59.273Z"}
{"screenId":"3","vn":"681012160536640","action":"play_error","audioUrl":"http://IPV4:PORT/audio/male/1.mp3","message":"เกิดข้อผิดพลาดในการเล่นไฟล์เสียง: /audio/male/1.mp3","error":"Playback was unable to start. This is most commonly an issue on mobile devices and Chrome where playback was not within a user interaction.","timestamp":"2025-11-15T21:45:59.379Z"}
{"screenId":"3","vn":"681012160536640","action":"play_error","audioUrl":"http://IPV4:PORT/audio/male/1.mp3","message":"เกิดข้อผิดพลาดในการเล่นไฟล์เสียง: /audio/male/1.mp3","error":"Playback was unable to start. This is most commonly an issue on mobile devices and Chrome where playback was not within a user interaction.","timestamp":"2025-11-15T21:45:59.393Z"}
{"screenId":"3","vn":"681012160536640","action":"load_success","audioUrl":"http://IPV4:PORT/audio/cache/male/%E0%B8%8A%E0%B9%88%E0%B8%AD%E0%B8%87%E0%B8%A3%E0%B8%B1%E0%B8%9A%E0%B8%A2%E0%B8%B21.mp3","message":"โหลดไฟล์เสียงสำเร็จ: /audio/cache/male/%E0%B8%8A%E0%B9%88%E0%B8%AD%E0%B8%87%E0%B8%A3%E0%B8%B1%E0%B8%9A%E0%B8%A2%E0%B8%B21.mp3","timestamp":"2025-11-15T21:45:59.287Z"}
{"screenId":"3","vn":"681012160536640","action":"play_error","audioUrl":"http://IPV4:PORT/audio/cache/male/%E0%B8%8A%E0%B9%88%E0%B8%AD%E0%B8%87%E0%B8%A3%E0%B8%B1%E0%B8%9A%E0%B8%A2%E0%B8%B21.mp3","message":"เกิดข้อผิดพลาดในการเล่นไฟล์เสียง: /audio/cache/male/%E0%B8%8A%E0%B9%88%E0%B8%AD%E0%B8%87%E0%B8%A3%E0%B8%B1%E0%B8%9A%E0%B8%A2%E0%B8%B21.mp3","error":"Playback was unable to start. This is most commonly an issue on mobile devices and Chrome where playback was not within a user interaction.","timestamp":"2025-11-15T21:45:59.426Z"}
{"screenId":"3","vn":"681012160536640","action":"play_error","audioUrl":"http://IPV4:PORT/audio/cache/male/%E0%B8%8A%E0%B9%88%E0%B8%AD%E0%B8%87%E0%B8%A3%E0%B8%B1%E0%B8%9A%E0%B8%A2%E0%B8%B21.mp3","message":"เกิดข้อผิดพลาดในการเล่นไฟล์เสียง: /audio/cache/male/%E0%B8%8A%E0%B9%88%E0%B8%AD%E0%B8%87%E0%B8%A3%E0%B8%B1%E0%B8%9A%E0%B8%A2%E0%B8%B21.mp3","error":"Playback was unable to start. This is most commonly an issue on mobile devices and Chrome where playback was not within a user interaction.","timestamp":"2025-11-15T21:45:59.414Z"}
{"screenId":"3","vn":"681012160536640","action":"play_start","audioUrl":"http://IPV4:PORT/audio/male/prefix.mp3","message":"เริ่มเล่นไฟล์เสียง: /audio/male/prefix.mp3","timestamp":"2025-11-15T21:46:02.827Z"}
{"screenId":"3","vn":"681012160536640","action":"load_success","audioUrl":"http://IPV4:PORT/audio/male/prefix.mp3","message":"โหลดไฟล์เสียงสำเร็จ: /audio/male/prefix.mp3","timestamp":"2025-11-15T21:46:02.920Z"}
{"screenId":"3","vn":"681012160536640","action":"play_error","audioUrl":"http://IPV4:PORT/audio/male/prefix.mp3","message":"เกิดข้อผิดพลาดในการเล่นไฟล์เสียง: /audio/male/prefix.mp3","error":"Playback was unable to start. This is most commonly an issue on mobile devices and Chrome where playback was not within a user interaction.","timestamp":"2025-11-15T21:46:02.957Z"}
{"screenId":"3","vn":"681012160536640","action":"load_start","audioUrl":"http://IPV4:PORT/audio/male/A.mp3","message":"กำลังโหลดไฟล์เสียง: /audio/male/A.mp3","timestamp":"2025-11-15T21:46:02.982Z"}
{"screenId":"3","vn":"681012160536640","action":"play_error","audioUrl":"http://IPV4:PORT/audio/male/prefix.mp3","message":"เกิดข้อผิดพลาดในการเล่นไฟล์เสียง: /audio/male/prefix.mp3","error":"Playback was unable to start. This is most commonly an issue on mobile devices and Chrome where playback was not within a user interaction.","timestamp":"2025-11-15T21:46:03.159Z"}
{"screenId":"3","vn":"681012160536640","action":"load_start","audioUrl":"http://IPV4:PORT/audio/male/0.mp3","message":"กำลังโหลดไฟล์เสียง: /audio/male/0.mp3","timestamp":"2025-11-15T21:46:03.275Z"}
{"screenId":"3","vn":"681012160536640","action":"play_start","audioUrl":"http://IPV4:PORT/audio/male/A.mp3","message":"เริ่มเล่นไฟล์เสียง: /audio/male/A.mp3","timestamp":"2025-11-15T21:46:06.556Z"}
{"screenId":"3","vn":"681012160536640","action":"load_success","audioUrl":"http://IPV4:PORT/audio/male/A.mp3","message":"โหลดไฟล์เสียงสำเร็จ: /audio/male/A.mp3","timestamp":"2025-11-15T21:46:06.561Z"}
{"screenId":"3","vn":"681012160536640","action":"play_start","audioUrl":"http://IPV4:PORT/audio/male/0.mp3","message":"เริ่มเล่นไฟล์เสียง: /audio/male/0.mp3","timestamp":"2025-11-15T21:46:06.604Z"}
{"screenId":"3","vn":"681012160536640","action":"load_success","audioUrl":"http://IPV4:PORT/audio/male/0.mp3","message":"โหลดไฟล์เสียงสำเร็จ: /audio/male/0.mp3","timestamp":"2025-11-15T21:46:06.622Z"}
{"screenId":"3","vn":"681012160536640","action":"load_start","audioUrl":"http://IPV4:PORT/audio/male/0.mp3","message":"กำลังโหลดไฟล์เสียง: /audio/male/0.mp3","timestamp":"2025-11-15T21:46:06.672Z"}
{"screenId":"3","vn":"681012160536640","action":"play_error","audioUrl":"http://IPV4:PORT/audio/male/A.mp3","message":"เกิดข้อผิดพลาดในการเล่นไฟล์เสียง: /audio/male/A.mp3","error":"Playback was unable to start. This is most commonly an issue on mobile devices and Chrome where playback was not within a user interaction.","timestamp":"2025-11-15T21:46:06.648Z"}
{"screenId":"3","vn":"681012160536640","action":"load_start","audioUrl":"http://IPV4:PORT/audio/male/1.mp3","message":"กำลังโหลดไฟล์เสียง: /audio/male/1.mp3","timestamp":"2025-11-15T21:46:06.711Z"}
{"screenId":"3","vn":"681012160536640","action":"play_error","audioUrl":"http://IPV4:PORT/audio/male/A.mp3","message":"เกิดข้อผิดพลาดในการเล่นไฟล์เสียง: /audio/male/A.mp3","error":"Playback was unable to start. This is most commonly an issue on mobile devices and Chrome where playback was not within a user interaction.","timestamp":"2025-11-15T21:46:06.706Z"}
{"screenId":"3","vn":"681012160536640","action":"play_error","audioUrl":"http://IPV4:PORT/audio/male/0.mp3","message":"เกิดข้อผิดพลาดในการเล่นไฟล์เสียง: /audio/male/0.mp3","error":"Playback was unable to start. This is most commonly an issue on mobile devices and Chrome where playback was not within a user interaction.","timestamp":"2025-11-15T21:46:06.856Z"}
{"screenId":"3","vn":"681012160536640","action":"play_error","audioUrl":"http://IPV4:PORT/audio/male/0.mp3","message":"เกิดข้อผิดพลาดในการเล่นไฟล์เสียง: /audio/male/0.mp3","error":"Playback was unable to start. This is most commonly an issue on mobile devices and Chrome where playback was not within a user interaction.","timestamp":"2025-11-15T21:46:06.722Z"}
{"screenId":"3","vn":"681012160536640","action":"load_start","audioUrl":"http://IPV4:PORT/audio/cache/male/%E0%B8%8A%E0%B9%88%E0%B8%AD%E0%B8%87%E0%B8%A3%E0%B8%B1%E0%B8%9A%E0%B8%A2%E0%B8%B21.mp3","message":"กำลังโหลดไฟล์เสียง: /audio/cache/male/%E0%B8%8A%E0%B9%88%E0%B8%AD%E0%B8%87%E0%B8%A3%E0%B8%B1%E0%B8%9A%E0%B8%A2%E0%B8%B21.mp3","timestamp":"2025-11-15T21:46:06.766Z"}
{"screenId":"3","vn":"681012160536640","action":"load_start","audioUrl":"http://IPV4:PORT/audio/male/prefix.mp3","message":"กำลังโหลดไฟล์เสียง: /audio/male/prefix.mp3","timestamp":"2025-11-15T21:46:10.526Z"}
{"screenId":"3","vn":"681012160536640","action":"play_start","audioUrl":"http://IPV4:PORT/audio/male/0.mp3","message":"เริ่มเล่นไฟล์เสียง: /audio/male/0.mp3","timestamp":"2025-11-15T21:46:12.754Z"}
{"screenId":"3","vn":"681012160536640","action":"load_success","audioUrl":"http://IPV4:PORT/audio/male/0.mp3","message":"โหลดไฟล์เสียงสำเร็จ: /audio/male/0.mp3","timestamp":"2025-11-15T21:46:12.758Z"}
{"screenId":"3","vn":"681012160536640","action":"play_error","audioUrl":"http://IPV4:PORT/audio/male/0.mp3","message":"เกิดข้อผิดพลาดในการเล่นไฟล์เสียง: /audio/male/0.mp3","error":"Playback was unable to start. This is most commonly an issue on mobile devices and Chrome where playback was not within a user interaction.","timestamp":"2025-11-15T21:46:12.774Z"}
{"screenId":"3","vn":"681012160536640","action":"play_error","audioUrl":"http://IPV4:PORT/audio/male/0.mp3","message":"เกิดข้อผิดพลาดในการเล่นไฟล์เสียง: /audio/male/0.mp3","error":"Playback was unable to start. This is most commonly an issue on mobile devices and Chrome where playback was not within a user interaction.","timestamp":"2025-11-15T21:46:12.856Z"}
{"screenId":"3","vn":"681012160536640","action":"play_start","audioUrl":"http://IPV4:PORT/audio/cache/male/%E0%B8%8A%E0%B9%88%E0%B8%AD%E0%B8%87%E0%B8%A3%E0%B8%B1%E0%B8%9A%E0%B8%A2%E0%B8%B21.mp3","message":"เริ่มเล่นไฟล์เสียง: /audio/cache/male/%E0%B8%8A%E0%B9%88%E0%B8%AD%E0%B8%87%E0%B8%A3%E0%B8%B1%E0%B8%9A%E0%B8%A2%E0%B8%B21.mp3","timestamp":"2025-11-15T21:46:13.107Z"}
{"screenId":"3","vn":"681012160536640","action":"load_success","audioUrl":"http://IPV4:PORT/audio/cache/male/%E0%B8%8A%E0%B9%88%E0%B8%AD%E0%B8%87%E0%B8%A3%E0%B8%B1%E0%B8%9A%E0%B8%A2%E0%B8%B21.mp3","message":"โหลดไฟล์เสียงสำเร็จ: /audio/cache/male/%E0%B8%8A%E0%B9%88%E0%B8%AD%E0%B8%87%E0%B8%A3%E0%B8%B1%E0%B8%9A%E0%B8%A2%E0%B8%B21.mp3","timestamp":"2025-11-15T21:46:13.116Z"}
{"screenId":"3","vn":"681012160536640","action":"play_error","audioUrl":"http://IPV4:PORT/audio/cache/male/%E0%B8%8A%E0%B9%88%E0%B8%AD%E0%B8%87%E0%B8%A3%E0%B8%B1%E0%B8%9A%E0%B8%A2%E0%B8%B21.mp3","message":"เกิดข้อผิดพลาดในการเล่นไฟล์เสียง: /audio/cache/male/%E0%B8%8A%E0%B9%88%E0%B8%AD%E0%B8%87%E0%B8%A3%E0%B8%B1%E0%B8%9A%E0%B8%A2%E0%B8%B21.mp3","error":"Playback was unable to start. This is most commonly an issue on mobile devices and Chrome where playback was not within a user interaction.","timestamp":"2025-11-15T21:46:13.162Z"}
{"screenId":"3","vn":"681012160536640","action":"play_error","audioUrl":"http://IPV4:PORT/audio/cache/male/%E0%B8%8A%E0%B9%88%E0%B8%AD%E0%B8%87%E0%B8%A3%E0%B8%B1%E0%B8%9A%E0%B8%A2%E0%B8%B21.mp3","message":"เกิดข้อผิดพลาดในการเล่นไฟล์เสียง: /audio/cache/male/%E0%B8%8A%E0%B9%88%E0%B8%AD%E0%B8%87%E0%B8%A3%E0%B8%B1%E0%B8%9A%E0%B8%A2%E0%B8%B21.mp3","error":"Playback was unable to start. This is most commonly an issue on mobile devices and Chrome where playback was not within a user interaction.","timestamp":"2025-11-15T21:46:13.129Z"}
{"screenId":"3","vn":"681012160536640","action":"play_start","audioUrl":"http://IPV4:PORT/audio/male/prefix.mp3","message":"เริ่มเล่นไฟล์เสียง: /audio/male/prefix.mp3","timestamp":"2025-11-15T21:46:17.343Z"}
{"screenId":"3","vn":"681012160536640","action":"load_success","audioUrl":"http://IPV4:PORT/audio/male/prefix.mp3","message":"โหลดไฟล์เสียงสำเร็จ: /audio/male/prefix.mp3","timestamp":"2025-11-15T21:46:17.351Z"}
{"screenId":"3","vn":"681012160536640","action":"play_start","audioUrl":"http://IPV4:PORT/audio/male/1.mp3","message":"เริ่มเล่นไฟล์เสียง: /audio/male/1.mp3","timestamp":"2025-11-15T21:46:17.366Z"}
{"screenId":"3","vn":"681012160536640","action":"load_success","audioUrl":"http://IPV4:PORT/audio/male/1.mp3","message":"โหลดไฟล์เสียงสำเร็จ: /audio/male/1.mp3","timestamp":"2025-11-15T21:46:17.456Z"}
{"screenId":"3","vn":"681012160536640","action":"load_start","audioUrl":"http://IPV4:PORT/audio/male/A.mp3","message":"กำลังโหลดไฟล์เสียง: /audio/male/A.mp3","timestamp":"2025-11-15T21:46:17.486Z"}
{"screenId":"3","vn":"681012160536640","action":"play_error","audioUrl":"http://IPV4:PORT/audio/male/prefix.mp3","message":"เกิดข้อผิดพลาดในการเล่นไฟล์เสียง: /audio/male/prefix.mp3","error":"Playback was unable to start. This is most commonly an issue on mobile devices and Chrome where playback was not within a user interaction.","timestamp":"2025-11-15T21:46:17.475Z"}
{"screenId":"3","vn":"681012160536640","action":"play_error","audioUrl":"http://IPV4:PORT/audio/male/prefix.mp3","message":"เกิดข้อผิดพลาดในการเล่นไฟล์เสียง: /audio/male/prefix.mp3","error":"Playback was unable to start. This is most commonly an issue on mobile devices and Chrome where playback was not within a user interaction.","timestamp":"2025-11-15T21:46:17.617Z"}
{"screenId":"3","vn":"681012160536640","action":"play_error","audioUrl":"http://IPV4:PORT/audio/male/1.mp3","message":"เกิดข้อผิดพลาดในการเล่นไฟล์เสียง: /audio/male/1.mp3","error":"Playback was unable to start. This is most commonly an issue on mobile devices and Chrome where playback was not within a user interaction.","timestamp":"2025-11-15T21:46:18.336Z"}
{"screenId":"3","vn":"681012160536640","action":"play_error","audioUrl":"http://IPV4:PORT/audio/male/1.mp3","message":"เกิดข้อผิดพลาดในการเล่นไฟล์เสียง: /audio/male/1.mp3","error":"Playback was unable to start. This is most commonly an issue on mobile devices and Chrome where playback was not within a user interaction.","timestamp":"2025-11-15T21:46:17.805Z"}
{"screenId":"3","vn":"681012160536640","action":"load_start","audioUrl":"http://IPV4:PORT/audio/male/0.mp3","message":"กำลังโหลดไฟล์เสียง: /audio/male/0.mp3","timestamp":"2025-11-15T21:46:17.656Z"}
{"screenId":"3","vn":"681012160536640","action":"play_start","audioUrl":"http://IPV4:PORT/audio/male/A.mp3","message":"เริ่มเล่นไฟล์เสียง: /audio/male/A.mp3","timestamp":"2025-11-15T21:46:22.851Z"}
{"screenId":"3","vn":"681012160536640","action":"load_success","audioUrl":"http://IPV4:PORT/audio/male/A.mp3","message":"โหลดไฟล์เสียงสำเร็จ: /audio/male/A.mp3","timestamp":"2025-11-15T21:46:22.860Z"}
{"screenId":"3","vn":"681012160536640","action":"play_start","audioUrl":"http://IPV4:PORT/audio/male/0.mp3","message":"เริ่มเล่นไฟล์เสียง: /audio/male/0.mp3","timestamp":"2025-11-15T21:46:22.924Z"}
{"screenId":"3","vn":"681012160536640","action":"load_success","audioUrl":"http://IPV4:PORT/audio/male/0.mp3","message":"โหลดไฟล์เสียงสำเร็จ: /audio/male/0.mp3","timestamp":"2025-11-15T21:46:23.574Z"}
{"screenId":"3","vn":"681012160536640","action":"play_error","audioUrl":"http://IPV4:PORT/audio/male/A.mp3","message":"เกิดข้อผิดพลาดในการเล่นไฟล์เสียง: /audio/male/A.mp3","error":"Playback was unable to start. This is most commonly an issue on mobile devices and Chrome where playback was not within a user interaction.","timestamp":"2025-11-15T21:46:23.650Z"}
{"screenId":"3","vn":"681012160536640","action":"load_start","audioUrl":"http://IPV4:PORT/audio/male/0.mp3","message":"กำลังโหลดไฟล์เสียง: /audio/male/0.mp3","timestamp":"2025-11-15T21:46:23.700Z"}
{"screenId":"3","vn":"681012160536640","action":"play_error","audioUrl":"http://IPV4:PORT/audio/male/A.mp3","message":"เกิดข้อผิดพลาดในการเล่นไฟล์เสียง: /audio/male/A.mp3","error":"Playback was unable to start. This is most commonly an issue on mobile devices and Chrome where playback was not within a user interaction.","timestamp":"2025-11-15T21:46:23.773Z"}
{"screenId":"3","vn":"681012160536640","action":"load_start","audioUrl":"http://IPV4:PORT/audio/male/1.mp3","message":"กำลังโหลดไฟล์เสียง: /audio/male/1.mp3","timestamp":"2025-11-15T21:46:23.820Z"}
{"screenId":"3","vn":"681012160536640","action":"play_error","audioUrl":"http://IPV4:PORT/audio/male/0.mp3","message":"เกิดข้อผิดพลาดในการเล่นไฟล์เสียง: /audio/male/0.mp3","error":"Playback was unable to start. This is most commonly an issue on mobile devices and Chrome where playback was not within a user interaction.","timestamp":"2025-11-15T21:46:23.906Z"}
{"screenId":"3","vn":"681012160536640","action":"load_start","audioUrl":"http://IPV4:PORT/audio/cache/male/%E0%B8%8A%E0%B9%88%E0%B8%AD%E0%B8%87%E0%B8%A3%E0%B8%B1%E0%B8%9A%E0%B8%A2%E0%B8%B21.mp3","message":"กำลังโหลดไฟล์เสียง: /audio/cache/male/%E0%B8%8A%E0%B9%88%E0%B8%AD%E0%B8%87%E0%B8%A3%E0%B8%B1%E0%B8%9A%E0%B8%A2%E0%B8%B21.mp3","timestamp":"2025-11-15T21:46:23.947Z"}
{"screenId":"3","vn":"681012160536640","action":"play_error","audioUrl":"http://IPV4:PORT/audio/male/0.mp3","message":"เกิดข้อผิดพลาดในการเล่นไฟล์เสียง: /audio/male/0.mp3","error":"Playback was unable to start. This is most commonly an issue on mobile devices and Chrome where playback was not within a user interaction.","timestamp":"2025-11-15T21:46:24.109Z"}
{"screenId":"3","vn":"681012160536640","action":"load_start","audioUrl":"http://IPV4:PORT/audio/male/prefix.mp3","message":"กำลังโหลดไฟล์เสียง: /audio/male/prefix.mp3","timestamp":"2025-11-15T21:46:27.530Z"}
{"screenId":"3","vn":"681012160536640","action":"play_start","audioUrl":"http://IPV4:PORT/audio/male/0.mp3","message":"เริ่มเล่นไฟล์เสียง: /audio/male/0.mp3","timestamp":"2025-11-15T21:46:28.461Z"}
{"screenId":"3","vn":"681012160536640","action":"load_success","audioUrl":"http://IPV4:PORT/audio/male/0.mp3","message":"โหลดไฟล์เสียงสำเร็จ: /audio/male/0.mp3","timestamp":"2025-11-15T21:46:28.644Z"}
{"screenId":"3","vn":"681012160536640","action":"play_error","audioUrl":"http://IPV4:PORT/audio/male/0.mp3","message":"เกิดข้อผิดพลาดในการเล่นไฟล์เสียง: /audio/male/0.mp3","error":"Playback was unable to start. This is most commonly an issue on mobile devices and Chrome where playback was not within a user interaction.","timestamp":"2025-11-15T21:46:28.691Z"}
{"screenId":"3","vn":"681012160536640","action":"play_error","audioUrl":"http://IPV4:PORT/audio/male/0.mp3","message":"เกิดข้อผิดพลาดในการเล่นไฟล์เสียง: /audio/male/0.mp3","error":"Playback was unable to start. This is most commonly an issue on mobile devices and Chrome where playback was not within a user interaction.","timestamp":"2025-11-15T21:46:28.717Z"}
{"screenId":"3","vn":"681012160536640","action":"play_start","audioUrl":"http://IPV4:PORT/audio/cache/male/%E0%B8%8A%E0%B9%88%E0%B8%AD%E0%B8%87%E0%B8%A3%E0%B8%B1%E0%B8%9A%E0%B8%A2%E0%B8%B21.mp3","message":"เริ่มเล่นไฟล์เสียง: /audio/cache/male/%E0%B8%8A%E0%B9%88%E0%B8%AD%E0%B8%87%E0%B8%A3%E0%B8%B1%E0%B8%9A%E0%B8%A2%E0%B8%B21.mp3","timestamp":"2025-11-15T21:46:29.029Z"}
{"screenId":"3","vn":"681012160536640","action":"load_success","audioUrl":"http://IPV4:PORT/audio/cache/male/%E0%B8%8A%E0%B9%88%E0%B8%AD%E0%B8%87%E0%B8%A3%E0%B8%B1%E0%B8%9A%E0%B8%A2%E0%B8%B21.mp3","message":"โหลดไฟล์เสียงสำเร็จ: /audio/cache/male/%E0%B8%8A%E0%B9%88%E0%B8%AD%E0%B8%87%E0%B8%A3%E0%B8%B1%E0%B8%9A%E0%B8%A2%E0%B8%B21.mp3","timestamp":"2025-11-15T21:46:29.061Z"}
{"screenId":"3","vn":"681012160536640","action":"play_error","audioUrl":"http://IPV4:PORT/audio/cache/male/%E0%B8%8A%E0%B9%88%E0%B8%AD%E0%B8%87%E0%B8%A3%E0%B8%B1%E0%B8%9A%E0%B8%A2%E0%B8%B21.mp3","message":"เกิดข้อผิดพลาดในการเล่นไฟล์เสียง: /audio/cache/male/%E0%B8%8A%E0%B9%88%E0%B8%AD%E0%B8%87%E0%B8%A3%E0%B8%B1%E0%B8%9A%E0%B8%A2%E0%B8%B21.mp3","error":"Playback was unable to start. This is most commonly an issue on mobile devices and Chrome where playback was not within a user interaction.","timestamp":"2025-11-15T21:46:29.125Z"}
{"screenId":"3","vn":"681012160536640","action":"play_error","audioUrl":"http://IPV4:PORT/audio/cache/male/%E0%B8%8A%E0%B9%88%E0%B8%AD%E0%B8%87%E0%B8%A3%E0%B8%B1%E0%B8%9A%E0%B8%A2%E0%B8%B21.mp3","message":"เกิดข้อผิดพลาดในการเล่นไฟล์เสียง: /audio/cache/male/%E0%B8%8A%E0%B9%88%E0%B8%AD%E0%B8%87%E0%B8%A3%E0%B8%B1%E0%B8%9A%E0%B8%A2%E0%B8%B21.mp3","error":"Playback was unable to start. This is most commonly an issue on mobile devices and Chrome where playback was not within a user interaction.","timestamp":"2025-11-15T21:46:29.160Z"}
{"screenId":"3","vn":"681012160536640","action":"play_start","audioUrl":"http://IPV4:PORT/audio/male/1.mp3","message":"เริ่มเล่นไฟล์เสียง: /audio/male/1.mp3","timestamp":"2025-11-15T21:46:30.716Z"}
{"screenId":"3","vn":"681012160536640","action":"load_success","audioUrl":"http://IPV4:PORT/audio/male/1.mp3","message":"โหลดไฟล์เสียงสำเร็จ: /audio/male/1.mp3","timestamp":"2025-11-15T21:46:30.722Z"}
{"screenId":"3","vn":"681012160536640","action":"play_error","audioUrl":"http://IPV4:PORT/audio/male/1.mp3","message":"เกิดข้อผิดพลาดในการเล่นไฟล์เสียง: /audio/male/1.mp3","error":"Playback was unable to start. This is most commonly an issue on mobile devices and Chrome where playback was not within a user interaction.","timestamp":"2025-11-15T21:46:30.772Z"}
{"screenId":"3","vn":"681012160536640","action":"play_error","audioUrl":"http://IPV4:PORT/audio/male/1.mp3","message":"เกิดข้อผิดพลาดในการเล่นไฟล์เสียง: /audio/male/1.mp3","error":"Playback was unable to start. This is most commonly an issue on mobile devices and Chrome where playback was not within a user interaction.","timestamp":"2025-11-15T21:46:30.806Z"}
{"screenId":"3","vn":"681012160536640","action":"play_start","audioUrl":"http://IPV4:PORT/audio/male/prefix.mp3","message":"เริ่มเล่นไฟล์เสียง: /audio/male/prefix.mp3","timestamp":"2025-11-15T21:46:32.840Z"}
{"screenId":"3","vn":"681012160536640","action":"load_success","audioUrl":"http://IPV4:PORT/audio/male/prefix.mp3","message":"โหลดไฟล์เสียงสำเร็จ: /audio/male/prefix.mp3","timestamp":"2025-11-15T21:46:32.986Z"}
{"screenId":"3","vn":"681012160536640","action":"play_error","audioUrl":"http://IPV4:PORT/audio/male/prefix.mp3","message":"เกิดข้อผิดพลาดในการเล่นไฟล์เสียง: /audio/male/prefix.mp3","error":"Playback was unable to start. This is most commonly an issue on mobile devices and Chrome where playback was not within a user interaction.","timestamp":"2025-11-15T21:46:33.087Z"}
{"screenId":"3","vn":"681012160536640","action":"load_start","audioUrl":"http://IPV4:PORT/audio/male/A.mp3","message":"กำลังโหลดไฟล์เสียง: /audio/male/A.mp3","timestamp":"2025-11-15T21:46:33.092Z"}
{"screenId":"3","vn":"681012160536640","action":"play_error","audioUrl":"http://IPV4:PORT/audio/male/prefix.mp3","message":"เกิดข้อผิดพลาดในการเล่นไฟล์เสียง: /audio/male/prefix.mp3","error":"Playback was unable to start. This is most commonly an issue on mobile devices and Chrome where playback was not within a user interaction.","timestamp":"2025-11-15T21:46:33.225Z"}
{"screenId":"3","vn":"681012160536640","action":"load_start","audioUrl":"http://IPV4:PORT/audio/male/0.mp3","message":"กำลังโหลดไฟล์เสียง: /audio/male/0.mp3","timestamp":"2025-11-15T21:46:33.239Z"}
{"screenId":"3","vn":"681012160536640","action":"play_start","audioUrl":"http://IPV4:PORT/audio/male/A.mp3","message":"เริ่มเล่นไฟล์เสียง: /audio/male/A.mp3","timestamp":"2025-11-15T21:46:36.410Z"}
{"screenId":"3","vn":"681012160536640","action":"load_success","audioUrl":"http://IPV4:PORT/audio/male/A.mp3","message":"โหลดไฟล์เสียงสำเร็จ: /audio/male/A.mp3","timestamp":"2025-11-15T21:46:36.416Z"}
{"screenId":"3","vn":"681012160536640","action":"play_error","audioUrl":"http://IPV4:PORT/audio/male/A.mp3","message":"เกิดข้อผิดพลาดในการเล่นไฟล์เสียง: /audio/male/A.mp3","error":"Playback was unable to start. This is most commonly an issue on mobile devices and Chrome where playback was not within a user interaction.","timestamp":"2025-11-15T21:46:36.949Z"}
{"screenId":"3","vn":"681012160536640","action":"load_start","audioUrl":"http://IPV4:PORT/audio/male/0.mp3","message":"กำลังโหลดไฟล์เสียง: /audio/male/0.mp3","timestamp":"2025-11-15T21:46:36.956Z"}
{"screenId":"3","vn":"681012160536640","action":"play_error","audioUrl":"http://IPV4:PORT/audio/male/A.mp3","message":"เกิดข้อผิดพลาดในการเล่นไฟล์เสียง: /audio/male/A.mp3","error":"Playback was unable to start. This is most commonly an issue on mobile devices and Chrome where playback was not within a user interaction.","timestamp":"2025-11-15T21:46:36.985Z"}
{"screenId":"3","vn":"681012160536640","action":"load_start","audioUrl":"http://IPV4:PORT/audio/male/1.mp3","message":"กำลังโหลดไฟล์เสียง: /audio/male/1.mp3","timestamp":"2025-11-15T21:46:37.095Z"}
{"screenId":"3","vn":"681012160536640","action":"play_start","audioUrl":"http://IPV4:PORT/audio/male/0.mp3","message":"เริ่มเล่นไฟล์เสียง: /audio/male/0.mp3","timestamp":"2025-11-15T21:46:41.004Z"}
{"screenId":"3","vn":"681012160536640","action":"load_success","audioUrl":"http://IPV4:PORT/audio/male/0.mp3","message":"โหลดไฟล์เสียงสำเร็จ: /audio/male/0.mp3","timestamp":"2025-11-15T21:46:41.009Z"}
{"screenId":"3","vn":"681012160536640","action":"play_error","audioUrl":"http://IPV4:PORT/audio/male/0.mp3","message":"เกิดข้อผิดพลาดในการเล่นไฟล์เสียง: /audio/male/0.mp3","error":"Playback was unable to start. This is most commonly an issue on mobile devices and Chrome where playback was not within a user interaction.","timestamp":"2025-11-15T21:46:41.056Z"}
{"screenId":"3","vn":"681012160536640","action":"load_start","audioUrl":"http://IPV4:PORT/audio/cache/male/%E0%B8%8A%E0%B9%88%E0%B8%AD%E0%B8%87%E0%B8%A3%E0%B8%B1%E0%B8%9A%E0%B8%A2%E0%B8%B21.mp3","message":"กำลังโหลดไฟล์เสียง: /audio/cache/male/%E0%B8%8A%E0%B9%88%E0%B8%AD%E0%B8%87%E0%B8%A3%E0%B8%B1%E0%B8%9A%E0%B8%A2%E0%B8%B21.mp3","timestamp":"2025-11-15T21:46:41.076Z"}
{"screenId":"3","vn":"681012160536640","action":"play_error","audioUrl":"http://IPV4:PORT/audio/male/0.mp3","message":"เกิดข้อผิดพลาดในการเล่นไฟล์เสียง: /audio/male/0.mp3","error":"Playback was unable to start. This is most commonly an issue on mobile devices and Chrome where playback was not within a user interaction.","timestamp":"2025-11-15T21:46:41.190Z"}
{"screenId":"3","vn":"681012160536640","action":"load_start","audioUrl":"http://IPV4:PORT/audio/male/prefix.mp3","message":"กำลังโหลดไฟล์เสียง: /audio/male/prefix.mp3","timestamp":"2025-11-15T21:46:44.679Z"}
{"screenId":"3","vn":"681012160536640","action":"play_start","audioUrl":"http://IPV4:PORT/audio/male/1.mp3","message":"เริ่มเล่นไฟล์เสียง: /audio/male/1.mp3","timestamp":"2025-11-15T21:46:46.112Z"}
{"screenId":"3","vn":"681012160536640","action":"load_success","audioUrl":"http://IPV4:PORT/audio/male/1.mp3","message":"โหลดไฟล์เสียงสำเร็จ: /audio/male/1.mp3","timestamp":"2025-11-15T21:46:46.123Z"}
{"screenId":"3","vn":"681012160536640","action":"play_start","audioUrl":"http://IPV4:PORT/audio/cache/male/%E0%B8%8A%E0%B9%88%E0%B8%AD%E0%B8%87%E0%B8%A3%E0%B8%B1%E0%B8%9A%E0%B8%A2%E0%B8%B21.mp3","message":"เริ่มเล่นไฟล์เสียง: /audio/cache/male/%E0%B8%8A%E0%B9%88%E0%B8%AD%E0%B8%87%E0%B8%A3%E0%B8%B1%E0%B8%9A%E0%B8%A2%E0%B8%B21.mp3","timestamp":"2025-11-15T21:46:46.184Z"}
{"screenId":"3","vn":"681012160536640","action":"load_success","audioUrl":"http://IPV4:PORT/audio/cache/male/%E0%B8%8A%E0%B9%88%E0%B8%AD%E0%B8%87%E0%B8%A3%E0%B8%B1%E0%B8%9A%E0%B8%A2%E0%B8%B21.mp3","message":"โหลดไฟล์เสียงสำเร็จ: /audio/cache/male/%E0%B8%8A%E0%B9%88%E0%B8%AD%E0%B8%87%E0%B8%A3%E0%B8%B1%E0%B8%9A%E0%B8%A2%E0%B8%B21.mp3","timestamp":"2025-11-15T21:46:46.525Z"}
{"screenId":"3","vn":"681012160536640","action":"play_error","audioUrl":"http://IPV4:PORT/audio/male/1.mp3","message":"เกิดข้อผิดพลาดในการเล่นไฟล์เสียง: /audio/male/1.mp3","error":"Playback was unable to start. This is most commonly an issue on mobile devices and Chrome where playback was not within a user interaction.","timestamp":"2025-11-15T21:46:46.594Z"}
{"screenId":"3","vn":"681012160536640","action":"play_error","audioUrl":"http://IPV4:PORT/audio/male/1.mp3","message":"เกิดข้อผิดพลาดในการเล่นไฟล์เสียง: /audio/male/1.mp3","error":"Playback was unable to start. This is most commonly an issue on mobile devices and Chrome where playback was not within a user interaction.","timestamp":"2025-11-15T21:46:46.816Z"}
{"screenId":"3","vn":"681012160536640","action":"play_error","audioUrl":"http://IPV4:PORT/audio/cache/male/%E0%B8%8A%E0%B9%88%E0%B8%AD%E0%B8%87%E0%B8%A3%E0%B8%B1%E0%B8%9A%E0%B8%A2%E0%B8%B21.mp3","message":"เกิดข้อผิดพลาดในการเล่นไฟล์เสียง: /audio/cache/male/%E0%B8%8A%E0%B9%88%E0%B8%AD%E0%B8%87%E0%B8%A3%E0%B8%B1%E0%B8%9A%E0%B8%A2%E0%B8%B21.mp3","error":"Playback was unable to start. This is most commonly an issue on mobile devices and Chrome where playback was not within a user interaction.","timestamp":"2025-11-15T21:46:46.885Z"}
{"screenId":"3","vn":"681012160536640","action":"play_error","audioUrl":"http://IPV4:PORT/audio/cache/male/%E0%B8%8A%E0%B9%88%E0%B8%AD%E0%B8%87%E0%B8%A3%E0%B8%B1%E0%B8%9A%E0%B8%A2%E0%B8%B21.mp3","message":"เกิดข้อผิดพลาดในการเล่นไฟล์เสียง: /audio/cache/male/%E0%B8%8A%E0%B9%88%E0%B8%AD%E0%B8%87%E0%B8%A3%E0%B8%B1%E0%B8%9A%E0%B8%A2%E0%B8%B21.mp3","error":"Playback was unable to start. This is most commonly an issue on mobile devices and Chrome where playback was not within a user interaction.","timestamp":"2025-11-15T21:46:46.943Z"}
{"screenId":"3","vn":"681012160536640","action":"play_start","audioUrl":"http://IPV4:PORT/audio/male/prefix.mp3","message":"เริ่มเล่นไฟล์เสียง: /audio/male/prefix.mp3","timestamp":"2025-11-15T21:46:51.060Z"}
{"screenId":"3","vn":"681012160536640","action":"play_start","audioUrl":"http://IPV4:PORT/audio/male/0.mp3","message":"เริ่มเล่นไฟล์เสียง: /audio/male/0.mp3","timestamp":"2025-11-15T21:46:51.171Z"}
{"screenId":"3","vn":"681012160536640","action":"load_success","audioUrl":"http://IPV4:PORT/audio/male/prefix.mp3","message":"โหลดไฟล์เสียงสำเร็จ: /audio/male/prefix.mp3","timestamp":"2025-11-15T21:46:51.128Z"}
{"screenId":"3","vn":"681012160536640","action":"load_success","audioUrl":"http://IPV4:PORT/audio/male/0.mp3","message":"โหลดไฟล์เสียงสำเร็จ: /audio/male/0.mp3","timestamp":"2025-11-15T21:46:51.209Z"}
{"screenId":"3","vn":"681012160536640","action":"play_error","audioUrl":"http://IPV4:PORT/audio/male/prefix.mp3","message":"เกิดข้อผิดพลาดในการเล่นไฟล์เสียง: /audio/male/prefix.mp3","error":"Playback was unable to start. This is most commonly an issue on mobile devices and Chrome where playback was not within a user interaction.","timestamp":"2025-11-15T21:46:51.259Z"}
{"screenId":"3","vn":"681012160536640","action":"load_start","audioUrl":"http://IPV4:PORT/audio/male/A.mp3","message":"กำลังโหลดไฟล์เสียง: /audio/male/A.mp3","timestamp":"2025-11-15T21:46:51.278Z"}
{"screenId":"3","vn":"681012160536640","action":"play_error","audioUrl":"http://IPV4:PORT/audio/male/prefix.mp3","message":"เกิดข้อผิดพลาดในการเล่นไฟล์เสียง: /audio/male/prefix.mp3","error":"Playback was unable to start. This is most commonly an issue on mobile devices and Chrome where playback was not within a user interaction.","timestamp":"2025-11-15T21:46:51.443Z"}
{"screenId":"3","vn":"681012160536640","action":"play_error","audioUrl":"http://IPV4:PORT/audio/male/0.mp3","message":"เกิดข้อผิดพลาดในการเล่นไฟล์เสียง: /audio/male/0.mp3","error":"Playback was unable to start. This is most commonly an issue on mobile devices and Chrome where playback was not within a user interaction.","timestamp":"2025-11-15T21:46:51.844Z"}
{"screenId":"3","vn":"681012160536640","action":"load_start","audioUrl":"http://IPV4:PORT/audio/male/0.mp3","message":"กำลังโหลดไฟล์เสียง: /audio/male/0.mp3","timestamp":"2025-11-15T21:46:51.625Z"}
{"screenId":"3","vn":"681012160536640","action":"play_error","audioUrl":"http://IPV4:PORT/audio/male/0.mp3","message":"เกิดข้อผิดพลาดในการเล่นไฟล์เสียง: /audio/male/0.mp3","error":"Playback was unable to start. This is most commonly an issue on mobile devices and Chrome where playback was not within a user interaction.","timestamp":"2025-11-15T21:46:52.004Z"}
{"screenId":"3","vn":"681012160536640","action":"play_start","audioUrl":"http://IPV4:PORT/audio/male/0.mp3","message":"เริ่มเล่นไฟล์เสียง: /audio/male/0.mp3","timestamp":"2025-11-15T21:46:58.450Z"}
{"screenId":"3","vn":"681012160536640","action":"load_success","audioUrl":"http://IPV4:PORT/audio/male/0.mp3","message":"โหลดไฟล์เสียงสำเร็จ: /audio/male/0.mp3","timestamp":"2025-11-15T21:46:58.460Z"}
{"screenId":"3","vn":"681012160536640","action":"play_error","audioUrl":"http://IPV4:PORT/audio/male/0.mp3","message":"เกิดข้อผิดพลาดในการเล่นไฟล์เสียง: /audio/male/0.mp3","error":"Playback was unable to start. This is most commonly an issue on mobile devices and Chrome where playback was not within a user interaction.","timestamp":"2025-11-15T21:46:58.498Z"}
{"screenId":"3","vn":"681012160536640","action":"load_start","audioUrl":"http://IPV4:PORT/audio/male/0.mp3","message":"กำลังโหลดไฟล์เสียง: /audio/male/0.mp3","timestamp":"2025-11-15T21:46:58.544Z"}
{"screenId":"3","vn":"681012160536640","action":"play_error","audioUrl":"http://IPV4:PORT/audio/male/0.mp3","message":"เกิดข้อผิดพลาดในการเล่นไฟล์เสียง: /audio/male/0.mp3","error":"Playback was unable to start. This is most commonly an issue on mobile devices and Chrome where playback was not within a user interaction.","timestamp":"2025-11-15T21:46:58.606Z"}
{"screenId":"3","vn":"681012160536640","action":"load_start","audioUrl":"http://IPV4:PORT/audio/male/1.mp3","message":"กำลังโหลดไฟล์เสียง: /audio/male/1.mp3","timestamp":"2025-11-15T21:46:58.617Z"}
{"screenId":"3","vn":"681012160536640","action":"play_start","audioUrl":"http://IPV4:PORT/audio/male/A.mp3","message":"เริ่มเล่นไฟล์เสียง: /audio/male/A.mp3","timestamp":"2025-11-15T21:47:01.855Z"}
{"screenId":"3","vn":"681012160536640","action":"load_success","audioUrl":"http://IPV4:PORT/audio/male/A.mp3","message":"โหลดไฟล์เสียงสำเร็จ: /audio/male/A.mp3","timestamp":"2025-11-15T21:47:01.859Z"}
{"screenId":"3","vn":"681012160536640","action":"play_error","audioUrl":"http://IPV4:PORT/audio/male/A.mp3","message":"เกิดข้อผิดพลาดในการเล่นไฟล์เสียง: /audio/male/A.mp3","error":"Playback was unable to start. This is most commonly an issue on mobile devices and Chrome where playback was not within a user interaction.","timestamp":"2025-11-15T21:47:01.882Z"}
{"screenId":"3","vn":"681012160536640","action":"load_start","audioUrl":"http://IPV4:PORT/audio/cache/male/%E0%B8%8A%E0%B9%88%E0%B8%AD%E0%B8%87%E0%B8%A3%E0%B8%B1%E0%B8%9A%E0%B8%A2%E0%B8%B21.mp3","message":"กำลังโหลดไฟล์เสียง: /audio/cache/male/%E0%B8%8A%E0%B9%88%E0%B8%AD%E0%B8%87%E0%B8%A3%E0%B8%B1%E0%B8%9A%E0%B8%A2%E0%B8%B21.mp3","timestamp":"2025-11-15T21:47:01.903Z"}
{"screenId":"3","vn":"681012160536640","action":"play_error","audioUrl":"http://IPV4:PORT/audio/male/A.mp3","message":"เกิดข้อผิดพลาดในการเล่นไฟล์เสียง: /audio/male/A.mp3","error":"Playback was unable to start. This is most commonly an issue on mobile devices and Chrome where playback was not within a user interaction.","timestamp":"2025-11-15T21:47:01.921Z"}
{"screenId":"3","vn":"681012160536640","action":"play_start","audioUrl":"http://IPV4:PORT/audio/male/0.mp3","message":"เริ่มเล่นไฟล์เสียง: /audio/male/0.mp3","timestamp":"2025-11-15T21:47:05.288Z"}
{"screenId":"3","vn":"681012160536640","action":"load_success","audioUrl":"http://IPV4:PORT/audio/male/0.mp3","message":"โหลดไฟล์เสียงสำเร็จ: /audio/male/0.mp3","timestamp":"2025-11-15T21:47:05.426Z"}
{"screenId":"3","vn":"681012160536640","action":"load_success","audioUrl":"http://IPV4:PORT/audio/male/1.mp3","message":"โหลดไฟล์เสียงสำเร็จ: /audio/male/1.mp3","timestamp":"2025-11-15T21:47:05.511Z"}
{"screenId":"3","vn":"681012160536640","action":"play_start","audioUrl":"http://IPV4:PORT/audio/male/1.mp3","message":"เริ่มเล่นไฟล์เสียง: /audio/male/1.mp3","timestamp":"2025-11-15T21:47:05.451Z"}
{"screenId":"3","vn":"681012160536640","action":"play_error","audioUrl":"http://IPV4:PORT/audio/male/0.mp3","message":"เกิดข้อผิดพลาดในการเล่นไฟล์เสียง: /audio/male/0.mp3","error":"Playback was unable to start. This is most commonly an issue on mobile devices and Chrome where playback was not within a user interaction.","timestamp":"2025-11-15T21:47:05.553Z"}
{"screenId":"3","vn":"681012160536640","action":"play_error","audioUrl":"http://IPV4:PORT/audio/male/0.mp3","message":"เกิดข้อผิดพลาดในการเล่นไฟล์เสียง: /audio/male/0.mp3","error":"Playback was unable to start. This is most commonly an issue on mobile devices and Chrome where playback was not within a user interaction.","timestamp":"2025-11-15T21:47:05.661Z"}
{"screenId":"3","vn":"681012160536640","action":"play_error","audioUrl":"http://IPV4:PORT/audio/male/1.mp3","message":"เกิดข้อผิดพลาดในการเล่นไฟล์เสียง: /audio/male/1.mp3","error":"Playback was unable to start. This is most commonly an issue on mobile devices and Chrome where playback was not within a user interaction.","timestamp":"2025-11-15T21:47:05.774Z"}
{"screenId":"3","vn":"681012160536640","action":"play_error","audioUrl":"http://IPV4:PORT/audio/male/1.mp3","message":"เกิดข้อผิดพลาดในการเล่นไฟล์เสียง: /audio/male/1.mp3","error":"Playback was unable to start. This is most commonly an issue on mobile devices and Chrome where playback was not within a user interaction.","timestamp":"2025-11-15T21:47:05.820Z"}
{"screenId":"3","vn":"681012160536640","action":"load_start","audioUrl":"http://IPV4:PORT/audio/male/prefix.mp3","message":"กำลังโหลดไฟล์เสียง: /audio/male/prefix.mp3","timestamp":"2025-11-15T21:47:06.294Z"}
{"screenId":"3","vn":"681012160536640","action":"play_start","audioUrl":"http://IPV4:PORT/audio/cache/male/%E0%B8%8A%E0%B9%88%E0%B8%AD%E0%B8%87%E0%B8%A3%E0%B8%B1%E0%B8%9A%E0%B8%A2%E0%B8%B21.mp3","message":"เริ่มเล่นไฟล์เสียง: /audio/cache/male/%E0%B8%8A%E0%B9%88%E0%B8%AD%E0%B8%87%E0%B8%A3%E0%B8%B1%E0%B8%9A%E0%B8%A2%E0%B8%B21.mp3","timestamp":"2025-11-15T21:47:10.173Z"}
{"screenId":"3","vn":"681012160536640","action":"load_success","audioUrl":"http://IPV4:PORT/audio/cache/male/%E0%B8%8A%E0%B9%88%E0%B8%AD%E0%B8%87%E0%B8%A3%E0%B8%B1%E0%B8%9A%E0%B8%A2%E0%B8%B21.mp3","message":"โหลดไฟล์เสียงสำเร็จ: /audio/cache/male/%E0%B8%8A%E0%B9%88%E0%B8%AD%E0%B8%87%E0%B8%A3%E0%B8%B1%E0%B8%9A%E0%B8%A2%E0%B8%B21.mp3","timestamp":"2025-11-15T21:47:10.221Z"}
{"screenId":"3","vn":"681012160536640","action":"play_error","audioUrl":"http://IPV4:PORT/audio/cache/male/%E0%B8%8A%E0%B9%88%E0%B8%AD%E0%B8%87%E0%B8%A3%E0%B8%B1%E0%B8%9A%E0%B8%A2%E0%B8%B21.mp3","message":"เกิดข้อผิดพลาดในการเล่นไฟล์เสียง: /audio/cache/male/%E0%B8%8A%E0%B9%88%E0%B8%AD%E0%B8%87%E0%B8%A3%E0%B8%B1%E0%B8%9A%E0%B8%A2%E0%B8%B21.mp3","error":"Playback was unable to start. This is most commonly an issue on mobile devices and Chrome where playback was not within a user interaction.","timestamp":"2025-11-15T21:47:10.278Z"}
{"screenId":"3","vn":"681012160536640","action":"play_error","audioUrl":"http://IPV4:PORT/audio/cache/male/%E0%B8%8A%E0%B9%88%E0%B8%AD%E0%B8%87%E0%B8%A3%E0%B8%B1%E0%B8%9A%E0%B8%A2%E0%B8%B21.mp3","message":"เกิดข้อผิดพลาดในการเล่นไฟล์เสียง: /audio/cache/male/%E0%B8%8A%E0%B9%88%E0%B8%AD%E0%B8%87%E0%B8%A3%E0%B8%B1%E0%B8%9A%E0%B8%A2%E0%B8%B21.mp3","error":"Playback was unable to start. This is most commonly an issue on mobile devices and Chrome where playback was not within a user interaction.","timestamp":"2025-11-15T21:47:10.357Z"}
{"screenId":"3","vn":"681012160536640","action":"play_start","audioUrl":"http://IPV4:PORT/audio/male/prefix.mp3","message":"เริ่มเล่นไฟล์เสียง: /audio/male/prefix.mp3","timestamp":"2025-11-15T21:47:12.335Z"}
{"screenId":"3","vn":"681012160536640","action":"load_success","audioUrl":"http://IPV4:PORT/audio/male/prefix.mp3","message":"โหลดไฟล์เสียงสำเร็จ: /audio/male/prefix.mp3","timestamp":"2025-11-15T21:47:12.401Z"}
{"screenId":"3","vn":"681012160536640","action":"play_error","audioUrl":"http://IPV4:PORT/audio/male/prefix.mp3","message":"เกิดข้อผิดพลาดในการเล่นไฟล์เสียง: /audio/male/prefix.mp3","error":"Playback was unable to start. This is most commonly an issue on mobile devices and Chrome where playback was not within a user interaction.","timestamp":"2025-11-15T21:47:12.592Z"}
{"screenId":"3","vn":"681012160536640","action":"play_error","audioUrl":"http://IPV4:PORT/audio/male/prefix.mp3","message":"เกิดข้อผิดพลาดในการเล่นไฟล์เสียง: /audio/male/prefix.mp3","error":"Playback was unable to start. This is most commonly an issue on mobile devices and Chrome where playback was not within a user interaction.","timestamp":"2025-11-15T21:47:12.717Z"}
{"screenId":"3","vn":"681012160536640","action":"load_start","audioUrl":"http://IPV4:PORT/audio/male/A.mp3","message":"กำลังโหลดไฟล์เสียง: /audio/male/A.mp3","timestamp":"2025-11-15T21:47:12.669Z"}
{"screenId":"3","vn":"681012160536640","action":"load_start","audioUrl":"http://IPV4:PORT/audio/male/0.mp3","message":"กำลังโหลดไฟล์เสียง: /audio/male/0.mp3","timestamp":"2025-11-15T21:47:12.756Z"}
{"screenId":"3","vn":"681012160536640","action":"play_start","audioUrl":"http://IPV4:PORT/audio/male/A.mp3","message":"เริ่มเล่นไฟล์เสียง: /audio/male/A.mp3","timestamp":"2025-11-15T21:47:19.057Z"}
{"screenId":"3","vn":"681012160536640","action":"load_success","audioUrl":"http://IPV4:PORT/audio/male/A.mp3","message":"โหลดไฟล์เสียงสำเร็จ: /audio/male/A.mp3","timestamp":"2025-11-15T21:47:19.070Z"}
{"screenId":"3","vn":"681012160536640","action":"play_start","audioUrl":"http://IPV4:PORT/audio/male/0.mp3","message":"เริ่มเล่นไฟล์เสียง: /audio/male/0.mp3","timestamp":"2025-11-15T21:47:19.108Z"}
{"screenId":"3","vn":"681012160536640","action":"load_success","audioUrl":"http://IPV4:PORT/audio/male/0.mp3","message":"โหลดไฟล์เสียงสำเร็จ: /audio/male/0.mp3","timestamp":"2025-11-15T21:47:19.125Z"}
{"screenId":"3","vn":"681012160536640","action":"play_error","audioUrl":"http://IPV4:PORT/audio/male/A.mp3","message":"เกิดข้อผิดพลาดในการเล่นไฟล์เสียง: /audio/male/A.mp3","error":"Playback was unable to start. This is most commonly an issue on mobile devices and Chrome where playback was not within a user interaction.","timestamp":"2025-11-15T21:47:19.146Z"}
{"screenId":"3","vn":"681012160536640","action":"load_start","audioUrl":"http://IPV4:PORT/audio/male/0.mp3","message":"กำลังโหลดไฟล์เสียง: /audio/male/0.mp3","timestamp":"2025-11-15T21:47:19.157Z"}
{"screenId":"3","vn":"681012160536640","action":"play_error","audioUrl":"http://IPV4:PORT/audio/male/A.mp3","message":"เกิดข้อผิดพลาดในการเล่นไฟล์เสียง: /audio/male/A.mp3","error":"Playback was unable to start. This is most commonly an issue on mobile devices and Chrome where playback was not within a user interaction.","timestamp":"2025-11-15T21:47:19.181Z"}
{"screenId":"3","vn":"681012160536640","action":"load_start","audioUrl":"http://IPV4:PORT/audio/male/1.mp3","message":"กำลังโหลดไฟล์เสียง: /audio/male/1.mp3","timestamp":"2025-11-15T21:47:19.189Z"}
{"screenId":"3","vn":"681012160536640","action":"load_start","audioUrl":"http://IPV4:PORT/audio/cache/male/%E0%B8%8A%E0%B9%88%E0%B8%AD%E0%B8%87%E0%B8%A3%E0%B8%B1%E0%B8%9A%E0%B8%A2%E0%B8%B21.mp3","message":"กำลังโหลดไฟล์เสียง: /audio/cache/male/%E0%B8%8A%E0%B9%88%E0%B8%AD%E0%B8%87%E0%B8%A3%E0%B8%B1%E0%B8%9A%E0%B8%A2%E0%B8%B21.mp3","timestamp":"2025-11-15T21:47:19.241Z"}
{"screenId":"3","vn":"681012160536640","action":"play_error","audioUrl":"http://IPV4:PORT/audio/male/0.mp3","message":"เกิดข้อผิดพลาดในการเล่นไฟล์เสียง: /audio/male/0.mp3","error":"Playback was unable to start. This is most commonly an issue on mobile devices and Chrome where playback was not within a user interaction.","timestamp":"2025-11-15T21:47:19.196Z"}
{"screenId":"3","vn":"681012160536640","action":"play_error","audioUrl":"http://IPV4:PORT/audio/male/0.mp3","message":"เกิดข้อผิดพลาดในการเล่นไฟล์เสียง: /audio/male/0.mp3","error":"Playback was unable to start. This is most commonly an issue on mobile devices and Chrome where playback was not within a user interaction.","timestamp":"2025-11-15T21:47:19.260Z"}
{"screenId":"3","vn":"681012160536640","action":"load_start","audioUrl":"http://IPV4:PORT/audio/male/prefix.mp3","message":"กำลังโหลดไฟล์เสียง: /audio/male/prefix.mp3","timestamp":"2025-11-15T21:47:24.121Z"}
{"screenId":"3","vn":"681012160536640","action":"load_success","audioUrl":"http://IPV4:PORT/audio/male/0.mp3","message":"โหลดไฟล์เสียงสำเร็จ: /audio/male/0.mp3","timestamp":"2025-11-15T21:47:27.809Z"}
{"screenId":"3","vn":"681012160536640","action":"play_start","audioUrl":"http://IPV4:PORT/audio/male/0.mp3","message":"เริ่มเล่นไฟล์เสียง: /audio/male/0.mp3","timestamp":"2025-11-15T21:47:27.800Z"}
{"screenId":"3","vn":"681012160536640","action":"play_error","audioUrl":"http://IPV4:PORT/audio/male/0.mp3","message":"เกิดข้อผิดพลาดในการเล่นไฟล์เสียง: /audio/male/0.mp3","error":"Playback was unable to start. This is most commonly an issue on mobile devices and Chrome where playback was not within a user interaction.","timestamp":"2025-11-15T21:47:28.024Z"}
{"screenId":"3","vn":"681012160536640","action":"play_error","audioUrl":"http://IPV4:PORT/audio/male/0.mp3","message":"เกิดข้อผิดพลาดในการเล่นไฟล์เสียง: /audio/male/0.mp3","error":"Playback was unable to start. This is most commonly an issue on mobile devices and Chrome where playback was not within a user interaction.","timestamp":"2025-11-15T21:47:28.127Z"}
{"screenId":"3","vn":"681012160536640","action":"play_start","audioUrl":"http://IPV4:PORT/audio/male/1.mp3","message":"เริ่มเล่นไฟล์เสียง: /audio/male/1.mp3","timestamp":"2025-11-15T21:47:29.948Z"}
{"screenId":"3","vn":"681012160536640","action":"load_success","audioUrl":"http://IPV4:PORT/audio/male/1.mp3","message":"โหลดไฟล์เสียงสำเร็จ: /audio/male/1.mp3","timestamp":"2025-11-15T21:47:29.958Z"}
{"screenId":"3","vn":"681012160536640","action":"play_start","audioUrl":"http://IPV4:PORT/audio/cache/male/%E0%B8%8A%E0%B9%88%E0%B8%AD%E0%B8%87%E0%B8%A3%E0%B8%B1%E0%B8%9A%E0%B8%A2%E0%B8%B21.mp3","message":"เริ่มเล่นไฟล์เสียง: /audio/cache/male/%E0%B8%8A%E0%B9%88%E0%B8%AD%E0%B8%87%E0%B8%A3%E0%B8%B1%E0%B8%9A%E0%B8%A2%E0%B8%B21.mp3","timestamp":"2025-11-15T21:47:30.108Z"}
{"screenId":"3","vn":"681012160536640","action":"load_success","audioUrl":"http://IPV4:PORT/audio/cache/male/%E0%B8%8A%E0%B9%88%E0%B8%AD%E0%B8%87%E0%B8%A3%E0%B8%B1%E0%B8%9A%E0%B8%A2%E0%B8%B21.mp3","message":"โหลดไฟล์เสียงสำเร็จ: /audio/cache/male/%E0%B8%8A%E0%B9%88%E0%B8%AD%E0%B8%87%E0%B8%A3%E0%B8%B1%E0%B8%9A%E0%B8%A2%E0%B8%B21.mp3","timestamp":"2025-11-15T21:47:30.171Z"}
{"screenId":"3","vn":"681012160536640","action":"play_error","audioUrl":"http://IPV4:PORT/audio/male/1.mp3","message":"เกิดข้อผิดพลาดในการเล่นไฟล์เสียง: /audio/male/1.mp3","error":"Playback was unable to start. This is most commonly an issue on mobile devices and Chrome where playback was not within a user interaction.","timestamp":"2025-11-15T21:47:30.226Z"}
{"screenId":"3","vn":"681012160536640","action":"play_error","audioUrl":"http://IPV4:PORT/audio/male/1.mp3","message":"เกิดข้อผิดพลาดในการเล่นไฟล์เสียง: /audio/male/1.mp3","error":"Playback was unable to start. This is most commonly an issue on mobile devices and Chrome where playback was not within a user interaction.","timestamp":"2025-11-15T21:47:30.292Z"}
{"screenId":"3","vn":"681012160536640","action":"play_error","audioUrl":"http://IPV4:PORT/audio/cache/male/%E0%B8%8A%E0%B9%88%E0%B8%AD%E0%B8%87%E0%B8%A3%E0%B8%B1%E0%B8%9A%E0%B8%A2%E0%B8%B21.mp3","message":"เกิดข้อผิดพลาดในการเล่นไฟล์เสียง: /audio/cache/male/%E0%B8%8A%E0%B9%88%E0%B8%AD%E0%B8%87%E0%B8%A3%E0%B8%B1%E0%B8%9A%E0%B8%A2%E0%B8%B21.mp3","error":"Playback was unable to start. This is most commonly an issue on mobile devices and Chrome where playback was not within a user interaction.","timestamp":"2025-11-15T21:47:30.454Z"}
{"screenId":"3","vn":"681012160536640","action":"play_error","audioUrl":"http://IPV4:PORT/audio/cache/male/%E0%B8%8A%E0%B9%88%E0%B8%AD%E0%B8%87%E0%B8%A3%E0%B8%B1%E0%B8%9A%E0%B8%A2%E0%B8%B21.mp3","message":"เกิดข้อผิดพลาดในการเล่นไฟล์เสียง: /audio/cache/male/%E0%B8%8A%E0%B9%88%E0%B8%AD%E0%B8%87%E0%B8%A3%E0%B8%B1%E0%B8%9A%E0%B8%A2%E0%B8%B21.mp3","error":"Playback was unable to start. This is most commonly an issue on mobile devices and Chrome where playback was not within a user interaction.","timestamp":"2025-11-15T21:47:30.474Z"}
{"screenId":"3","vn":"681012160536640","action":"play_start","audioUrl":"http://IPV4:PORT/audio/male/prefix.mp3","message":"เริ่มเล่นไฟล์เสียง: /audio/male/prefix.mp3","timestamp":"2025-11-15T21:47:34.368Z"}
{"screenId":"3","vn":"681012160536640","action":"load_start","audioUrl":"http://IPV4:PORT/audio/male/A.mp3","message":"กำลังโหลดไฟล์เสียง: /audio/male/A.mp3","timestamp":"2025-11-15T21:47:34.386Z"}
{"screenId":"3","vn":"681012160536640","action":"play_error","audioUrl":"http://IPV4:PORT/audio/male/prefix.mp3","message":"เกิดข้อผิดพลาดในการเล่นไฟล์เสียง: /audio/male/prefix.mp3","error":"Playback was unable to start. This is most commonly an issue on mobile devices and Chrome where playback was not within a user interaction.","timestamp":"2025-11-15T21:47:34.383Z"}
{"screenId":"3","vn":"681012160536640","action":"load_success","audioUrl":"http://IPV4:PORT/audio/male/prefix.mp3","message":"โหลดไฟล์เสียงสำเร็จ: /audio/male/prefix.mp3","timestamp":"2025-11-15T21:47:34.376Z"}
{"screenId":"3","vn":"681012160536640","action":"load_start","audioUrl":"http://IPV4:PORT/audio/male/0.mp3","message":"กำลังโหลดไฟล์เสียง: /audio/male/0.mp3","timestamp":"2025-11-15T21:47:34.399Z"}
{"screenId":"3","vn":"681012160536640","action":"play_error","audioUrl":"http://IPV4:PORT/audio/male/prefix.mp3","message":"เกิดข้อผิดพลาดในการเล่นไฟล์เสียง: /audio/male/prefix.mp3","error":"Playback was unable to start. This is most commonly an issue on mobile devices and Chrome where playback was not within a user interaction.","timestamp":"2025-11-15T21:47:34.395Z"}
{"screenId":"3","vn":"681012160536640","action":"play_start","audioUrl":"http://IPV4:PORT/audio/male/0.mp3","message":"เริ่มเล่นไฟล์เสียง: /audio/male/0.mp3","timestamp":"2025-11-15T21:47:40.649Z"}
{"screenId":"3","vn":"681012160536640","action":"load_success","audioUrl":"http://IPV4:PORT/audio/male/0.mp3","message":"โหลดไฟล์เสียงสำเร็จ: /audio/male/0.mp3","timestamp":"2025-11-15T21:47:40.656Z"}
{"screenId":"3","vn":"681012160536640","action":"play_start","audioUrl":"http://IPV4:PORT/audio/male/A.mp3","message":"เริ่มเล่นไฟล์เสียง: /audio/male/A.mp3","timestamp":"2025-11-15T21:47:40.755Z"}
{"screenId":"3","vn":"681012160536640","action":"load_success","audioUrl":"http://IPV4:PORT/audio/male/A.mp3","message":"โหลดไฟล์เสียงสำเร็จ: /audio/male/A.mp3","timestamp":"2025-11-15T21:47:40.802Z"}
{"screenId":"3","vn":"681012160536640","action":"play_error","audioUrl":"http://IPV4:PORT/audio/male/0.mp3","message":"เกิดข้อผิดพลาดในการเล่นไฟล์เสียง: /audio/male/0.mp3","error":"Playback was unable to start. This is most commonly an issue on mobile devices and Chrome where playback was not within a user interaction.","timestamp":"2025-11-15T21:47:40.840Z"}
{"screenId":"3","vn":"681012160536640","action":"load_start","audioUrl":"http://IPV4:PORT/audio/male/0.mp3","message":"กำลังโหลดไฟล์เสียง: /audio/male/0.mp3","timestamp":"2025-11-15T21:47:41.275Z"}
{"screenId":"3","vn":"681012160536640","action":"play_error","audioUrl":"http://IPV4:PORT/audio/male/0.mp3","message":"เกิดข้อผิดพลาดในการเล่นไฟล์เสียง: /audio/male/0.mp3","error":"Playback was unable to start. This is most commonly an issue on mobile devices and Chrome where playback was not within a user interaction.","timestamp":"2025-11-15T21:47:41.593Z"}
{"screenId":"3","vn":"681012160536640","action":"load_start","audioUrl":"http://IPV4:PORT/audio/male/1.mp3","message":"กำลังโหลดไฟล์เสียง: /audio/male/1.mp3","timestamp":"2025-11-15T21:47:43.286Z"}
{"screenId":"3","vn":"681012160536640","action":"play_error","audioUrl":"http://IPV4:PORT/audio/male/A.mp3","message":"เกิดข้อผิดพลาดในการเล่นไฟล์เสียง: /audio/male/A.mp3","error":"Playback was unable to start. This is most commonly an issue on mobile devices and Chrome where playback was not within a user interaction.","timestamp":"2025-11-15T21:47:44.808Z"}
{"screenId":"3","vn":"681012160536640","action":"load_start","audioUrl":"http://IPV4:PORT/audio/cache/male/%E0%B8%8A%E0%B9%88%E0%B8%AD%E0%B8%87%E0%B8%A3%E0%B8%B1%E0%B8%9A%E0%B8%A2%E0%B8%B21.mp3","message":"กำลังโหลดไฟล์เสียง: /audio/cache/male/%E0%B8%8A%E0%B9%88%E0%B8%AD%E0%B8%87%E0%B8%A3%E0%B8%B1%E0%B8%9A%E0%B8%A2%E0%B8%B21.mp3","timestamp":"2025-11-15T21:47:45.044Z"}
{"screenId":"3","vn":"681012160536640","action":"play_error","audioUrl":"http://IPV4:PORT/audio/male/A.mp3","message":"เกิดข้อผิดพลาดในการเล่นไฟล์เสียง: /audio/male/A.mp3","error":"Playback was unable to start. This is most commonly an issue on mobile devices and Chrome where playback was not within a user interaction.","timestamp":"2025-11-15T21:47:45.727Z"}
{"screenId":"3","vn":"681012160536640","action":"load_start","audioUrl":"http://IPV4:PORT/audio/male/prefix.mp3","message":"กำลังโหลดไฟล์เสียง: /audio/male/prefix.mp3","timestamp":"2025-11-15T21:47:48.982Z"}
{"screenId":"3","vn":"681012160536640","action":"play_start","audioUrl":"http://IPV4:PORT/audio/male/0.mp3","message":"เริ่มเล่นไฟล์เสียง: /audio/male/0.mp3","timestamp":"2025-11-15T21:47:52.174Z"}
{"screenId":"3","vn":"681012160536640","action":"load_success","audioUrl":"http://IPV4:PORT/audio/male/0.mp3","message":"โหลดไฟล์เสียงสำเร็จ: /audio/male/0.mp3","timestamp":"2025-11-15T21:47:52.183Z"}
{"screenId":"3","vn":"681012160536640","action":"load_success","audioUrl":"http://IPV4:PORT/audio/male/1.mp3","message":"โหลดไฟล์เสียงสำเร็จ: /audio/male/1.mp3","timestamp":"2025-11-15T21:47:52.212Z"}
{"screenId":"3","vn":"681012160536640","action":"play_start","audioUrl":"http://IPV4:PORT/audio/male/1.mp3","message":"เริ่มเล่นไฟล์เสียง: /audio/male/1.mp3","timestamp":"2025-11-15T21:47:52.192Z"}
{"screenId":"3","vn":"681012160536640","action":"play_error","audioUrl":"http://IPV4:PORT/audio/male/0.mp3","message":"เกิดข้อผิดพลาดในการเล่นไฟล์เสียง: /audio/male/0.mp3","error":"Playback was unable to start. This is most commonly an issue on mobile devices and Chrome where playback was not within a user interaction.","timestamp":"2025-11-15T21:47:52.242Z"}
{"screenId":"3","vn":"681012160536640","action":"play_error","audioUrl":"http://IPV4:PORT/audio/male/0.mp3","message":"เกิดข้อผิดพลาดในการเล่นไฟล์เสียง: /audio/male/0.mp3","error":"Playback was unable to start. This is most commonly an issue on mobile devices and Chrome where playback was not within a user interaction.","timestamp":"2025-11-15T21:47:52.223Z"}
{"screenId":"3","vn":"681012160536640","action":"play_error","audioUrl":"http://IPV4:PORT/audio/male/1.mp3","message":"เกิดข้อผิดพลาดในการเล่นไฟล์เสียง: /audio/male/1.mp3","error":"Playback was unable to start. This is most commonly an issue on mobile devices and Chrome where playback was not within a user interaction.","timestamp":"2025-11-15T21:47:52.266Z"}
{"screenId":"3","vn":"681012160536640","action":"play_error","audioUrl":"http://IPV4:PORT/audio/male/1.mp3","message":"เกิดข้อผิดพลาดในการเล่นไฟล์เสียง: /audio/male/1.mp3","error":"Playback was unable to start. This is most commonly an issue on mobile devices and Chrome where playback was not within a user interaction.","timestamp":"2025-11-15T21:47:52.288Z"}
{"screenId":"3","vn":"681012160536640","action":"play_start","audioUrl":"http://IPV4:PORT/audio/cache/male/%E0%B8%8A%E0%B9%88%E0%B8%AD%E0%B8%87%E0%B8%A3%E0%B8%B1%E0%B8%9A%E0%B8%A2%E0%B8%B21.mp3","message":"เริ่มเล่นไฟล์เสียง: /audio/cache/male/%E0%B8%8A%E0%B9%88%E0%B8%AD%E0%B8%87%E0%B8%A3%E0%B8%B1%E0%B8%9A%E0%B8%A2%E0%B8%B21.mp3","timestamp":"2025-11-15T21:47:57.721Z"}
{"screenId":"3","vn":"681012160536640","action":"play_error","audioUrl":"http://IPV4:PORT/audio/cache/male/%E0%B8%8A%E0%B9%88%E0%B8%AD%E0%B8%87%E0%B8%A3%E0%B8%B1%E0%B8%9A%E0%B8%A2%E0%B8%B21.mp3","message":"เกิดข้อผิดพลาดในการเล่นไฟล์เสียง: /audio/cache/male/%E0%B8%8A%E0%B9%88%E0%B8%AD%E0%B8%87%E0%B8%A3%E0%B8%B1%E0%B8%9A%E0%B8%A2%E0%B8%B21.mp3","error":"Playback was unable to start. This is most commonly an issue on mobile devices and Chrome where playback was not within a user interaction.","timestamp":"2025-11-15T21:47:57.738Z"}
{"screenId":"3","vn":"681012160536640","action":"play_error","audioUrl":"http://IPV4:PORT/audio/cache/male/%E0%B8%8A%E0%B9%88%E0%B8%AD%E0%B8%87%E0%B8%A3%E0%B8%B1%E0%B8%9A%E0%B8%A2%E0%B8%B21.mp3","message":"เกิดข้อผิดพลาดในการเล่นไฟล์เสียง: /audio/cache/male/%E0%B8%8A%E0%B9%88%E0%B8%AD%E0%B8%87%E0%B8%A3%E0%B8%B1%E0%B8%9A%E0%B8%A2%E0%B8%B21.mp3","error":"Playback was unable to start. This is most commonly an issue on mobile devices and Chrome where playback was not within a user interaction.","timestamp":"2025-11-15T21:47:57.764Z"}
{"screenId":"3","vn":"681012160536640","action":"load_success","audioUrl":"http://IPV4:PORT/audio/cache/male/%E0%B8%8A%E0%B9%88%E0%B8%AD%E0%B8%87%E0%B8%A3%E0%B8%B1%E0%B8%9A%E0%B8%A2%E0%B8%B21.mp3","message":"โหลดไฟล์เสียงสำเร็จ: /audio/cache/male/%E0%B8%8A%E0%B9%88%E0%B8%AD%E0%B8%87%E0%B8%A3%E0%B8%B1%E0%B8%9A%E0%B8%A2%E0%B8%B21.mp3","timestamp":"2025-11-15T21:47:57.724Z"}
{"screenId":"3","vn":"681012160536640","action":"play_start","audioUrl":"http://IPV4:PORT/audio/male/prefix.mp3","message":"เริ่มเล่นไฟล์เสียง: /audio/male/prefix.mp3","timestamp":"2025-11-15T21:48:12.904Z"}
{"screenId":"3","vn":"681012160536640","action":"load_success","audioUrl":"http://IPV4:PORT/audio/male/prefix.mp3","message":"โหลดไฟล์เสียงสำเร็จ: /audio/male/prefix.mp3","timestamp":"2025-11-15T21:48:12.910Z"}
{"screenId":"3","vn":"681012160536640","action":"play_error","audioUrl":"http://IPV4:PORT/audio/male/prefix.mp3","message":"เกิดข้อผิดพลาดในการเล่นไฟล์เสียง: /audio/male/prefix.mp3","error":"Playback was unable to start. This is most commonly an issue on mobile devices and Chrome where playback was not within a user interaction.","timestamp":"2025-11-15T21:48:17.919Z"}
{"screenId":"3","vn":"681012160536640","action":"load_start","audioUrl":"http://IPV4:PORT/audio/male/A.mp3","message":"กำลังโหลดไฟล์เสียง: /audio/male/A.mp3","timestamp":"2025-11-15T21:48:20.690Z"}
{"screenId":"3","vn":"681012160536640","action":"play_error","audioUrl":"http://IPV4:PORT/audio/male/prefix.mp3","message":"เกิดข้อผิดพลาดในการเล่นไฟล์เสียง: /audio/male/prefix.mp3","error":"Playback was unable to start. This is most commonly an issue on mobile devices and Chrome where playback was not within a user interaction.","timestamp":"2025-11-15T21:48:21.952Z"}
{"screenId":"3","vn":"681012160536640","action":"load_start","audioUrl":"http://IPV4:PORT/audio/male/0.mp3","message":"กำลังโหลดไฟล์เสียง: /audio/male/0.mp3","timestamp":"2025-11-15T21:48:22.125Z"}
{"screenId":"3","vn":"681012160536640","action":"play_start","audioUrl":"http://IPV4:PORT/audio/male/A.mp3","message":"เริ่มเล่นไฟล์เสียง: /audio/male/A.mp3","timestamp":"2025-11-15T21:48:24.869Z"}
{"screenId":"3","vn":"681012160536640","action":"load_success","audioUrl":"http://IPV4:PORT/audio/male/A.mp3","message":"โหลดไฟล์เสียงสำเร็จ: /audio/male/A.mp3","timestamp":"2025-11-15T21:48:24.876Z"}
{"screenId":"3","vn":"681012160536640","action":"load_start","audioUrl":"http://IPV4:PORT/audio/male/0.mp3","message":"กำลังโหลดไฟล์เสียง: /audio/male/0.mp3","timestamp":"2025-11-15T21:48:24.916Z"}
{"screenId":"3","vn":"681012160536640","action":"play_error","audioUrl":"http://IPV4:PORT/audio/male/A.mp3","message":"เกิดข้อผิดพลาดในการเล่นไฟล์เสียง: /audio/male/A.mp3","error":"Playback was unable to start. This is most commonly an issue on mobile devices and Chrome where playback was not within a user interaction.","timestamp":"2025-11-15T21:48:24.892Z"}
{"screenId":"3","vn":"681012160536640","action":"play_error","audioUrl":"http://IPV4:PORT/audio/male/A.mp3","message":"เกิดข้อผิดพลาดในการเล่นไฟล์เสียง: /audio/male/A.mp3","error":"Playback was unable to start. This is most commonly an issue on mobile devices and Chrome where playback was not within a user interaction.","timestamp":"2025-11-15T21:48:24.975Z"}
{"screenId":"3","vn":"681012160536640","action":"load_start","audioUrl":"http://IPV4:PORT/audio/male/1.mp3","message":"กำลังโหลดไฟล์เสียง: /audio/male/1.mp3","timestamp":"2025-11-15T21:48:25.019Z"}
{"screenId":"3","vn":"681012160536640","action":"play_start","audioUrl":"http://IPV4:PORT/audio/male/0.mp3","message":"เริ่มเล่นไฟล์เสียง: /audio/male/0.mp3","timestamp":"2025-11-15T21:48:27.984Z"}
{"screenId":"3","vn":"681012160536640","action":"play_error","audioUrl":"http://IPV4:PORT/audio/male/0.mp3","message":"เกิดข้อผิดพลาดในการเล่นไฟล์เสียง: /audio/male/0.mp3","error":"Playback was unable to start. This is most commonly an issue on mobile devices and Chrome where playback was not within a user interaction.","timestamp":"2025-11-15T21:48:28.008Z"}
{"screenId":"3","vn":"681012160536640","action":"play_error","audioUrl":"http://IPV4:PORT/audio/male/0.mp3","message":"เกิดข้อผิดพลาดในการเล่นไฟล์เสียง: /audio/male/0.mp3","error":"Playback was unable to start. This is most commonly an issue on mobile devices and Chrome where playback was not within a user interaction.","timestamp":"2025-11-15T21:48:27.990Z"}
{"screenId":"3","vn":"681012160536640","action":"load_success","audioUrl":"http://IPV4:PORT/audio/male/0.mp3","message":"โหลดไฟล์เสียงสำเร็จ: /audio/male/0.mp3","timestamp":"2025-11-15T21:48:27.987Z"}
{"screenId":"3","vn":"681012160536640","action":"load_start","audioUrl":"http://IPV4:PORT/audio/cache/male/%E0%B8%8A%E0%B9%88%E0%B8%AD%E0%B8%87%E0%B8%A3%E0%B8%B1%E0%B8%9A%E0%B8%A2%E0%B8%B21.mp3","message":"กำลังโหลดไฟล์เสียง: /audio/cache/male/%E0%B8%8A%E0%B9%88%E0%B8%AD%E0%B8%87%E0%B8%A3%E0%B8%B1%E0%B8%9A%E0%B8%A2%E0%B8%B21.mp3","timestamp":"2025-11-15T21:48:28.004Z"}
{"screenId":"3","vn":"681012160536640","action":"load_start","audioUrl":"http://IPV4:PORT/audio/male/prefix.mp3","message":"กำลังโหลดไฟล์เสียง: /audio/male/prefix.mp3","timestamp":"2025-11-15T21:48:31.756Z"}
{"screenId":"3","vn":"681012160536640","action":"play_start","audioUrl":"http://IPV4:PORT/audio/male/0.mp3","message":"เริ่มเล่นไฟล์เสียง: /audio/male/0.mp3","timestamp":"2025-11-15T21:48:35.289Z"}
{"screenId":"3","vn":"681012160536640","action":"play_start","audioUrl":"http://IPV4:PORT/audio/male/1.mp3","message":"เริ่มเล่นไฟล์เสียง: /audio/male/1.mp3","timestamp":"2025-11-15T21:48:35.350Z"}
{"screenId":"3","vn":"681012160536640","action":"load_success","audioUrl":"http://IPV4:PORT/audio/male/1.mp3","message":"โหลดไฟล์เสียงสำเร็จ: /audio/male/1.mp3","timestamp":"2025-11-15T21:48:35.557Z"}
{"screenId":"3","vn":"681012160536640","action":"load_success","audioUrl":"http://IPV4:PORT/audio/male/0.mp3","message":"โหลดไฟล์เสียงสำเร็จ: /audio/male/0.mp3","timestamp":"2025-11-15T21:48:35.319Z"}
{"screenId":"3","vn":"681012160536640","action":"play_error","audioUrl":"http://IPV4:PORT/audio/male/0.mp3","message":"เกิดข้อผิดพลาดในการเล่นไฟล์เสียง: /audio/male/0.mp3","error":"Playback was unable to start. This is most commonly an issue on mobile devices and Chrome where playback was not within a user interaction.","timestamp":"2025-11-15T21:48:37.957Z"}
{"screenId":"3","vn":"681012160536640","action":"play_error","audioUrl":"http://IPV4:PORT/audio/male/1.mp3","message":"เกิดข้อผิดพลาดในการเล่นไฟล์เสียง: /audio/male/1.mp3","error":"Playback was unable to start. This is most commonly an issue on mobile devices and Chrome where playback was not within a user interaction.","timestamp":"2025-11-15T21:48:38.009Z"}
{"screenId":"3","vn":"681012160536640","action":"play_error","audioUrl":"http://IPV4:PORT/audio/male/0.mp3","message":"เกิดข้อผิดพลาดในการเล่นไฟล์เสียง: /audio/male/0.mp3","error":"Playback was unable to start. This is most commonly an issue on mobile devices and Chrome where playback was not within a user interaction.","timestamp":"2025-11-15T21:48:37.903Z"}
{"screenId":"3","vn":"681012160536640","action":"play_error","audioUrl":"http://IPV4:PORT/audio/male/1.mp3","message":"เกิดข้อผิดพลาดในการเล่นไฟล์เสียง: /audio/male/1.mp3","error":"Playback was unable to start. This is most commonly an issue on mobile devices and Chrome where playback was not within a user interaction.","timestamp":"2025-11-15T21:48:40.071Z"}
{"screenId":"3","vn":"681012160536640","action":"play_start","audioUrl":"http://IPV4:PORT/audio/cache/male/%E0%B8%8A%E0%B9%88%E0%B8%AD%E0%B8%87%E0%B8%A3%E0%B8%B1%E0%B8%9A%E0%B8%A2%E0%B8%B21.mp3","message":"เริ่มเล่นไฟล์เสียง: /audio/cache/male/%E0%B8%8A%E0%B9%88%E0%B8%AD%E0%B8%87%E0%B8%A3%E0%B8%B1%E0%B8%9A%E0%B8%A2%E0%B8%B21.mp3","timestamp":"2025-11-15T21:48:43.826Z"}
{"screenId":"3","vn":"681012160536640","action":"load_success","audioUrl":"http://IPV4:PORT/audio/cache/male/%E0%B8%8A%E0%B9%88%E0%B8%AD%E0%B8%87%E0%B8%A3%E0%B8%B1%E0%B8%9A%E0%B8%A2%E0%B8%B21.mp3","message":"โหลดไฟล์เสียงสำเร็จ: /audio/cache/male/%E0%B8%8A%E0%B9%88%E0%B8%AD%E0%B8%87%E0%B8%A3%E0%B8%B1%E0%B8%9A%E0%B8%A2%E0%B8%B21.mp3","timestamp":"2025-11-15T21:48:43.871Z"}
{"screenId":"3","vn":"681012160536640","action":"play_start","audioUrl":"http://IPV4:PORT/audio/male/prefix.mp3","message":"เริ่มเล่นไฟล์เสียง: /audio/male/prefix.mp3","timestamp":"2025-11-15T21:48:43.887Z"}
{"screenId":"3","vn":"681012160536640","action":"load_success","audioUrl":"http://IPV4:PORT/audio/male/prefix.mp3","message":"โหลดไฟล์เสียงสำเร็จ: /audio/male/prefix.mp3","timestamp":"2025-11-15T21:48:43.953Z"}
{"screenId":"3","vn":"681012160536640","action":"play_error","audioUrl":"http://IPV4:PORT/audio/cache/male/%E0%B8%8A%E0%B9%88%E0%B8%AD%E0%B8%87%E0%B8%A3%E0%B8%B1%E0%B8%9A%E0%B8%A2%E0%B8%B21.mp3","message":"เกิดข้อผิดพลาดในการเล่นไฟล์เสียง: /audio/cache/male/%E0%B8%8A%E0%B9%88%E0%B8%AD%E0%B8%87%E0%B8%A3%E0%B8%B1%E0%B8%9A%E0%B8%A2%E0%B8%B21.mp3","error":"Playback was unable to start. This is most commonly an issue on mobile devices and Chrome where playback was not within a user interaction.","timestamp":"2025-11-15T21:48:44.084Z"}
{"screenId":"3","vn":"681012160536640","action":"play_error","audioUrl":"http://IPV4:PORT/audio/cache/male/%E0%B8%8A%E0%B9%88%E0%B8%AD%E0%B8%87%E0%B8%A3%E0%B8%B1%E0%B8%9A%E0%B8%A2%E0%B8%B21.mp3","message":"เกิดข้อผิดพลาดในการเล่นไฟล์เสียง: /audio/cache/male/%E0%B8%8A%E0%B9%88%E0%B8%AD%E0%B8%87%E0%B8%A3%E0%B8%B1%E0%B8%9A%E0%B8%A2%E0%B8%B21.mp3","error":"Playback was unable to start. This is most commonly an issue on mobile devices and Chrome where playback was not within a user interaction.","timestamp":"2025-11-15T21:48:43.973Z"}
{"screenId":"3","vn":"681012160536640","action":"play_error","audioUrl":"http://IPV4:PORT/audio/male/prefix.mp3","message":"เกิดข้อผิดพลาดในการเล่นไฟล์เสียง: /audio/male/prefix.mp3","error":"Playback was unable to start. This is most commonly an issue on mobile devices and Chrome where playback was not within a user interaction.","timestamp":"2025-11-15T21:48:44.289Z"}
{"screenId":"3","vn":"681012160536640","action":"load_start","audioUrl":"http://IPV4:PORT/audio/male/A.mp3","message":"กำลังโหลดไฟล์เสียง: /audio/male/A.mp3","timestamp":"2025-11-15T21:48:44.423Z"}
{"screenId":"3","vn":"681012160536640","action":"play_error","audioUrl":"http://IPV4:PORT/audio/male/prefix.mp3","message":"เกิดข้อผิดพลาดในการเล่นไฟล์เสียง: /audio/male/prefix.mp3","error":"Playback was unable to start. This is most commonly an issue on mobile devices and Chrome where playback was not within a user interaction.","timestamp":"2025-11-15T21:48:54.478Z"}
{"screenId":"3","vn":"681012160536640","action":"load_start","audioUrl":"http://IPV4:PORT/audio/male/0.mp3","message":"กำลังโหลดไฟล์เสียง: /audio/male/0.mp3","timestamp":"2025-11-15T21:49:02.794Z"}
{"screenId":"3","vn":"681012160536640","action":"play_start","audioUrl":"http://IPV4:PORT/audio/male/A.mp3","message":"เริ่มเล่นไฟล์เสียง: /audio/male/A.mp3","timestamp":"2025-11-15T21:49:12.988Z"}
{"screenId":"3","vn":"681012160536640","action":"play_start","audioUrl":"http://IPV4:PORT/audio/male/0.mp3","message":"เริ่มเล่นไฟล์เสียง: /audio/male/0.mp3","timestamp":"2025-11-15T21:49:13.018Z"}
{"screenId":"3","vn":"681012160536640","action":"load_success","audioUrl":"http://IPV4:PORT/audio/male/0.mp3","message":"โหลดไฟล์เสียงสำเร็จ: /audio/male/0.mp3","timestamp":"2025-11-15T21:49:13.048Z"}
{"screenId":"3","vn":"681012160536640","action":"load_success","audioUrl":"http://IPV4:PORT/audio/male/A.mp3","message":"โหลดไฟล์เสียงสำเร็จ: /audio/male/A.mp3","timestamp":"2025-11-15T21:49:13.009Z"}
{"screenId":"3","vn":"681012160536640","action":"play_error","audioUrl":"http://IPV4:PORT/audio/male/A.mp3","message":"เกิดข้อผิดพลาดในการเล่นไฟล์เสียง: /audio/male/A.mp3","error":"Playback was unable to start. This is most commonly an issue on mobile devices and Chrome where playback was not within a user interaction.","timestamp":"2025-11-15T21:49:13.064Z"}
{"screenId":"3","vn":"681012160536640","action":"load_start","audioUrl":"http://IPV4:PORT/audio/male/0.mp3","message":"กำลังโหลดไฟล์เสียง: /audio/male/0.mp3","timestamp":"2025-11-15T21:49:13.737Z"}
{"screenId":"3","vn":"681012160536640","action":"play_error","audioUrl":"http://IPV4:PORT/audio/male/A.mp3","message":"เกิดข้อผิดพลาดในการเล่นไฟล์เสียง: /audio/male/A.mp3","error":"Playback was unable to start. This is most commonly an issue on mobile devices and Chrome where playback was not within a user interaction.","timestamp":"2025-11-15T21:49:13.785Z"}
{"screenId":"3","vn":"681012160536640","action":"load_start","audioUrl":"http://IPV4:PORT/audio/male/1.mp3","message":"กำลังโหลดไฟล์เสียง: /audio/male/1.mp3","timestamp":"2025-11-15T21:49:13.788Z"}
{"screenId":"3","vn":"681012160536640","action":"load_start","audioUrl":"http://IPV4:PORT/audio/cache/male/%E0%B8%8A%E0%B9%88%E0%B8%AD%E0%B8%87%E0%B8%A3%E0%B8%B1%E0%B8%9A%E0%B8%A2%E0%B8%B21.mp3","message":"กำลังโหลดไฟล์เสียง: /audio/cache/male/%E0%B8%8A%E0%B9%88%E0%B8%AD%E0%B8%87%E0%B8%A3%E0%B8%B1%E0%B8%9A%E0%B8%A2%E0%B8%B21.mp3","timestamp":"2025-11-15T21:49:13.864Z"}
{"screenId":"3","vn":"681012160536640","action":"play_error","audioUrl":"http://IPV4:PORT/audio/male/0.mp3","message":"เกิดข้อผิดพลาดในการเล่นไฟล์เสียง: /audio/male/0.mp3","error":"Playback was unable to start. This is most commonly an issue on mobile devices and Chrome where playback was not within a user interaction.","timestamp":"2025-11-15T21:49:13.819Z"}
{"screenId":"3","vn":"681012160536640","action":"play_error","audioUrl":"http://IPV4:PORT/audio/male/0.mp3","message":"เกิดข้อผิดพลาดในการเล่นไฟล์เสียง: /audio/male/0.mp3","error":"Playback was unable to start. This is most commonly an issue on mobile devices and Chrome where playback was not within a user interaction.","timestamp":"2025-11-15T21:49:13.953Z"}
{"screenId":"3","vn":"681012160536640","action":"load_start","audioUrl":"http://IPV4:PORT/audio/male/prefix.mp3","message":"กำลังโหลดไฟล์เสียง: /audio/male/prefix.mp3","timestamp":"2025-11-15T21:49:19.408Z"}
{"screenId":"3","vn":"681012160536640","action":"play_start","audioUrl":"http://IPV4:PORT/audio/male/0.mp3","message":"เริ่มเล่นไฟล์เสียง: /audio/male/0.mp3","timestamp":"2025-11-15T21:49:24.531Z"}
{"screenId":"3","vn":"681012160536640","action":"load_success","audioUrl":"http://IPV4:PORT/audio/male/0.mp3","message":"โหลดไฟล์เสียงสำเร็จ: /audio/male/0.mp3","timestamp":"2025-11-15T21:49:24.534Z"}
{"screenId":"3","vn":"681012160536640","action":"load_success","audioUrl":"http://IPV4:PORT/audio/cache/male/%E0%B8%8A%E0%B9%88%E0%B8%AD%E0%B8%87%E0%B8%A3%E0%B8%B1%E0%B8%9A%E0%B8%A2%E0%B8%B21.mp3","message":"โหลดไฟล์เสียงสำเร็จ: /audio/cache/male/%E0%B8%8A%E0%B9%88%E0%B8%AD%E0%B8%87%E0%B8%A3%E0%B8%B1%E0%B8%9A%E0%B8%A2%E0%B8%B21.mp3","timestamp":"2025-11-15T21:49:24.563Z"}
{"screenId":"3","vn":"681012160536640","action":"load_success","audioUrl":"http://IPV4:PORT/audio/male/1.mp3","message":"โหลดไฟล์เสียงสำเร็จ: /audio/male/1.mp3","timestamp":"2025-11-15T21:49:24.552Z"}
{"screenId":"3","vn":"681012160536640","action":"play_start","audioUrl":"http://IPV4:PORT/audio/male/1.mp3","message":"เริ่มเล่นไฟล์เสียง: /audio/male/1.mp3","timestamp":"2025-11-15T21:49:24.546Z"}
{"screenId":"3","vn":"681012160536640","action":"play_start","audioUrl":"http://IPV4:PORT/audio/cache/male/%E0%B8%8A%E0%B9%88%E0%B8%AD%E0%B8%87%E0%B8%A3%E0%B8%B1%E0%B8%9A%E0%B8%A2%E0%B8%B21.mp3","message":"เริ่มเล่นไฟล์เสียง: /audio/cache/male/%E0%B8%8A%E0%B9%88%E0%B8%AD%E0%B8%87%E0%B8%A3%E0%B8%B1%E0%B8%9A%E0%B8%A2%E0%B8%B21.mp3","timestamp":"2025-11-15T21:49:24.557Z"}
{"screenId":"3","vn":"681012160536640","action":"play_error","audioUrl":"http://IPV4:PORT/audio/male/0.mp3","message":"เกิดข้อผิดพลาดในการเล่นไฟล์เสียง: /audio/male/0.mp3","error":"Playback was unable to start. This is most commonly an issue on mobile devices and Chrome where playback was not within a user interaction.","timestamp":"2025-11-15T21:49:24.572Z"}
{"screenId":"3","vn":"681012160536640","action":"play_error","audioUrl":"http://IPV4:PORT/audio/male/0.mp3","message":"เกิดข้อผิดพลาดในการเล่นไฟล์เสียง: /audio/male/0.mp3","error":"Playback was unable to start. This is most commonly an issue on mobile devices and Chrome where playback was not within a user interaction.","timestamp":"2025-11-15T21:49:24.579Z"}
{"screenId":"3","vn":"681012160536640","action":"play_error","audioUrl":"http://IPV4:PORT/audio/cache/male/%E0%B8%8A%E0%B9%88%E0%B8%AD%E0%B8%87%E0%B8%A3%E0%B8%B1%E0%B8%9A%E0%B8%A2%E0%B8%B21.mp3","message":"เกิดข้อผิดพลาดในการเล่นไฟล์เสียง: /audio/cache/male/%E0%B8%8A%E0%B9%88%E0%B8%AD%E0%B8%87%E0%B8%A3%E0%B8%B1%E0%B8%9A%E0%B8%A2%E0%B8%B21.mp3","error":"Playback was unable to start. This is most commonly an issue on mobile devices and Chrome where playback was not within a user interaction.","timestamp":"2025-11-15T21:49:24.621Z"}
{"screenId":"3","vn":"681012160536640","action":"play_error","audioUrl":"http://IPV4:PORT/audio/male/1.mp3","message":"เกิดข้อผิดพลาดในการเล่นไฟล์เสียง: /audio/male/1.mp3","error":"Playback was unable to start. This is most commonly an issue on mobile devices and Chrome where playback was not within a user interaction.","timestamp":"2025-11-15T21:49:24.608Z"}
{"screenId":"3","vn":"681012160536640","action":"play_error","audioUrl":"http://IPV4:PORT/audio/male/1.mp3","message":"เกิดข้อผิดพลาดในการเล่นไฟล์เสียง: /audio/male/1.mp3","error":"Playback was unable to start. This is most commonly an issue on mobile devices and Chrome where playback was not within a user interaction.","timestamp":"2025-11-15T21:49:24.586Z"}
{"screenId":"3","vn":"681012160536640","action":"play_error","audioUrl":"http://IPV4:PORT/audio/cache/male/%E0%B8%8A%E0%B9%88%E0%B8%AD%E0%B8%87%E0%B8%A3%E0%B8%B1%E0%B8%9A%E0%B8%A2%E0%B8%B21.mp3","message":"เกิดข้อผิดพลาดในการเล่นไฟล์เสียง: /audio/cache/male/%E0%B8%8A%E0%B9%88%E0%B8%AD%E0%B8%87%E0%B8%A3%E0%B8%B1%E0%B8%9A%E0%B8%A2%E0%B8%B21.mp3","error":"Playback was unable to start. This is most commonly an issue on mobile devices and Chrome where playback was not within a user interaction.","timestamp":"2025-11-15T21:49:24.649Z"}
{"screenId":"3","vn":"681012160536640","action":"play_start","audioUrl":"http://IPV4:PORT/audio/male/prefix.mp3","message":"เริ่มเล่นไฟล์เสียง: /audio/male/prefix.mp3","timestamp":"2025-11-15T21:49:24.891Z"}
{"screenId":"3","vn":"681012160536640","action":"load_success","audioUrl":"http://IPV4:PORT/audio/male/prefix.mp3","message":"โหลดไฟล์เสียงสำเร็จ: /audio/male/prefix.mp3","timestamp":"2025-11-15T21:49:24.916Z"}
{"screenId":"3","vn":"681012160536640","action":"load_start","audioUrl":"http://IPV4:PORT/audio/male/A.mp3","message":"กำลังโหลดไฟล์เสียง: /audio/male/A.mp3","timestamp":"2025-11-15T21:49:24.939Z"}
{"screenId":"3","vn":"681012160536640","action":"play_error","audioUrl":"http://IPV4:PORT/audio/male/prefix.mp3","message":"เกิดข้อผิดพลาดในการเล่นไฟล์เสียง: /audio/male/prefix.mp3","error":"Playback was unable to start. This is most commonly an issue on mobile devices and Chrome where playback was not within a user interaction.","timestamp":"2025-11-15T21:49:24.921Z"}
{"screenId":"3","vn":"681012160536640","action":"play_error","audioUrl":"http://IPV4:PORT/audio/male/prefix.mp3","message":"เกิดข้อผิดพลาดในการเล่นไฟล์เสียง: /audio/male/prefix.mp3","error":"Playback was unable to start. This is most commonly an issue on mobile devices and Chrome where playback was not within a user interaction.","timestamp":"2025-11-15T21:49:24.972Z"}
{"screenId":"3","vn":"681012160536640","action":"load_start","audioUrl":"http://IPV4:PORT/audio/male/0.mp3","message":"กำลังโหลดไฟล์เสียง: /audio/male/0.mp3","timestamp":"2025-11-15T21:49:24.984Z"}
{"screenId":"3","vn":"681012160536640","action":"play_start","audioUrl":"http://IPV4:PORT/audio/male/A.mp3","message":"เริ่มเล่นไฟล์เสียง: /audio/male/A.mp3","timestamp":"2025-11-15T21:49:25.170Z"}
{"screenId":"3","vn":"681012160536640","action":"load_success","audioUrl":"http://IPV4:PORT/audio/male/A.mp3","message":"โหลดไฟล์เสียงสำเร็จ: /audio/male/A.mp3","timestamp":"2025-11-15T21:49:25.174Z"}
{"screenId":"3","vn":"681012160536640","action":"load_success","audioUrl":"http://IPV4:PORT/audio/male/0.mp3","message":"โหลดไฟล์เสียงสำเร็จ: /audio/male/0.mp3","timestamp":"2025-11-15T21:49:25.217Z"}
{"screenId":"3","vn":"681012160536640","action":"play_error","audioUrl":"http://IPV4:PORT/audio/male/A.mp3","message":"เกิดข้อผิดพลาดในการเล่นไฟล์เสียง: /audio/male/A.mp3","error":"Playback was unable to start. This is most commonly an issue on mobile devices and Chrome where playback was not within a user interaction.","timestamp":"2025-11-15T21:49:25.220Z"}
{"screenId":"3","vn":"681012160536640","action":"play_start","audioUrl":"http://IPV4:PORT/audio/male/0.mp3","message":"เริ่มเล่นไฟล์เสียง: /audio/male/0.mp3","timestamp":"2025-11-15T21:49:25.204Z"}
{"screenId":"3","vn":"681012160536640","action":"load_start","audioUrl":"http://IPV4:PORT/audio/male/0.mp3","message":"กำลังโหลดไฟล์เสียง: /audio/male/0.mp3","timestamp":"2025-11-15T21:49:25.222Z"}
{"screenId":"3","vn":"681012160536640","action":"load_start","audioUrl":"http://IPV4:PORT/audio/male/1.mp3","message":"กำลังโหลดไฟล์เสียง: /audio/male/1.mp3","timestamp":"2025-11-15T21:49:25.246Z"}
{"screenId":"3","vn":"681012160536640","action":"play_error","audioUrl":"http://IPV4:PORT/audio/male/0.mp3","message":"เกิดข้อผิดพลาดในการเล่นไฟล์เสียง: /audio/male/0.mp3","error":"Playback was unable to start. This is most commonly an issue on mobile devices and Chrome where playback was not within a user interaction.","timestamp":"2025-11-15T21:49:25.258Z"}
{"screenId":"3","vn":"681012160536640","action":"play_error","audioUrl":"http://IPV4:PORT/audio/male/0.mp3","message":"เกิดข้อผิดพลาดในการเล่นไฟล์เสียง: /audio/male/0.mp3","error":"Playback was unable to start. This is most commonly an issue on mobile devices and Chrome where playback was not within a user interaction.","timestamp":"2025-11-15T21:49:25.251Z"}
{"screenId":"3","vn":"681012160536640","action":"play_error","audioUrl":"http://IPV4:PORT/audio/male/A.mp3","message":"เกิดข้อผิดพลาดในการเล่นไฟล์เสียง: /audio/male/A.mp3","error":"Playback was unable to start. This is most commonly an issue on mobile devices and Chrome where playback was not within a user interaction.","timestamp":"2025-11-15T21:49:25.239Z"}
{"screenId":"3","vn":"681012160536640","action":"load_start","audioUrl":"http://IPV4:PORT/audio/cache/male/%E0%B8%8A%E0%B9%88%E0%B8%AD%E0%B8%87%E0%B8%A3%E0%B8%B1%E0%B8%9A%E0%B8%A2%E0%B8%B21.mp3","message":"กำลังโหลดไฟล์เสียง: /audio/cache/male/%E0%B8%8A%E0%B9%88%E0%B8%AD%E0%B8%87%E0%B8%A3%E0%B8%B1%E0%B8%9A%E0%B8%A2%E0%B8%B21.mp3","timestamp":"2025-11-15T21:49:25.254Z"}
{"screenId":"3","vn":"681012160536640","action":"play_error","audioUrl":"http://IPV4:PORT/audio/male/0.mp3","message":"เกิดข้อผิดพลาดในการเล่นไฟล์เสียง: /audio/male/0.mp3","error":"Playback was unable to start. This is most commonly an issue on mobile devices and Chrome where playback was not within a user interaction.","timestamp":"2025-11-15T21:49:25.506Z"}
{"screenId":"3","vn":"681012160536640","action":"load_success","audioUrl":"http://IPV4:PORT/audio/male/1.mp3","message":"โหลดไฟล์เสียงสำเร็จ: /audio/male/1.mp3","timestamp":"2025-11-15T21:49:25.423Z"}
{"screenId":"3","vn":"681012160536640","action":"play_start","audioUrl":"http://IPV4:PORT/audio/male/0.mp3","message":"เริ่มเล่นไฟล์เสียง: /audio/male/0.mp3","timestamp":"2025-11-15T21:49:25.336Z"}
{"screenId":"3","vn":"681012160536640","action":"load_success","audioUrl":"http://IPV4:PORT/audio/male/0.mp3","message":"โหลดไฟล์เสียงสำเร็จ: /audio/male/0.mp3","timestamp":"2025-11-15T21:49:25.353Z"}
{"screenId":"3","vn":"681012160536640","action":"play_start","audioUrl":"http://IPV4:PORT/audio/male/1.mp3","message":"เริ่มเล่นไฟล์เสียง: /audio/male/1.mp3","timestamp":"2025-11-15T21:49:25.407Z"}
{"screenId":"3","vn":"681012160536640","action":"play_error","audioUrl":"http://IPV4:PORT/audio/male/0.mp3","message":"เกิดข้อผิดพลาดในการเล่นไฟล์เสียง: /audio/male/0.mp3","error":"Playback was unable to start. This is most commonly an issue on mobile devices and Chrome where playback was not within a user interaction.","timestamp":"2025-11-15T21:49:25.526Z"}
{"screenId":"3","vn":"681012160536640","action":"play_start","audioUrl":"http://IPV4:PORT/audio/cache/male/%E0%B8%8A%E0%B9%88%E0%B8%AD%E0%B8%87%E0%B8%A3%E0%B8%B1%E0%B8%9A%E0%B8%A2%E0%B8%B21.mp3","message":"เริ่มเล่นไฟล์เสียง: /audio/cache/male/%E0%B8%8A%E0%B9%88%E0%B8%AD%E0%B8%87%E0%B8%A3%E0%B8%B1%E0%B8%9A%E0%B8%A2%E0%B8%B21.mp3","timestamp":"2025-11-15T21:49:25.557Z"}
{"screenId":"3","vn":"681012160536640","action":"play_error","audioUrl":"http://IPV4:PORT/audio/cache/male/%E0%B8%8A%E0%B9%88%E0%B8%AD%E0%B8%87%E0%B8%A3%E0%B8%B1%E0%B8%9A%E0%B8%A2%E0%B8%B21.mp3","message":"เกิดข้อผิดพลาดในการเล่นไฟล์เสียง: /audio/cache/male/%E0%B8%8A%E0%B9%88%E0%B8%AD%E0%B8%87%E0%B8%A3%E0%B8%B1%E0%B8%9A%E0%B8%A2%E0%B8%B21.mp3","error":"Playback was unable to start. This is most commonly an issue on mobile devices and Chrome where playback was not within a user interaction.","timestamp":"2025-11-15T21:49:25.606Z"}
{"screenId":"3","vn":"681012160536640","action":"load_success","audioUrl":"http://IPV4:PORT/audio/cache/male/%E0%B8%8A%E0%B9%88%E0%B8%AD%E0%B8%87%E0%B8%A3%E0%B8%B1%E0%B8%9A%E0%B8%A2%E0%B8%B21.mp3","message":"โหลดไฟล์เสียงสำเร็จ: /audio/cache/male/%E0%B8%8A%E0%B9%88%E0%B8%AD%E0%B8%87%E0%B8%A3%E0%B8%B1%E0%B8%9A%E0%B8%A2%E0%B8%B21.mp3","timestamp":"2025-11-15T21:49:25.571Z"}
{"screenId":"3","vn":"681012160536640","action":"play_error","audioUrl":"http://IPV4:PORT/audio/male/1.mp3","message":"เกิดข้อผิดพลาดในการเล่นไฟล์เสียง: /audio/male/1.mp3","error":"Playback was unable to start. This is most commonly an issue on mobile devices and Chrome where playback was not within a user interaction.","timestamp":"2025-11-15T21:49:25.581Z"}
{"screenId":"3","vn":"681012160536640","action":"play_error","audioUrl":"http://IPV4:PORT/audio/male/1.mp3","message":"เกิดข้อผิดพลาดในการเล่นไฟล์เสียง: /audio/male/1.mp3","error":"Playback was unable to start. This is most commonly an issue on mobile devices and Chrome where playback was not within a user interaction.","timestamp":"2025-11-15T21:49:25.585Z"}
{"screenId":"3","vn":"681012160536640","action":"play_error","audioUrl":"http://IPV4:PORT/audio/cache/male/%E0%B8%8A%E0%B9%88%E0%B8%AD%E0%B8%87%E0%B8%A3%E0%B8%B1%E0%B8%9A%E0%B8%A2%E0%B8%B21.mp3","message":"เกิดข้อผิดพลาดในการเล่นไฟล์เสียง: /audio/cache/male/%E0%B8%8A%E0%B9%88%E0%B8%AD%E0%B8%87%E0%B8%A3%E0%B8%B1%E0%B8%9A%E0%B8%A2%E0%B8%B21.mp3","error":"Playback was unable to start. This is most commonly an issue on mobile devices and Chrome where playback was not within a user interaction.","timestamp":"2025-11-15T21:49:25.622Z"}
{"screenId":"3","vn":"681012160536640","action":"load_start","audioUrl":"http://IPV4:PORT/audio/male/prefix.mp3","message":"กำลังโหลดไฟล์เสียง: /audio/male/prefix.mp3","timestamp":"2025-11-15T21:49:31.347Z"}
{"screenId":"3","vn":"681012160536640","action":"play_start","audioUrl":"http://IPV4:PORT/audio/male/prefix.mp3","message":"เริ่มเล่นไฟล์เสียง: /audio/male/prefix.mp3","timestamp":"2025-11-15T21:49:38.496Z"}
{"screenId":"3","vn":"681012160536640","action":"play_error","audioUrl":"http://IPV4:PORT/audio/male/prefix.mp3","message":"เกิดข้อผิดพลาดในการเล่นไฟล์เสียง: /audio/male/prefix.mp3","error":"Playback was unable to start. This is most commonly an issue on mobile devices and Chrome where playback was not within a user interaction.","timestamp":"2025-11-15T21:49:38.590Z"}
{"screenId":"3","vn":"681012160536640","action":"load_success","audioUrl":"http://IPV4:PORT/audio/male/prefix.mp3","message":"โหลดไฟล์เสียงสำเร็จ: /audio/male/prefix.mp3","timestamp":"2025-11-15T21:49:38.554Z"}
{"screenId":"3","vn":"681012160536640","action":"load_start","audioUrl":"http://IPV4:PORT/audio/male/A.mp3","message":"กำลังโหลดไฟล์เสียง: /audio/male/A.mp3","timestamp":"2025-11-15T21:49:38.607Z"}
{"screenId":"3","vn":"681012160536640","action":"play_error","audioUrl":"http://IPV4:PORT/audio/male/prefix.mp3","message":"เกิดข้อผิดพลาดในการเล่นไฟล์เสียง: /audio/male/prefix.mp3","error":"Playback was unable to start. This is most commonly an issue on mobile devices and Chrome where playback was not within a user interaction.","timestamp":"2025-11-15T21:49:38.686Z"}
{"screenId":"3","vn":"681012160536640","action":"load_start","audioUrl":"http://IPV4:PORT/audio/male/0.mp3","message":"กำลังโหลดไฟล์เสียง: /audio/male/0.mp3","timestamp":"2025-11-15T21:49:38.725Z"}
{"screenId":"3","vn":"681012160536640","action":"play_start","audioUrl":"http://IPV4:PORT/audio/male/A.mp3","message":"เริ่มเล่นไฟล์เสียง: /audio/male/A.mp3","timestamp":"2025-11-15T21:49:39.756Z"}
{"screenId":"3","vn":"681012160536640","action":"load_success","audioUrl":"http://IPV4:PORT/audio/male/A.mp3","message":"โหลดไฟล์เสียงสำเร็จ: /audio/male/A.mp3","timestamp":"2025-11-15T21:49:39.844Z"}
{"screenId":"3","vn":"681012160536640","action":"play_error","audioUrl":"http://IPV4:PORT/audio/male/A.mp3","message":"เกิดข้อผิดพลาดในการเล่นไฟล์เสียง: /audio/male/A.mp3","error":"Playback was unable to start. This is most commonly an issue on mobile devices and Chrome where playback was not within a user interaction.","timestamp":"2025-11-15T21:49:40.290Z"}
{"screenId":"3","vn":"681012160536640","action":"load_start","audioUrl":"http://IPV4:PORT/audio/male/0.mp3","message":"กำลังโหลดไฟล์เสียง: /audio/male/0.mp3","timestamp":"2025-11-15T21:49:40.407Z"}
{"screenId":"3","vn":"681012160536640","action":"play_error","audioUrl":"http://IPV4:PORT/audio/male/A.mp3","message":"เกิดข้อผิดพลาดในการเล่นไฟล์เสียง: /audio/male/A.mp3","error":"Playback was unable to start. This is most commonly an issue on mobile devices and Chrome where playback was not within a user interaction.","timestamp":"2025-11-15T21:49:47.483Z"}
{"screenId":"3","vn":"681012160536640","action":"load_start","audioUrl":"http://IPV4:PORT/audio/male/1.mp3","message":"กำลังโหลดไฟล์เสียง: /audio/male/1.mp3","timestamp":"2025-11-15T21:50:01.248Z"}
