2026-01-04 00:00:00.606 [INFO ] [DRUG] เริ่มดึงข้อมูลสำหรับ setting_id: 23, date: 2026-01-04 {"service":"websocket-server"}
2026-01-04 00:00:00.682 [INFO ] [DRUG] ดึง settings สำเร็จ - department_load: 38,39, style_voice: 2, voice: 3 {"service":"websocket-server"}
2026-01-04 00:00:00.703 [INFO ] [DRUG] ผลลัพธ์จาก DB - wait: 0, active: 0, call: ไม่มี, skip: 0 {"service":"websocket-server"}
2026-01-04 00:00:00.704 [INFO ] [DRUG] ✅ ส่งข้อมูลกลับไปยัง client สำเร็จ - wait: 0, active: 0, call: ไม่มี {"service":"websocket-server"}
2026-01-04 00:00:02.607 [INFO ] [DRUG] เริ่มดึงข้อมูลสำหรับ setting_id: 23, date: 2026-01-04 {"service":"websocket-server"}
2026-01-04 00:00:02.760 [INFO ] [DRUG] ดึง settings สำเร็จ - department_load: 38,39, style_voice: 2, voice: 3 {"service":"websocket-server"}
2026-01-04 00:00:02.784 [INFO ] [DRUG] ผลลัพธ์จาก DB - wait: 0, active: 0, call: ไม่มี, skip: 0 {"service":"websocket-server"}
2026-01-04 00:00:04.609 [INFO ] [DRUG] เริ่มดึงข้อมูลสำหรับ setting_id: 23, date: 2026-01-04 {"service":"websocket-server"}
2026-01-04 00:00:05.088 [INFO ] [DRUG] ดึง settings สำเร็จ - department_load: 38,39, style_voice: 2, voice: 3 {"service":"websocket-server"}
2026-01-04 00:00:05.114 [INFO ] [DRUG] ผลลัพธ์จาก DB - wait: 0, active: 0, call: ไม่มี, skip: 0 {"service":"websocket-server"}
2026-01-04 00:00:06.609 [INFO ] [DRUG] เริ่มดึงข้อมูลสำหรับ setting_id: 23, date: 2026-01-04 {"service":"websocket-server"}
2026-01-04 00:00:06.676 [INFO ] [DRUG] ดึง settings สำเร็จ - department_load: 38,39, style_voice: 2, voice: 3 {"service":"websocket-server"}
2026-01-04 00:00:06.702 [INFO ] [DRUG] ผลลัพธ์จาก DB - wait: 0, active: 0, call: ไม่มี, skip: 0 {"service":"websocket-server"}
2026-01-04 00:00:08.611 [INFO ] [DRUG] เริ่มดึงข้อมูลสำหรับ setting_id: 23, date: 2026-01-04 {"service":"websocket-server"}
2026-01-04 00:00:08.694 [INFO ] [DRUG] ดึง settings สำเร็จ - department_load: 38,39, style_voice: 2, voice: 3 {"service":"websocket-server"}
2026-01-04 00:00:08.727 [INFO ] [DRUG] ผลลัพธ์จาก DB - wait: 0, active: 0, call: ไม่มี, skip: 0 {"service":"websocket-server"}
2026-01-04 00:00:10.610 [INFO ] [DRUG] เริ่มดึงข้อมูลสำหรับ setting_id: 23, date: 2026-01-04 {"service":"websocket-server"}
2026-01-04 00:00:10.696 [INFO ] [DRUG] ดึง settings สำเร็จ - department_load: 38,39, style_voice: 2, voice: 3 {"service":"websocket-server"}
2026-01-04 00:00:10.721 [INFO ] [DRUG] ผลลัพธ์จาก DB - wait: 0, active: 0, call: ไม่มี, skip: 0 {"service":"websocket-server"}
2026-01-04 00:00:12.612 [INFO ] [DRUG] เริ่มดึงข้อมูลสำหรับ setting_id: 23, date: 2026-01-04 {"service":"websocket-server"}
2026-01-04 00:00:12.775 [INFO ] [DRUG] ดึง settings สำเร็จ - department_load: 38,39, style_voice: 2, voice: 3 {"service":"websocket-server"}
2026-01-04 00:00:12.799 [INFO ] [DRUG] ผลลัพธ์จาก DB - wait: 0, active: 0, call: ไม่มี, skip: 0 {"service":"websocket-server"}
2026-01-04 00:00:14.612 [INFO ] [DRUG] เริ่มดึงข้อมูลสำหรับ setting_id: 23, date: 2026-01-04 {"service":"websocket-server"}
2026-01-04 00:00:14.677 [INFO ] [DRUG] ดึง settings สำเร็จ - department_load: 38,39, style_voice: 2, voice: 3 {"service":"websocket-server"}
2026-01-04 00:00:14.701 [INFO ] [DRUG] ผลลัพธ์จาก DB - wait: 0, active: 0, call: ไม่มี, skip: 0 {"service":"websocket-server"}
2026-01-04 00:00:16.613 [INFO ] [DRUG] เริ่มดึงข้อมูลสำหรับ setting_id: 23, date: 2026-01-04 {"service":"websocket-server"}
2026-01-04 00:00:16.681 [INFO ] [DRUG] ดึง settings สำเร็จ - department_load: 38,39, style_voice: 2, voice: 3 {"service":"websocket-server"}
2026-01-04 00:00:16.706 [INFO ] [DRUG] ผลลัพธ์จาก DB - wait: 0, active: 0, call: ไม่มี, skip: 0 {"service":"websocket-server"}
2026-01-04 00:00:18.614 [INFO ] [DRUG] เริ่มดึงข้อมูลสำหรับ setting_id: 23, date: 2026-01-04 {"service":"websocket-server"}
2026-01-04 00:00:18.684 [INFO ] [DRUG] ดึง settings สำเร็จ - department_load: 38,39, style_voice: 2, voice: 3 {"service":"websocket-server"}
2026-01-04 00:00:18.706 [INFO ] [DRUG] ผลลัพธ์จาก DB - wait: 0, active: 0, call: ไม่มี, skip: 0 {"service":"websocket-server"}
2026-01-04 00:00:20.615 [INFO ] [DRUG] เริ่มดึงข้อมูลสำหรับ setting_id: 23, date: 2026-01-04 {"service":"websocket-server"}
2026-01-04 00:00:20.685 [INFO ] [DRUG] ดึง settings สำเร็จ - department_load: 38,39, style_voice: 2, voice: 3 {"service":"websocket-server"}
2026-01-04 00:00:20.710 [INFO ] [DRUG] ผลลัพธ์จาก DB - wait: 0, active: 0, call: ไม่มี, skip: 0 {"service":"websocket-server"}
2026-01-04 00:00:22.616 [INFO ] [DRUG] เริ่มดึงข้อมูลสำหรับ setting_id: 23, date: 2026-01-04 {"service":"websocket-server"}
2026-01-04 00:00:22.755 [INFO ] [DRUG] ดึง settings สำเร็จ - department_load: 38,39, style_voice: 2, voice: 3 {"service":"websocket-server"}
2026-01-04 00:00:22.778 [INFO ] [DRUG] ผลลัพธ์จาก DB - wait: 0, active: 0, call: ไม่มี, skip: 0 {"service":"websocket-server"}
2026-01-04 00:00:24.616 [INFO ] [DRUG] เริ่มดึงข้อมูลสำหรับ setting_id: 23, date: 2026-01-04 {"service":"websocket-server"}
2026-01-04 00:00:24.684 [INFO ] [DRUG] ดึง settings สำเร็จ - department_load: 38,39, style_voice: 2, voice: 3 {"service":"websocket-server"}
2026-01-04 00:00:24.799 [INFO ] [DRUG] ผลลัพธ์จาก DB - wait: 0, active: 0, call: ไม่มี, skip: 0 {"service":"websocket-server"}
2026-01-04 00:00:26.617 [INFO ] [DRUG] เริ่มดึงข้อมูลสำหรับ setting_id: 23, date: 2026-01-04 {"service":"websocket-server"}
2026-01-04 00:00:26.685 [INFO ] [DRUG] ดึง settings สำเร็จ - department_load: 38,39, style_voice: 2, voice: 3 {"service":"websocket-server"}
2026-01-04 00:00:26.714 [INFO ] [DRUG] ผลลัพธ์จาก DB - wait: 0, active: 0, call: ไม่มี, skip: 0 {"service":"websocket-server"}
2026-01-04 00:00:28.618 [INFO ] [DRUG] เริ่มดึงข้อมูลสำหรับ setting_id: 23, date: 2026-01-04 {"service":"websocket-server"}
2026-01-04 00:00:28.688 [INFO ] [DRUG] ดึง settings สำเร็จ - department_load: 38,39, style_voice: 2, voice: 3 {"service":"websocket-server"}
2026-01-04 00:00:28.714 [INFO ] [DRUG] ผลลัพธ์จาก DB - wait: 0, active: 0, call: ไม่มี, skip: 0 {"service":"websocket-server"}
2026-01-04 00:00:30.619 [INFO ] [DRUG] เริ่มดึงข้อมูลสำหรับ setting_id: 23, date: 2026-01-04 {"service":"websocket-server"}
2026-01-04 00:00:30.689 [INFO ] [DRUG] ดึง settings สำเร็จ - department_load: 38,39, style_voice: 2, voice: 3 {"service":"websocket-server"}
2026-01-04 00:00:30.717 [INFO ] [DRUG] ผลลัพธ์จาก DB - wait: 0, active: 0, call: ไม่มี, skip: 0 {"service":"websocket-server"}
2026-01-04 00:00:32.619 [INFO ] [DRUG] เริ่มดึงข้อมูลสำหรับ setting_id: 23, date: 2026-01-04 {"service":"websocket-server"}
2026-01-04 00:00:32.720 [INFO ] [DRUG] ดึง settings สำเร็จ - department_load: 38,39, style_voice: 2, voice: 3 {"service":"websocket-server"}
2026-01-04 00:00:32.745 [INFO ] [DRUG] ผลลัพธ์จาก DB - wait: 0, active: 0, call: ไม่มี, skip: 0 {"service":"websocket-server"}
2026-01-04 00:00:34.620 [INFO ] [DRUG] เริ่มดึงข้อมูลสำหรับ setting_id: 23, date: 2026-01-04 {"service":"websocket-server"}
2026-01-04 00:00:34.799 [INFO ] [DRUG] ดึง settings สำเร็จ - department_load: 38,39, style_voice: 2, voice: 3 {"service":"websocket-server"}
2026-01-04 00:00:34.825 [INFO ] [DRUG] ผลลัพธ์จาก DB - wait: 0, active: 0, call: ไม่มี, skip: 0 {"service":"websocket-server"}
2026-01-04 00:00:36.621 [INFO ] [DRUG] เริ่มดึงข้อมูลสำหรับ setting_id: 23, date: 2026-01-04 {"service":"websocket-server"}
2026-01-04 00:00:36.680 [INFO ] [DRUG] ดึง settings สำเร็จ - department_load: 38,39, style_voice: 2, voice: 3 {"service":"websocket-server"}
2026-01-04 00:00:36.704 [INFO ] [DRUG] ผลลัพธ์จาก DB - wait: 0, active: 0, call: ไม่มี, skip: 0 {"service":"websocket-server"}
2026-01-04 00:00:38.622 [INFO ] [DRUG] เริ่มดึงข้อมูลสำหรับ setting_id: 23, date: 2026-01-04 {"service":"websocket-server"}
2026-01-04 00:00:38.692 [INFO ] [DRUG] ดึง settings สำเร็จ - department_load: 38,39, style_voice: 2, voice: 3 {"service":"websocket-server"}
2026-01-04 00:00:38.717 [INFO ] [DRUG] ผลลัพธ์จาก DB - wait: 0, active: 0, call: ไม่มี, skip: 0 {"service":"websocket-server"}
2026-01-04 00:00:40.624 [INFO ] [DRUG] เริ่มดึงข้อมูลสำหรับ setting_id: 23, date: 2026-01-04 {"service":"websocket-server"}
2026-01-04 00:00:40.694 [INFO ] [DRUG] ดึง settings สำเร็จ - department_load: 38,39, style_voice: 2, voice: 3 {"service":"websocket-server"}
2026-01-04 00:00:40.718 [INFO ] [DRUG] ผลลัพธ์จาก DB - wait: 0, active: 0, call: ไม่มี, skip: 0 {"service":"websocket-server"}
2026-01-04 00:00:42.624 [INFO ] [DRUG] เริ่มดึงข้อมูลสำหรับ setting_id: 23, date: 2026-01-04 {"service":"websocket-server"}
2026-01-04 00:00:42.692 [INFO ] [DRUG] ดึง settings สำเร็จ - department_load: 38,39, style_voice: 2, voice: 3 {"service":"websocket-server"}
2026-01-04 00:00:42.722 [INFO ] [DRUG] ผลลัพธ์จาก DB - wait: 0, active: 0, call: ไม่มี, skip: 0 {"service":"websocket-server"}
2026-01-04 00:00:44.625 [INFO ] [DRUG] เริ่มดึงข้อมูลสำหรับ setting_id: 23, date: 2026-01-04 {"service":"websocket-server"}
2026-01-04 00:00:44.690 [INFO ] [DRUG] ดึง settings สำเร็จ - department_load: 38,39, style_voice: 2, voice: 3 {"service":"websocket-server"}
2026-01-04 00:00:44.714 [INFO ] [DRUG] ผลลัพธ์จาก DB - wait: 0, active: 0, call: ไม่มี, skip: 0 {"service":"websocket-server"}
2026-01-04 00:00:46.626 [INFO ] [DRUG] เริ่มดึงข้อมูลสำหรับ setting_id: 23, date: 2026-01-04 {"service":"websocket-server"}
2026-01-04 00:00:46.688 [INFO ] [DRUG] ดึง settings สำเร็จ - department_load: 38,39, style_voice: 2, voice: 3 {"service":"websocket-server"}
2026-01-04 00:00:46.710 [INFO ] [DRUG] ผลลัพธ์จาก DB - wait: 0, active: 0, call: ไม่มี, skip: 0 {"service":"websocket-server"}
2026-01-04 00:00:48.627 [INFO ] [DRUG] เริ่มดึงข้อมูลสำหรับ setting_id: 23, date: 2026-01-04 {"service":"websocket-server"}
2026-01-04 00:00:48.688 [INFO ] [DRUG] ดึง settings สำเร็จ - department_load: 38,39, style_voice: 2, voice: 3 {"service":"websocket-server"}
2026-01-04 00:00:48.712 [INFO ] [DRUG] ผลลัพธ์จาก DB - wait: 0, active: 0, call: ไม่มี, skip: 0 {"service":"websocket-server"}
2026-01-04 00:00:50.629 [INFO ] [DRUG] เริ่มดึงข้อมูลสำหรับ setting_id: 23, date: 2026-01-04 {"service":"websocket-server"}
2026-01-04 00:00:50.692 [INFO ] [DRUG] ดึง settings สำเร็จ - department_load: 38,39, style_voice: 2, voice: 3 {"service":"websocket-server"}
2026-01-04 00:00:50.715 [INFO ] [DRUG] ผลลัพธ์จาก DB - wait: 0, active: 0, call: ไม่มี, skip: 0 {"service":"websocket-server"}
2026-01-04 00:00:52.629 [INFO ] [DRUG] เริ่มดึงข้อมูลสำหรับ setting_id: 23, date: 2026-01-04 {"service":"websocket-server"}
2026-01-04 00:00:52.694 [INFO ] [DRUG] ดึง settings สำเร็จ - department_load: 38,39, style_voice: 2, voice: 3 {"service":"websocket-server"}
2026-01-04 00:00:52.716 [INFO ] [DRUG] ผลลัพธ์จาก DB - wait: 0, active: 0, call: ไม่มี, skip: 0 {"service":"websocket-server"}
2026-01-04 00:00:54.629 [INFO ] [DRUG] เริ่มดึงข้อมูลสำหรับ setting_id: 23, date: 2026-01-04 {"service":"websocket-server"}
2026-01-04 00:00:54.693 [INFO ] [DRUG] ดึง settings สำเร็จ - department_load: 38,39, style_voice: 2, voice: 3 {"service":"websocket-server"}
2026-01-04 00:00:54.720 [INFO ] [DRUG] ผลลัพธ์จาก DB - wait: 0, active: 0, call: ไม่มี, skip: 0 {"service":"websocket-server"}
2026-01-04 00:00:56.631 [INFO ] [DRUG] เริ่มดึงข้อมูลสำหรับ setting_id: 23, date: 2026-01-04 {"service":"websocket-server"}
2026-01-04 00:00:56.698 [INFO ] [DRUG] ดึง settings สำเร็จ - department_load: 38,39, style_voice: 2, voice: 3 {"service":"websocket-server"}
2026-01-04 00:00:56.722 [INFO ] [DRUG] ผลลัพธ์จาก DB - wait: 0, active: 0, call: ไม่มี, skip: 0 {"service":"websocket-server"}
2026-01-04 00:00:58.631 [INFO ] [DRUG] เริ่มดึงข้อมูลสำหรับ setting_id: 23, date: 2026-01-04 {"service":"websocket-server"}
2026-01-04 00:00:58.694 [INFO ] [DRUG] ดึง settings สำเร็จ - department_load: 38,39, style_voice: 2, voice: 3 {"service":"websocket-server"}
2026-01-04 00:00:58.716 [INFO ] [DRUG] ผลลัพธ์จาก DB - wait: 0, active: 0, call: ไม่มี, skip: 0 {"service":"websocket-server"}
2026-01-04 00:01:00.634 [INFO ] [DRUG] เริ่มดึงข้อมูลสำหรับ setting_id: 23, date: 2026-01-04 {"service":"websocket-server"}
2026-01-04 00:01:00.699 [INFO ] [DRUG] ดึง settings สำเร็จ - department_load: 38,39, style_voice: 2, voice: 3 {"service":"websocket-server"}
2026-01-04 00:01:00.723 [INFO ] [DRUG] ผลลัพธ์จาก DB - wait: 0, active: 0, call: ไม่มี, skip: 0 {"service":"websocket-server"}
2026-01-04 00:01:02.634 [INFO ] [DRUG] เริ่มดึงข้อมูลสำหรับ setting_id: 23, date: 2026-01-04 {"service":"websocket-server"}
2026-01-04 00:01:02.696 [INFO ] [DRUG] ดึง settings สำเร็จ - department_load: 38,39, style_voice: 2, voice: 3 {"service":"websocket-server"}
2026-01-04 00:01:02.719 [INFO ] [DRUG] ผลลัพธ์จาก DB - wait: 0, active: 0, call: ไม่มี, skip: 0 {"service":"websocket-server"}
2026-01-04 00:01:04.634 [INFO ] [DRUG] เริ่มดึงข้อมูลสำหรับ setting_id: 23, date: 2026-01-04 {"service":"websocket-server"}
2026-01-04 00:01:04.696 [INFO ] [DRUG] ดึง settings สำเร็จ - department_load: 38,39, style_voice: 2, voice: 3 {"service":"websocket-server"}
2026-01-04 00:01:04.719 [INFO ] [DRUG] ผลลัพธ์จาก DB - wait: 0, active: 0, call: ไม่มี, skip: 0 {"service":"websocket-server"}
2026-01-04 00:01:06.635 [INFO ] [DRUG] เริ่มดึงข้อมูลสำหรับ setting_id: 23, date: 2026-01-04 {"service":"websocket-server"}
2026-01-04 00:01:06.698 [INFO ] [DRUG] ดึง settings สำเร็จ - department_load: 38,39, style_voice: 2, voice: 3 {"service":"websocket-server"}
2026-01-04 00:01:06.721 [INFO ] [DRUG] ผลลัพธ์จาก DB - wait: 0, active: 0, call: ไม่มี, skip: 0 {"service":"websocket-server"}
2026-01-04 00:01:08.636 [INFO ] [DRUG] เริ่มดึงข้อมูลสำหรับ setting_id: 23, date: 2026-01-04 {"service":"websocket-server"}
2026-01-04 00:01:08.696 [INFO ] [DRUG] ดึง settings สำเร็จ - department_load: 38,39, style_voice: 2, voice: 3 {"service":"websocket-server"}
2026-01-04 00:01:08.719 [INFO ] [DRUG] ผลลัพธ์จาก DB - wait: 0, active: 0, call: ไม่มี, skip: 0 {"service":"websocket-server"}
2026-01-04 00:01:10.638 [INFO ] [DRUG] เริ่มดึงข้อมูลสำหรับ setting_id: 23, date: 2026-01-04 {"service":"websocket-server"}
2026-01-04 00:01:10.703 [INFO ] [DRUG] ดึง settings สำเร็จ - department_load: 38,39, style_voice: 2, voice: 3 {"service":"websocket-server"}
2026-01-04 00:01:10.726 [INFO ] [DRUG] ผลลัพธ์จาก DB - wait: 0, active: 0, call: ไม่มี, skip: 0 {"service":"websocket-server"}
2026-01-04 00:01:12.637 [INFO ] [DRUG] เริ่มดึงข้อมูลสำหรับ setting_id: 23, date: 2026-01-04 {"service":"websocket-server"}
2026-01-04 00:01:12.703 [INFO ] [DRUG] ดึง settings สำเร็จ - department_load: 38,39, style_voice: 2, voice: 3 {"service":"websocket-server"}
2026-01-04 00:01:12.727 [INFO ] [DRUG] ผลลัพธ์จาก DB - wait: 0, active: 0, call: ไม่มี, skip: 0 {"service":"websocket-server"}
2026-01-04 00:01:14.638 [INFO ] [DRUG] เริ่มดึงข้อมูลสำหรับ setting_id: 23, date: 2026-01-04 {"service":"websocket-server"}
2026-01-04 00:01:14.701 [INFO ] [DRUG] ดึง settings สำเร็จ - department_load: 38,39, style_voice: 2, voice: 3 {"service":"websocket-server"}
2026-01-04 00:01:14.724 [INFO ] [DRUG] ผลลัพธ์จาก DB - wait: 0, active: 0, call: ไม่มี, skip: 0 {"service":"websocket-server"}
2026-01-04 00:01:16.640 [INFO ] [DRUG] เริ่มดึงข้อมูลสำหรับ setting_id: 23, date: 2026-01-04 {"service":"websocket-server"}
2026-01-04 00:01:16.700 [INFO ] [DRUG] ดึง settings สำเร็จ - department_load: 38,39, style_voice: 2, voice: 3 {"service":"websocket-server"}
2026-01-04 00:01:16.723 [INFO ] [DRUG] ผลลัพธ์จาก DB - wait: 0, active: 0, call: ไม่มี, skip: 0 {"service":"websocket-server"}
2026-01-04 00:01:18.641 [INFO ] [DRUG] เริ่มดึงข้อมูลสำหรับ setting_id: 23, date: 2026-01-04 {"service":"websocket-server"}
2026-01-04 00:01:18.705 [INFO ] [DRUG] ดึง settings สำเร็จ - department_load: 38,39, style_voice: 2, voice: 3 {"service":"websocket-server"}
2026-01-04 00:01:18.729 [INFO ] [DRUG] ผลลัพธ์จาก DB - wait: 0, active: 0, call: ไม่มี, skip: 0 {"service":"websocket-server"}
2026-01-04 00:01:20.642 [INFO ] [DRUG] เริ่มดึงข้อมูลสำหรับ setting_id: 23, date: 2026-01-04 {"service":"websocket-server"}
2026-01-04 00:01:20.704 [INFO ] [DRUG] ดึง settings สำเร็จ - department_load: 38,39, style_voice: 2, voice: 3 {"service":"websocket-server"}
2026-01-04 00:01:20.728 [INFO ] [DRUG] ผลลัพธ์จาก DB - wait: 0, active: 0, call: ไม่มี, skip: 0 {"service":"websocket-server"}
2026-01-04 00:01:22.643 [INFO ] [DRUG] เริ่มดึงข้อมูลสำหรับ setting_id: 23, date: 2026-01-04 {"service":"websocket-server"}
2026-01-04 00:01:22.703 [INFO ] [DRUG] ดึง settings สำเร็จ - department_load: 38,39, style_voice: 2, voice: 3 {"service":"websocket-server"}
2026-01-04 00:01:22.728 [INFO ] [DRUG] ผลลัพธ์จาก DB - wait: 0, active: 0, call: ไม่มี, skip: 0 {"service":"websocket-server"}
2026-01-04 00:01:24.644 [INFO ] [DRUG] เริ่มดึงข้อมูลสำหรับ setting_id: 23, date: 2026-01-04 {"service":"websocket-server"}
2026-01-04 00:01:24.706 [INFO ] [DRUG] ดึง settings สำเร็จ - department_load: 38,39, style_voice: 2, voice: 3 {"service":"websocket-server"}
2026-01-04 00:01:24.729 [INFO ] [DRUG] ผลลัพธ์จาก DB - wait: 0, active: 0, call: ไม่มี, skip: 0 {"service":"websocket-server"}
2026-01-04 00:01:26.645 [INFO ] [DRUG] เริ่มดึงข้อมูลสำหรับ setting_id: 23, date: 2026-01-04 {"service":"websocket-server"}
2026-01-04 00:01:26.708 [INFO ] [DRUG] ดึง settings สำเร็จ - department_load: 38,39, style_voice: 2, voice: 3 {"service":"websocket-server"}
2026-01-04 00:01:26.732 [INFO ] [DRUG] ผลลัพธ์จาก DB - wait: 0, active: 0, call: ไม่มี, skip: 0 {"service":"websocket-server"}
2026-01-04 00:01:28.646 [INFO ] [DRUG] เริ่มดึงข้อมูลสำหรับ setting_id: 23, date: 2026-01-04 {"service":"websocket-server"}
2026-01-04 00:01:28.710 [INFO ] [DRUG] ดึง settings สำเร็จ - department_load: 38,39, style_voice: 2, voice: 3 {"service":"websocket-server"}
2026-01-04 00:01:28.734 [INFO ] [DRUG] ผลลัพธ์จาก DB - wait: 0, active: 0, call: ไม่มี, skip: 0 {"service":"websocket-server"}
2026-01-04 00:01:30.647 [INFO ] [DRUG] เริ่มดึงข้อมูลสำหรับ setting_id: 23, date: 2026-01-04 {"service":"websocket-server"}
2026-01-04 00:01:30.709 [INFO ] [DRUG] ดึง settings สำเร็จ - department_load: 38,39, style_voice: 2, voice: 3 {"service":"websocket-server"}
2026-01-04 00:01:30.731 [INFO ] [DRUG] ผลลัพธ์จาก DB - wait: 0, active: 0, call: ไม่มี, skip: 0 {"service":"websocket-server"}
2026-01-04 00:01:32.649 [INFO ] [DRUG] เริ่มดึงข้อมูลสำหรับ setting_id: 23, date: 2026-01-04 {"service":"websocket-server"}
2026-01-04 00:01:32.713 [INFO ] [DRUG] ดึง settings สำเร็จ - department_load: 38,39, style_voice: 2, voice: 3 {"service":"websocket-server"}
2026-01-04 00:01:32.738 [INFO ] [DRUG] ผลลัพธ์จาก DB - wait: 0, active: 0, call: ไม่มี, skip: 0 {"service":"websocket-server"}
2026-01-04 00:01:34.649 [INFO ] [DRUG] เริ่มดึงข้อมูลสำหรับ setting_id: 23, date: 2026-01-04 {"service":"websocket-server"}
2026-01-04 00:01:34.712 [INFO ] [DRUG] ดึง settings สำเร็จ - department_load: 38,39, style_voice: 2, voice: 3 {"service":"websocket-server"}
2026-01-04 00:01:34.735 [INFO ] [DRUG] ผลลัพธ์จาก DB - wait: 0, active: 0, call: ไม่มี, skip: 0 {"service":"websocket-server"}
2026-01-04 00:01:36.650 [INFO ] [DRUG] เริ่มดึงข้อมูลสำหรับ setting_id: 23, date: 2026-01-04 {"service":"websocket-server"}
2026-01-04 00:01:36.715 [INFO ] [DRUG] ดึง settings สำเร็จ - department_load: 38,39, style_voice: 2, voice: 3 {"service":"websocket-server"}
2026-01-04 00:01:36.738 [INFO ] [DRUG] ผลลัพธ์จาก DB - wait: 0, active: 0, call: ไม่มี, skip: 0 {"service":"websocket-server"}
2026-01-04 00:01:38.652 [INFO ] [DRUG] เริ่มดึงข้อมูลสำหรับ setting_id: 23, date: 2026-01-04 {"service":"websocket-server"}
2026-01-04 00:01:38.714 [INFO ] [DRUG] ดึง settings สำเร็จ - department_load: 38,39, style_voice: 2, voice: 3 {"service":"websocket-server"}
2026-01-04 00:01:38.735 [INFO ] [DRUG] ผลลัพธ์จาก DB - wait: 0, active: 0, call: ไม่มี, skip: 0 {"service":"websocket-server"}
2026-01-04 00:01:40.652 [INFO ] [DRUG] เริ่มดึงข้อมูลสำหรับ setting_id: 23, date: 2026-01-04 {"service":"websocket-server"}
2026-01-04 00:01:40.714 [INFO ] [DRUG] ดึง settings สำเร็จ - department_load: 38,39, style_voice: 2, voice: 3 {"service":"websocket-server"}
2026-01-04 00:01:40.736 [INFO ] [DRUG] ผลลัพธ์จาก DB - wait: 0, active: 0, call: ไม่มี, skip: 0 {"service":"websocket-server"}
2026-01-04 00:01:42.653 [INFO ] [DRUG] เริ่มดึงข้อมูลสำหรับ setting_id: 23, date: 2026-01-04 {"service":"websocket-server"}
2026-01-04 00:01:42.714 [INFO ] [DRUG] ดึง settings สำเร็จ - department_load: 38,39, style_voice: 2, voice: 3 {"service":"websocket-server"}
2026-01-04 00:01:42.737 [INFO ] [DRUG] ผลลัพธ์จาก DB - wait: 0, active: 0, call: ไม่มี, skip: 0 {"service":"websocket-server"}
2026-01-04 00:01:44.654 [INFO ] [DRUG] เริ่มดึงข้อมูลสำหรับ setting_id: 23, date: 2026-01-04 {"service":"websocket-server"}
2026-01-04 00:01:44.718 [INFO ] [DRUG] ดึง settings สำเร็จ - department_load: 38,39, style_voice: 2, voice: 3 {"service":"websocket-server"}
2026-01-04 00:01:44.743 [INFO ] [DRUG] ผลลัพธ์จาก DB - wait: 0, active: 0, call: ไม่มี, skip: 0 {"service":"websocket-server"}
2026-01-04 00:01:46.656 [INFO ] [DRUG] เริ่มดึงข้อมูลสำหรับ setting_id: 23, date: 2026-01-04 {"service":"websocket-server"}
2026-01-04 00:01:46.717 [INFO ] [DRUG] ดึง settings สำเร็จ - department_load: 38,39, style_voice: 2, voice: 3 {"service":"websocket-server"}
2026-01-04 00:01:46.740 [INFO ] [DRUG] ผลลัพธ์จาก DB - wait: 0, active: 0, call: ไม่มี, skip: 0 {"service":"websocket-server"}
2026-01-04 00:01:48.656 [INFO ] [DRUG] เริ่มดึงข้อมูลสำหรับ setting_id: 23, date: 2026-01-04 {"service":"websocket-server"}
2026-01-04 00:01:48.719 [INFO ] [DRUG] ดึง settings สำเร็จ - department_load: 38,39, style_voice: 2, voice: 3 {"service":"websocket-server"}
2026-01-04 00:01:48.742 [INFO ] [DRUG] ผลลัพธ์จาก DB - wait: 0, active: 0, call: ไม่มี, skip: 0 {"service":"websocket-server"}
2026-01-04 00:01:50.657 [INFO ] [DRUG] เริ่มดึงข้อมูลสำหรับ setting_id: 23, date: 2026-01-04 {"service":"websocket-server"}
2026-01-04 00:01:50.718 [INFO ] [DRUG] ดึง settings สำเร็จ - department_load: 38,39, style_voice: 2, voice: 3 {"service":"websocket-server"}
2026-01-04 00:01:50.742 [INFO ] [DRUG] ผลลัพธ์จาก DB - wait: 0, active: 0, call: ไม่มี, skip: 0 {"service":"websocket-server"}
2026-01-04 00:01:52.658 [INFO ] [DRUG] เริ่มดึงข้อมูลสำหรับ setting_id: 23, date: 2026-01-04 {"service":"websocket-server"}
2026-01-04 00:01:52.720 [INFO ] [DRUG] ดึง settings สำเร็จ - department_load: 38,39, style_voice: 2, voice: 3 {"service":"websocket-server"}
2026-01-04 00:01:52.747 [INFO ] [DRUG] ผลลัพธ์จาก DB - wait: 0, active: 0, call: ไม่มี, skip: 0 {"service":"websocket-server"}
2026-01-04 00:01:54.659 [INFO ] [DRUG] เริ่มดึงข้อมูลสำหรับ setting_id: 23, date: 2026-01-04 {"service":"websocket-server"}
2026-01-04 00:01:54.721 [INFO ] [DRUG] ดึง settings สำเร็จ - department_load: 38,39, style_voice: 2, voice: 3 {"service":"websocket-server"}
2026-01-04 00:01:54.745 [INFO ] [DRUG] ผลลัพธ์จาก DB - wait: 0, active: 0, call: ไม่มี, skip: 0 {"service":"websocket-server"}
2026-01-04 00:01:56.660 [INFO ] [DRUG] เริ่มดึงข้อมูลสำหรับ setting_id: 23, date: 2026-01-04 {"service":"websocket-server"}
2026-01-04 00:01:56.724 [INFO ] [DRUG] ดึง settings สำเร็จ - department_load: 38,39, style_voice: 2, voice: 3 {"service":"websocket-server"}
2026-01-04 00:01:56.747 [INFO ] [DRUG] ผลลัพธ์จาก DB - wait: 0, active: 0, call: ไม่มี, skip: 0 {"service":"websocket-server"}
2026-01-04 00:01:58.661 [INFO ] [DRUG] เริ่มดึงข้อมูลสำหรับ setting_id: 23, date: 2026-01-04 {"service":"websocket-server"}
2026-01-04 00:01:58.725 [INFO ] [DRUG] ดึง settings สำเร็จ - department_load: 38,39, style_voice: 2, voice: 3 {"service":"websocket-server"}
2026-01-04 00:01:58.749 [INFO ] [DRUG] ผลลัพธ์จาก DB - wait: 0, active: 0, call: ไม่มี, skip: 0 {"service":"websocket-server"}
2026-01-04 00:02:00.661 [INFO ] [DRUG] เริ่มดึงข้อมูลสำหรับ setting_id: 23, date: 2026-01-04 {"service":"websocket-server"}
2026-01-04 00:02:00.726 [INFO ] [DRUG] ดึง settings สำเร็จ - department_load: 38,39, style_voice: 2, voice: 3 {"service":"websocket-server"}
2026-01-04 00:02:00.747 [INFO ] [DRUG] ผลลัพธ์จาก DB - wait: 0, active: 0, call: ไม่มี, skip: 0 {"service":"websocket-server"}
2026-01-04 00:02:02.663 [INFO ] [DRUG] เริ่มดึงข้อมูลสำหรับ setting_id: 23, date: 2026-01-04 {"service":"websocket-server"}
2026-01-04 00:02:02.728 [INFO ] [DRUG] ดึง settings สำเร็จ - department_load: 38,39, style_voice: 2, voice: 3 {"service":"websocket-server"}
2026-01-04 00:02:02.751 [INFO ] [DRUG] ผลลัพธ์จาก DB - wait: 0, active: 0, call: ไม่มี, skip: 0 {"service":"websocket-server"}
2026-01-04 00:02:04.663 [INFO ] [DRUG] เริ่มดึงข้อมูลสำหรับ setting_id: 23, date: 2026-01-04 {"service":"websocket-server"}
2026-01-04 00:02:04.724 [INFO ] [DRUG] ดึง settings สำเร็จ - department_load: 38,39, style_voice: 2, voice: 3 {"service":"websocket-server"}
2026-01-04 00:02:04.747 [INFO ] [DRUG] ผลลัพธ์จาก DB - wait: 0, active: 0, call: ไม่มี, skip: 0 {"service":"websocket-server"}
2026-01-04 00:02:06.664 [INFO ] [DRUG] เริ่มดึงข้อมูลสำหรับ setting_id: 23, date: 2026-01-04 {"service":"websocket-server"}
2026-01-04 00:02:06.728 [INFO ] [DRUG] ดึง settings สำเร็จ - department_load: 38,39, style_voice: 2, voice: 3 {"service":"websocket-server"}
2026-01-04 00:02:06.751 [INFO ] [DRUG] ผลลัพธ์จาก DB - wait: 0, active: 0, call: ไม่มี, skip: 0 {"service":"websocket-server"}
2026-01-04 00:02:08.664 [INFO ] [DRUG] เริ่มดึงข้อมูลสำหรับ setting_id: 23, date: 2026-01-04 {"service":"websocket-server"}
2026-01-04 00:02:08.725 [INFO ] [DRUG] ดึง settings สำเร็จ - department_load: 38,39, style_voice: 2, voice: 3 {"service":"websocket-server"}
2026-01-04 00:02:08.748 [INFO ] [DRUG] ผลลัพธ์จาก DB - wait: 0, active: 0, call: ไม่มี, skip: 0 {"service":"websocket-server"}
2026-01-04 00:02:10.665 [INFO ] [DRUG] เริ่มดึงข้อมูลสำหรับ setting_id: 23, date: 2026-01-04 {"service":"websocket-server"}
2026-01-04 00:02:10.727 [INFO ] [DRUG] ดึง settings สำเร็จ - department_load: 38,39, style_voice: 2, voice: 3 {"service":"websocket-server"}
2026-01-04 00:02:10.750 [INFO ] [DRUG] ผลลัพธ์จาก DB - wait: 0, active: 0, call: ไม่มี, skip: 0 {"service":"websocket-server"}
2026-01-04 00:02:12.666 [INFO ] [DRUG] เริ่มดึงข้อมูลสำหรับ setting_id: 23, date: 2026-01-04 {"service":"websocket-server"}
2026-01-04 00:02:12.728 [INFO ] [DRUG] ดึง settings สำเร็จ - department_load: 38,39, style_voice: 2, voice: 3 {"service":"websocket-server"}
2026-01-04 00:02:12.751 [INFO ] [DRUG] ผลลัพธ์จาก DB - wait: 0, active: 0, call: ไม่มี, skip: 0 {"service":"websocket-server"}
2026-01-04 00:02:14.666 [INFO ] [DRUG] เริ่มดึงข้อมูลสำหรับ setting_id: 23, date: 2026-01-04 {"service":"websocket-server"}
2026-01-04 00:02:14.727 [INFO ] [DRUG] ดึง settings สำเร็จ - department_load: 38,39, style_voice: 2, voice: 3 {"service":"websocket-server"}
2026-01-04 00:02:14.749 [INFO ] [DRUG] ผลลัพธ์จาก DB - wait: 0, active: 0, call: ไม่มี, skip: 0 {"service":"websocket-server"}
2026-01-04 00:02:14.878 [INFO ] Client disconnected {"service":"websocket-server"}
2026-01-04 00:02:14.879 [INFO ] Client connected {"service":"websocket-server"}
2026-01-04 00:02:14.881 [INFO ] Client registered for setting_id: 23 {"service":"websocket-server"}
2026-01-04 00:02:14.881 [INFO ] Client registered for query_type: drug {"service":"websocket-server"}
2026-01-04 00:02:16.667 [INFO ] [DRUG] เริ่มดึงข้อมูลสำหรับ setting_id: 23, date: 2026-01-04 {"service":"websocket-server"}
2026-01-04 00:02:16.729 [INFO ] [DRUG] ดึง settings สำเร็จ - department_load: 38,39, style_voice: 2, voice: 3 {"service":"websocket-server"}
2026-01-04 00:02:16.752 [INFO ] [DRUG] ผลลัพธ์จาก DB - wait: 0, active: 0, call: ไม่มี, skip: 0 {"service":"websocket-server"}
2026-01-04 00:02:16.752 [INFO ] [DRUG] ✅ ส่งข้อมูลกลับไปยัง client สำเร็จ - wait: 0, active: 0, call: ไม่มี {"service":"websocket-server"}
2026-01-04 00:02:18.668 [INFO ] [DRUG] เริ่มดึงข้อมูลสำหรับ setting_id: 23, date: 2026-01-04 {"service":"websocket-server"}
2026-01-04 00:02:18.731 [INFO ] [DRUG] ดึง settings สำเร็จ - department_load: 38,39, style_voice: 2, voice: 3 {"service":"websocket-server"}
2026-01-04 00:02:18.753 [INFO ] [DRUG] ผลลัพธ์จาก DB - wait: 0, active: 0, call: ไม่มี, skip: 0 {"service":"websocket-server"}
2026-01-04 00:02:20.668 [INFO ] [DRUG] เริ่มดึงข้อมูลสำหรับ setting_id: 23, date: 2026-01-04 {"service":"websocket-server"}
2026-01-04 00:02:20.729 [INFO ] [DRUG] ดึง settings สำเร็จ - department_load: 38,39, style_voice: 2, voice: 3 {"service":"websocket-server"}
2026-01-04 00:02:20.754 [INFO ] [DRUG] ผลลัพธ์จาก DB - wait: 0, active: 0, call: ไม่มี, skip: 0 {"service":"websocket-server"}
2026-01-04 00:02:22.670 [INFO ] [DRUG] เริ่มดึงข้อมูลสำหรับ setting_id: 23, date: 2026-01-04 {"service":"websocket-server"}
2026-01-04 00:02:22.732 [INFO ] [DRUG] ดึง settings สำเร็จ - department_load: 38,39, style_voice: 2, voice: 3 {"service":"websocket-server"}
2026-01-04 00:02:22.754 [INFO ] [DRUG] ผลลัพธ์จาก DB - wait: 0, active: 0, call: ไม่มี, skip: 0 {"service":"websocket-server"}
2026-01-04 00:02:24.670 [INFO ] [DRUG] เริ่มดึงข้อมูลสำหรับ setting_id: 23, date: 2026-01-04 {"service":"websocket-server"}
2026-01-04 00:02:24.730 [INFO ] [DRUG] ดึง settings สำเร็จ - department_load: 38,39, style_voice: 2, voice: 3 {"service":"websocket-server"}
2026-01-04 00:02:24.752 [INFO ] [DRUG] ผลลัพธ์จาก DB - wait: 0, active: 0, call: ไม่มี, skip: 0 {"service":"websocket-server"}
2026-01-04 00:02:26.672 [INFO ] [DRUG] เริ่มดึงข้อมูลสำหรับ setting_id: 23, date: 2026-01-04 {"service":"websocket-server"}
2026-01-04 00:02:26.736 [INFO ] [DRUG] ดึง settings สำเร็จ - department_load: 38,39, style_voice: 2, voice: 3 {"service":"websocket-server"}
2026-01-04 00:02:26.758 [INFO ] [DRUG] ผลลัพธ์จาก DB - wait: 0, active: 0, call: ไม่มี, skip: 0 {"service":"websocket-server"}
2026-01-04 00:02:28.673 [INFO ] [DRUG] เริ่มดึงข้อมูลสำหรับ setting_id: 23, date: 2026-01-04 {"service":"websocket-server"}
2026-01-04 00:02:28.734 [INFO ] [DRUG] ดึง settings สำเร็จ - department_load: 38,39, style_voice: 2, voice: 3 {"service":"websocket-server"}
2026-01-04 00:02:28.758 [INFO ] [DRUG] ผลลัพธ์จาก DB - wait: 0, active: 0, call: ไม่มี, skip: 0 {"service":"websocket-server"}
2026-01-04 00:02:30.673 [INFO ] [DRUG] เริ่มดึงข้อมูลสำหรับ setting_id: 23, date: 2026-01-04 {"service":"websocket-server"}
2026-01-04 00:02:30.741 [INFO ] [DRUG] ดึง settings สำเร็จ - department_load: 38,39, style_voice: 2, voice: 3 {"service":"websocket-server"}
2026-01-04 00:02:30.764 [INFO ] [DRUG] ผลลัพธ์จาก DB - wait: 0, active: 0, call: ไม่มี, skip: 0 {"service":"websocket-server"}
2026-01-04 00:02:32.675 [INFO ] [DRUG] เริ่มดึงข้อมูลสำหรับ setting_id: 23, date: 2026-01-04 {"service":"websocket-server"}
2026-01-04 00:02:32.739 [INFO ] [DRUG] ดึง settings สำเร็จ - department_load: 38,39, style_voice: 2, voice: 3 {"service":"websocket-server"}
2026-01-04 00:02:32.760 [INFO ] [DRUG] ผลลัพธ์จาก DB - wait: 0, active: 0, call: ไม่มี, skip: 0 {"service":"websocket-server"}
2026-01-04 00:02:34.676 [INFO ] [DRUG] เริ่มดึงข้อมูลสำหรับ setting_id: 23, date: 2026-01-04 {"service":"websocket-server"}
2026-01-04 00:02:34.736 [INFO ] [DRUG] ดึง settings สำเร็จ - department_load: 38,39, style_voice: 2, voice: 3 {"service":"websocket-server"}
2026-01-04 00:02:34.759 [INFO ] [DRUG] ผลลัพธ์จาก DB - wait: 0, active: 0, call: ไม่มี, skip: 0 {"service":"websocket-server"}
2026-01-04 00:02:36.677 [INFO ] [DRUG] เริ่มดึงข้อมูลสำหรับ setting_id: 23, date: 2026-01-04 {"service":"websocket-server"}
2026-01-04 00:02:36.736 [INFO ] [DRUG] ดึง settings สำเร็จ - department_load: 38,39, style_voice: 2, voice: 3 {"service":"websocket-server"}
2026-01-04 00:02:36.758 [INFO ] [DRUG] ผลลัพธ์จาก DB - wait: 0, active: 0, call: ไม่มี, skip: 0 {"service":"websocket-server"}
2026-01-04 00:02:38.679 [INFO ] [DRUG] เริ่มดึงข้อมูลสำหรับ setting_id: 23, date: 2026-01-04 {"service":"websocket-server"}
2026-01-04 00:02:38.741 [INFO ] [DRUG] ดึง settings สำเร็จ - department_load: 38,39, style_voice: 2, voice: 3 {"service":"websocket-server"}
2026-01-04 00:02:38.765 [INFO ] [DRUG] ผลลัพธ์จาก DB - wait: 0, active: 0, call: ไม่มี, skip: 0 {"service":"websocket-server"}
2026-01-04 00:02:40.680 [INFO ] [DRUG] เริ่มดึงข้อมูลสำหรับ setting_id: 23, date: 2026-01-04 {"service":"websocket-server"}
2026-01-04 00:02:40.745 [INFO ] [DRUG] ดึง settings สำเร็จ - department_load: 38,39, style_voice: 2, voice: 3 {"service":"websocket-server"}
2026-01-04 00:02:40.769 [INFO ] [DRUG] ผลลัพธ์จาก DB - wait: 0, active: 0, call: ไม่มี, skip: 0 {"service":"websocket-server"}
2026-01-04 00:02:42.681 [INFO ] [DRUG] เริ่มดึงข้อมูลสำหรับ setting_id: 23, date: 2026-01-04 {"service":"websocket-server"}
2026-01-04 00:02:42.742 [INFO ] [DRUG] ดึง settings สำเร็จ - department_load: 38,39, style_voice: 2, voice: 3 {"service":"websocket-server"}
2026-01-04 00:02:42.765 [INFO ] [DRUG] ผลลัพธ์จาก DB - wait: 0, active: 0, call: ไม่มี, skip: 0 {"service":"websocket-server"}
2026-01-04 00:02:44.682 [INFO ] [DRUG] เริ่มดึงข้อมูลสำหรับ setting_id: 23, date: 2026-01-04 {"service":"websocket-server"}
2026-01-04 00:02:44.744 [INFO ] [DRUG] ดึง settings สำเร็จ - department_load: 38,39, style_voice: 2, voice: 3 {"service":"websocket-server"}
2026-01-04 00:02:44.768 [INFO ] [DRUG] ผลลัพธ์จาก DB - wait: 0, active: 0, call: ไม่มี, skip: 0 {"service":"websocket-server"}
2026-01-04 00:02:46.683 [INFO ] [DRUG] เริ่มดึงข้อมูลสำหรับ setting_id: 23, date: 2026-01-04 {"service":"websocket-server"}
2026-01-04 00:02:46.746 [INFO ] [DRUG] ดึง settings สำเร็จ - department_load: 38,39, style_voice: 2, voice: 3 {"service":"websocket-server"}
2026-01-04 00:02:46.768 [INFO ] [DRUG] ผลลัพธ์จาก DB - wait: 0, active: 0, call: ไม่มี, skip: 0 {"service":"websocket-server"}
2026-01-04 00:02:48.685 [INFO ] [DRUG] เริ่มดึงข้อมูลสำหรับ setting_id: 23, date: 2026-01-04 {"service":"websocket-server"}
2026-01-04 00:02:48.748 [INFO ] [DRUG] ดึง settings สำเร็จ - department_load: 38,39, style_voice: 2, voice: 3 {"service":"websocket-server"}
2026-01-04 00:02:48.772 [INFO ] [DRUG] ผลลัพธ์จาก DB - wait: 0, active: 0, call: ไม่มี, skip: 0 {"service":"websocket-server"}
2026-01-04 00:02:50.685 [INFO ] [DRUG] เริ่มดึงข้อมูลสำหรับ setting_id: 23, date: 2026-01-04 {"service":"websocket-server"}
2026-01-04 00:02:50.749 [INFO ] [DRUG] ดึง settings สำเร็จ - department_load: 38,39, style_voice: 2, voice: 3 {"service":"websocket-server"}
2026-01-04 00:02:50.772 [INFO ] [DRUG] ผลลัพธ์จาก DB - wait: 0, active: 0, call: ไม่มี, skip: 0 {"service":"websocket-server"}
2026-01-04 00:02:52.686 [INFO ] [DRUG] เริ่มดึงข้อมูลสำหรับ setting_id: 23, date: 2026-01-04 {"service":"websocket-server"}
2026-01-04 00:02:52.746 [INFO ] [DRUG] ดึง settings สำเร็จ - department_load: 38,39, style_voice: 2, voice: 3 {"service":"websocket-server"}
2026-01-04 00:02:52.770 [INFO ] [DRUG] ผลลัพธ์จาก DB - wait: 0, active: 0, call: ไม่มี, skip: 0 {"service":"websocket-server"}
2026-01-04 00:02:54.686 [INFO ] [DRUG] เริ่มดึงข้อมูลสำหรับ setting_id: 23, date: 2026-01-04 {"service":"websocket-server"}
2026-01-04 00:02:54.752 [INFO ] [DRUG] ดึง settings สำเร็จ - department_load: 38,39, style_voice: 2, voice: 3 {"service":"websocket-server"}
2026-01-04 00:02:54.774 [INFO ] [DRUG] ผลลัพธ์จาก DB - wait: 0, active: 0, call: ไม่มี, skip: 0 {"service":"websocket-server"}
2026-01-04 00:02:56.687 [INFO ] [DRUG] เริ่มดึงข้อมูลสำหรับ setting_id: 23, date: 2026-01-04 {"service":"websocket-server"}
2026-01-04 00:02:56.750 [INFO ] [DRUG] ดึง settings สำเร็จ - department_load: 38,39, style_voice: 2, voice: 3 {"service":"websocket-server"}
2026-01-04 00:02:56.777 [INFO ] [DRUG] ผลลัพธ์จาก DB - wait: 0, active: 0, call: ไม่มี, skip: 0 {"service":"websocket-server"}
2026-01-04 00:02:58.688 [INFO ] [DRUG] เริ่มดึงข้อมูลสำหรับ setting_id: 23, date: 2026-01-04 {"service":"websocket-server"}
2026-01-04 00:02:58.749 [INFO ] [DRUG] ดึง settings สำเร็จ - department_load: 38,39, style_voice: 2, voice: 3 {"service":"websocket-server"}
2026-01-04 00:02:58.772 [INFO ] [DRUG] ผลลัพธ์จาก DB - wait: 0, active: 0, call: ไม่มี, skip: 0 {"service":"websocket-server"}
2026-01-04 00:03:00.689 [INFO ] [DRUG] เริ่มดึงข้อมูลสำหรับ setting_id: 23, date: 2026-01-04 {"service":"websocket-server"}
2026-01-04 00:03:00.752 [INFO ] [DRUG] ดึง settings สำเร็จ - department_load: 38,39, style_voice: 2, voice: 3 {"service":"websocket-server"}
2026-01-04 00:03:00.773 [INFO ] [DRUG] ผลลัพธ์จาก DB - wait: 0, active: 0, call: ไม่มี, skip: 0 {"service":"websocket-server"}
2026-01-04 00:03:02.689 [INFO ] [DRUG] เริ่มดึงข้อมูลสำหรับ setting_id: 23, date: 2026-01-04 {"service":"websocket-server"}
2026-01-04 00:03:02.755 [INFO ] [DRUG] ดึง settings สำเร็จ - department_load: 38,39, style_voice: 2, voice: 3 {"service":"websocket-server"}
2026-01-04 00:03:02.776 [INFO ] [DRUG] ผลลัพธ์จาก DB - wait: 0, active: 0, call: ไม่มี, skip: 0 {"service":"websocket-server"}
2026-01-04 00:03:04.690 [INFO ] [DRUG] เริ่มดึงข้อมูลสำหรับ setting_id: 23, date: 2026-01-04 {"service":"websocket-server"}
2026-01-04 00:03:04.758 [INFO ] [DRUG] ดึง settings สำเร็จ - department_load: 38,39, style_voice: 2, voice: 3 {"service":"websocket-server"}
2026-01-04 00:03:04.788 [INFO ] [DRUG] ผลลัพธ์จาก DB - wait: 0, active: 0, call: ไม่มี, skip: 0 {"service":"websocket-server"}
2026-01-04 00:03:06.691 [INFO ] [DRUG] เริ่มดึงข้อมูลสำหรับ setting_id: 23, date: 2026-01-04 {"service":"websocket-server"}
2026-01-04 00:03:06.756 [INFO ] [DRUG] ดึง settings สำเร็จ - department_load: 38,39, style_voice: 2, voice: 3 {"service":"websocket-server"}
2026-01-04 00:03:06.781 [INFO ] [DRUG] ผลลัพธ์จาก DB - wait: 0, active: 0, call: ไม่มี, skip: 0 {"service":"websocket-server"}
2026-01-04 00:03:08.692 [INFO ] [DRUG] เริ่มดึงข้อมูลสำหรับ setting_id: 23, date: 2026-01-04 {"service":"websocket-server"}
2026-01-04 00:03:08.755 [INFO ] [DRUG] ดึง settings สำเร็จ - department_load: 38,39, style_voice: 2, voice: 3 {"service":"websocket-server"}
2026-01-04 00:03:08.778 [INFO ] [DRUG] ผลลัพธ์จาก DB - wait: 0, active: 0, call: ไม่มี, skip: 0 {"service":"websocket-server"}
2026-01-04 00:03:10.693 [INFO ] [DRUG] เริ่มดึงข้อมูลสำหรับ setting_id: 23, date: 2026-01-04 {"service":"websocket-server"}
2026-01-04 00:03:10.760 [INFO ] [DRUG] ดึง settings สำเร็จ - department_load: 38,39, style_voice: 2, voice: 3 {"service":"websocket-server"}
2026-01-04 00:03:10.783 [INFO ] [DRUG] ผลลัพธ์จาก DB - wait: 0, active: 0, call: ไม่มี, skip: 0 {"service":"websocket-server"}
2026-01-04 00:03:12.694 [INFO ] [DRUG] เริ่มดึงข้อมูลสำหรับ setting_id: 23, date: 2026-01-04 {"service":"websocket-server"}
2026-01-04 00:03:12.759 [INFO ] [DRUG] ดึง settings สำเร็จ - department_load: 38,39, style_voice: 2, voice: 3 {"service":"websocket-server"}
2026-01-04 00:03:12.782 [INFO ] [DRUG] ผลลัพธ์จาก DB - wait: 0, active: 0, call: ไม่มี, skip: 0 {"service":"websocket-server"}
2026-01-04 00:03:14.695 [INFO ] [DRUG] เริ่มดึงข้อมูลสำหรับ setting_id: 23, date: 2026-01-04 {"service":"websocket-server"}
2026-01-04 00:03:14.759 [INFO ] [DRUG] ดึง settings สำเร็จ - department_load: 38,39, style_voice: 2, voice: 3 {"service":"websocket-server"}
2026-01-04 00:03:14.782 [INFO ] [DRUG] ผลลัพธ์จาก DB - wait: 0, active: 0, call: ไม่มี, skip: 0 {"service":"websocket-server"}
2026-01-04 00:03:16.696 [INFO ] [DRUG] เริ่มดึงข้อมูลสำหรับ setting_id: 23, date: 2026-01-04 {"service":"websocket-server"}
2026-01-04 00:03:16.757 [INFO ] [DRUG] ดึง settings สำเร็จ - department_load: 38,39, style_voice: 2, voice: 3 {"service":"websocket-server"}
2026-01-04 00:03:16.780 [INFO ] [DRUG] ผลลัพธ์จาก DB - wait: 0, active: 0, call: ไม่มี, skip: 0 {"service":"websocket-server"}
2026-01-04 00:03:18.697 [INFO ] [DRUG] เริ่มดึงข้อมูลสำหรับ setting_id: 23, date: 2026-01-04 {"service":"websocket-server"}
2026-01-04 00:03:18.761 [INFO ] [DRUG] ดึง settings สำเร็จ - department_load: 38,39, style_voice: 2, voice: 3 {"service":"websocket-server"}
2026-01-04 00:03:18.784 [INFO ] [DRUG] ผลลัพธ์จาก DB - wait: 0, active: 0, call: ไม่มี, skip: 0 {"service":"websocket-server"}
2026-01-04 00:03:20.698 [INFO ] [DRUG] เริ่มดึงข้อมูลสำหรับ setting_id: 23, date: 2026-01-04 {"service":"websocket-server"}
2026-01-04 00:03:20.762 [INFO ] [DRUG] ดึง settings สำเร็จ - department_load: 38,39, style_voice: 2, voice: 3 {"service":"websocket-server"}
2026-01-04 00:03:20.786 [INFO ] [DRUG] ผลลัพธ์จาก DB - wait: 0, active: 0, call: ไม่มี, skip: 0 {"service":"websocket-server"}
2026-01-04 00:03:22.699 [INFO ] [DRUG] เริ่มดึงข้อมูลสำหรับ setting_id: 23, date: 2026-01-04 {"service":"websocket-server"}
2026-01-04 00:03:22.762 [INFO ] [DRUG] ดึง settings สำเร็จ - department_load: 38,39, style_voice: 2, voice: 3 {"service":"websocket-server"}
2026-01-04 00:03:22.783 [INFO ] [DRUG] ผลลัพธ์จาก DB - wait: 0, active: 0, call: ไม่มี, skip: 0 {"service":"websocket-server"}
2026-01-04 00:03:24.700 [INFO ] [DRUG] เริ่มดึงข้อมูลสำหรับ setting_id: 23, date: 2026-01-04 {"service":"websocket-server"}
2026-01-04 00:03:24.763 [INFO ] [DRUG] ดึง settings สำเร็จ - department_load: 38,39, style_voice: 2, voice: 3 {"service":"websocket-server"}
2026-01-04 00:03:24.785 [INFO ] [DRUG] ผลลัพธ์จาก DB - wait: 0, active: 0, call: ไม่มี, skip: 0 {"service":"websocket-server"}
2026-01-04 00:03:26.701 [INFO ] [DRUG] เริ่มดึงข้อมูลสำหรับ setting_id: 23, date: 2026-01-04 {"service":"websocket-server"}
2026-01-04 00:03:26.764 [INFO ] [DRUG] ดึง settings สำเร็จ - department_load: 38,39, style_voice: 2, voice: 3 {"service":"websocket-server"}
2026-01-04 00:03:26.787 [INFO ] [DRUG] ผลลัพธ์จาก DB - wait: 0, active: 0, call: ไม่มี, skip: 0 {"service":"websocket-server"}
2026-01-04 00:03:28.702 [INFO ] [DRUG] เริ่มดึงข้อมูลสำหรับ setting_id: 23, date: 2026-01-04 {"service":"websocket-server"}
2026-01-04 00:03:28.765 [INFO ] [DRUG] ดึง settings สำเร็จ - department_load: 38,39, style_voice: 2, voice: 3 {"service":"websocket-server"}
2026-01-04 00:03:28.788 [INFO ] [DRUG] ผลลัพธ์จาก DB - wait: 0, active: 0, call: ไม่มี, skip: 0 {"service":"websocket-server"}
2026-01-04 00:03:30.703 [INFO ] [DRUG] เริ่มดึงข้อมูลสำหรับ setting_id: 23, date: 2026-01-04 {"service":"websocket-server"}
2026-01-04 00:03:30.769 [INFO ] [DRUG] ดึง settings สำเร็จ - department_load: 38,39, style_voice: 2, voice: 3 {"service":"websocket-server"}
2026-01-04 00:03:30.792 [INFO ] [DRUG] ผลลัพธ์จาก DB - wait: 0, active: 0, call: ไม่มี, skip: 0 {"service":"websocket-server"}
2026-01-04 00:03:32.704 [INFO ] [DRUG] เริ่มดึงข้อมูลสำหรับ setting_id: 23, date: 2026-01-04 {"service":"websocket-server"}
2026-01-04 00:03:32.770 [INFO ] [DRUG] ดึง settings สำเร็จ - department_load: 38,39, style_voice: 2, voice: 3 {"service":"websocket-server"}
2026-01-04 00:03:32.792 [INFO ] [DRUG] ผลลัพธ์จาก DB - wait: 0, active: 0, call: ไม่มี, skip: 0 {"service":"websocket-server"}
2026-01-04 00:03:34.705 [INFO ] [DRUG] เริ่มดึงข้อมูลสำหรับ setting_id: 23, date: 2026-01-04 {"service":"websocket-server"}
2026-01-04 00:03:34.768 [INFO ] [DRUG] ดึง settings สำเร็จ - department_load: 38,39, style_voice: 2, voice: 3 {"service":"websocket-server"}
2026-01-04 00:03:34.791 [INFO ] [DRUG] ผลลัพธ์จาก DB - wait: 0, active: 0, call: ไม่มี, skip: 0 {"service":"websocket-server"}
2026-01-04 00:03:36.706 [INFO ] [DRUG] เริ่มดึงข้อมูลสำหรับ setting_id: 23, date: 2026-01-04 {"service":"websocket-server"}
2026-01-04 00:03:36.769 [INFO ] [DRUG] ดึง settings สำเร็จ - department_load: 38,39, style_voice: 2, voice: 3 {"service":"websocket-server"}
2026-01-04 00:03:36.792 [INFO ] [DRUG] ผลลัพธ์จาก DB - wait: 0, active: 0, call: ไม่มี, skip: 0 {"service":"websocket-server"}
2026-01-04 00:03:38.706 [INFO ] [DRUG] เริ่มดึงข้อมูลสำหรับ setting_id: 23, date: 2026-01-04 {"service":"websocket-server"}
2026-01-04 00:03:38.773 [INFO ] [DRUG] ดึง settings สำเร็จ - department_load: 38,39, style_voice: 2, voice: 3 {"service":"websocket-server"}
2026-01-04 00:03:38.797 [INFO ] [DRUG] ผลลัพธ์จาก DB - wait: 0, active: 0, call: ไม่มี, skip: 0 {"service":"websocket-server"}
2026-01-04 00:03:40.710 [INFO ] [DRUG] เริ่มดึงข้อมูลสำหรับ setting_id: 23, date: 2026-01-04 {"service":"websocket-server"}
2026-01-04 00:03:40.777 [INFO ] [DRUG] ดึง settings สำเร็จ - department_load: 38,39, style_voice: 2, voice: 3 {"service":"websocket-server"}
2026-01-04 00:03:40.801 [INFO ] [DRUG] ผลลัพธ์จาก DB - wait: 0, active: 0, call: ไม่มี, skip: 0 {"service":"websocket-server"}
2026-01-04 00:03:42.709 [INFO ] [DRUG] เริ่มดึงข้อมูลสำหรับ setting_id: 23, date: 2026-01-04 {"service":"websocket-server"}
2026-01-04 00:03:42.772 [INFO ] [DRUG] ดึง settings สำเร็จ - department_load: 38,39, style_voice: 2, voice: 3 {"service":"websocket-server"}
2026-01-04 00:03:42.793 [INFO ] [DRUG] ผลลัพธ์จาก DB - wait: 0, active: 0, call: ไม่มี, skip: 0 {"service":"websocket-server"}
2026-01-04 00:03:44.710 [INFO ] [DRUG] เริ่มดึงข้อมูลสำหรับ setting_id: 23, date: 2026-01-04 {"service":"websocket-server"}
2026-01-04 00:03:44.776 [INFO ] [DRUG] ดึง settings สำเร็จ - department_load: 38,39, style_voice: 2, voice: 3 {"service":"websocket-server"}
2026-01-04 00:03:44.800 [INFO ] [DRUG] ผลลัพธ์จาก DB - wait: 0, active: 0, call: ไม่มี, skip: 0 {"service":"websocket-server"}
2026-01-04 00:03:46.709 [INFO ] [DRUG] เริ่มดึงข้อมูลสำหรับ setting_id: 23, date: 2026-01-04 {"service":"websocket-server"}
2026-01-04 00:03:46.779 [INFO ] [DRUG] ดึง settings สำเร็จ - department_load: 38,39, style_voice: 2, voice: 3 {"service":"websocket-server"}
2026-01-04 00:03:46.801 [INFO ] [DRUG] ผลลัพธ์จาก DB - wait: 0, active: 0, call: ไม่มี, skip: 0 {"service":"websocket-server"}
2026-01-04 00:03:48.710 [INFO ] [DRUG] เริ่มดึงข้อมูลสำหรับ setting_id: 23, date: 2026-01-04 {"service":"websocket-server"}
2026-01-04 00:03:48.776 [INFO ] [DRUG] ดึง settings สำเร็จ - department_load: 38,39, style_voice: 2, voice: 3 {"service":"websocket-server"}
2026-01-04 00:03:48.802 [INFO ] [DRUG] ผลลัพธ์จาก DB - wait: 0, active: 0, call: ไม่มี, skip: 0 {"service":"websocket-server"}
2026-01-04 00:03:50.711 [INFO ] [DRUG] เริ่มดึงข้อมูลสำหรับ setting_id: 23, date: 2026-01-04 {"service":"websocket-server"}
2026-01-04 00:03:50.775 [INFO ] [DRUG] ดึง settings สำเร็จ - department_load: 38,39, style_voice: 2, voice: 3 {"service":"websocket-server"}
2026-01-04 00:03:50.799 [INFO ] [DRUG] ผลลัพธ์จาก DB - wait: 0, active: 0, call: ไม่มี, skip: 0 {"service":"websocket-server"}
2026-01-04 00:03:52.711 [INFO ] [DRUG] เริ่มดึงข้อมูลสำหรับ setting_id: 23, date: 2026-01-04 {"service":"websocket-server"}
2026-01-04 00:03:52.775 [INFO ] [DRUG] ดึง settings สำเร็จ - department_load: 38,39, style_voice: 2, voice: 3 {"service":"websocket-server"}
2026-01-04 00:03:52.797 [INFO ] [DRUG] ผลลัพธ์จาก DB - wait: 0, active: 0, call: ไม่มี, skip: 0 {"service":"websocket-server"}
2026-01-04 00:03:54.712 [INFO ] [DRUG] เริ่มดึงข้อมูลสำหรับ setting_id: 23, date: 2026-01-04 {"service":"websocket-server"}
2026-01-04 00:03:54.774 [INFO ] [DRUG] ดึง settings สำเร็จ - department_load: 38,39, style_voice: 2, voice: 3 {"service":"websocket-server"}
2026-01-04 00:03:54.797 [INFO ] [DRUG] ผลลัพธ์จาก DB - wait: 0, active: 0, call: ไม่มี, skip: 0 {"service":"websocket-server"}
2026-01-04 00:03:56.713 [INFO ] [DRUG] เริ่มดึงข้อมูลสำหรับ setting_id: 23, date: 2026-01-04 {"service":"websocket-server"}
2026-01-04 00:03:56.777 [INFO ] [DRUG] ดึง settings สำเร็จ - department_load: 38,39, style_voice: 2, voice: 3 {"service":"websocket-server"}
2026-01-04 00:03:56.803 [INFO ] [DRUG] ผลลัพธ์จาก DB - wait: 0, active: 0, call: ไม่มี, skip: 0 {"service":"websocket-server"}
2026-01-04 00:03:58.714 [INFO ] [DRUG] เริ่มดึงข้อมูลสำหรับ setting_id: 23, date: 2026-01-04 {"service":"websocket-server"}
2026-01-04 00:03:58.775 [INFO ] [DRUG] ดึง settings สำเร็จ - department_load: 38,39, style_voice: 2, voice: 3 {"service":"websocket-server"}
2026-01-04 00:03:58.798 [INFO ] [DRUG] ผลลัพธ์จาก DB - wait: 0, active: 0, call: ไม่มี, skip: 0 {"service":"websocket-server"}
2026-01-04 00:04:00.715 [INFO ] [DRUG] เริ่มดึงข้อมูลสำหรับ setting_id: 23, date: 2026-01-04 {"service":"websocket-server"}
2026-01-04 00:04:00.780 [INFO ] [DRUG] ดึง settings สำเร็จ - department_load: 38,39, style_voice: 2, voice: 3 {"service":"websocket-server"}
2026-01-04 00:04:00.803 [INFO ] [DRUG] ผลลัพธ์จาก DB - wait: 0, active: 0, call: ไม่มี, skip: 0 {"service":"websocket-server"}
2026-01-04 00:04:02.715 [INFO ] [DRUG] เริ่มดึงข้อมูลสำหรับ setting_id: 23, date: 2026-01-04 {"service":"websocket-server"}
2026-01-04 00:04:02.776 [INFO ] [DRUG] ดึง settings สำเร็จ - department_load: 38,39, style_voice: 2, voice: 3 {"service":"websocket-server"}
2026-01-04 00:04:02.798 [INFO ] [DRUG] ผลลัพธ์จาก DB - wait: 0, active: 0, call: ไม่มี, skip: 0 {"service":"websocket-server"}
2026-01-04 00:04:04.716 [INFO ] [DRUG] เริ่มดึงข้อมูลสำหรับ setting_id: 23, date: 2026-01-04 {"service":"websocket-server"}
2026-01-04 00:04:04.780 [INFO ] [DRUG] ดึง settings สำเร็จ - department_load: 38,39, style_voice: 2, voice: 3 {"service":"websocket-server"}
2026-01-04 00:04:04.802 [INFO ] [DRUG] ผลลัพธ์จาก DB - wait: 0, active: 0, call: ไม่มี, skip: 0 {"service":"websocket-server"}
2026-01-04 00:04:06.717 [INFO ] [DRUG] เริ่มดึงข้อมูลสำหรับ setting_id: 23, date: 2026-01-04 {"service":"websocket-server"}
2026-01-04 00:04:06.780 [INFO ] [DRUG] ดึง settings สำเร็จ - department_load: 38,39, style_voice: 2, voice: 3 {"service":"websocket-server"}
2026-01-04 00:04:06.802 [INFO ] [DRUG] ผลลัพธ์จาก DB - wait: 0, active: 0, call: ไม่มี, skip: 0 {"service":"websocket-server"}
2026-01-04 00:04:08.718 [INFO ] [DRUG] เริ่มดึงข้อมูลสำหรับ setting_id: 23, date: 2026-01-04 {"service":"websocket-server"}
2026-01-04 00:04:08.785 [INFO ] [DRUG] ดึง settings สำเร็จ - department_load: 38,39, style_voice: 2, voice: 3 {"service":"websocket-server"}
2026-01-04 00:04:08.809 [INFO ] [DRUG] ผลลัพธ์จาก DB - wait: 0, active: 0, call: ไม่มี, skip: 0 {"service":"websocket-server"}
2026-01-04 00:04:10.718 [INFO ] [DRUG] เริ่มดึงข้อมูลสำหรับ setting_id: 23, date: 2026-01-04 {"service":"websocket-server"}
2026-01-04 00:04:10.777 [INFO ] [DRUG] ดึง settings สำเร็จ - department_load: 38,39, style_voice: 2, voice: 3 {"service":"websocket-server"}
2026-01-04 00:04:10.798 [INFO ] [DRUG] ผลลัพธ์จาก DB - wait: 0, active: 0, call: ไม่มี, skip: 0 {"service":"websocket-server"}
2026-01-04 00:04:12.720 [INFO ] [DRUG] เริ่มดึงข้อมูลสำหรับ setting_id: 23, date: 2026-01-04 {"service":"websocket-server"}
2026-01-04 00:04:12.784 [INFO ] [DRUG] ดึง settings สำเร็จ - department_load: 38,39, style_voice: 2, voice: 3 {"service":"websocket-server"}
2026-01-04 00:04:12.805 [INFO ] [DRUG] ผลลัพธ์จาก DB - wait: 0, active: 0, call: ไม่มี, skip: 0 {"service":"websocket-server"}
2026-01-04 00:04:14.721 [INFO ] [DRUG] เริ่มดึงข้อมูลสำหรับ setting_id: 23, date: 2026-01-04 {"service":"websocket-server"}
2026-01-04 00:04:14.785 [INFO ] [DRUG] ดึง settings สำเร็จ - department_load: 38,39, style_voice: 2, voice: 3 {"service":"websocket-server"}
2026-01-04 00:04:14.808 [INFO ] [DRUG] ผลลัพธ์จาก DB - wait: 0, active: 0, call: ไม่มี, skip: 0 {"service":"websocket-server"}
2026-01-04 00:04:16.722 [INFO ] [DRUG] เริ่มดึงข้อมูลสำหรับ setting_id: 23, date: 2026-01-04 {"service":"websocket-server"}
2026-01-04 00:04:16.785 [INFO ] [DRUG] ดึง settings สำเร็จ - department_load: 38,39, style_voice: 2, voice: 3 {"service":"websocket-server"}
2026-01-04 00:04:16.808 [INFO ] [DRUG] ผลลัพธ์จาก DB - wait: 0, active: 0, call: ไม่มี, skip: 0 {"service":"websocket-server"}
2026-01-04 00:04:18.723 [INFO ] [DRUG] เริ่มดึงข้อมูลสำหรับ setting_id: 23, date: 2026-01-04 {"service":"websocket-server"}
2026-01-04 00:04:18.787 [INFO ] [DRUG] ดึง settings สำเร็จ - department_load: 38,39, style_voice: 2, voice: 3 {"service":"websocket-server"}
2026-01-04 00:04:18.810 [INFO ] [DRUG] ผลลัพธ์จาก DB - wait: 0, active: 0, call: ไม่มี, skip: 0 {"service":"websocket-server"}
2026-01-04 00:04:20.724 [INFO ] [DRUG] เริ่มดึงข้อมูลสำหรับ setting_id: 23, date: 2026-01-04 {"service":"websocket-server"}
2026-01-04 00:04:20.789 [INFO ] [DRUG] ดึง settings สำเร็จ - department_load: 38,39, style_voice: 2, voice: 3 {"service":"websocket-server"}
2026-01-04 00:04:20.812 [INFO ] [DRUG] ผลลัพธ์จาก DB - wait: 0, active: 0, call: ไม่มี, skip: 0 {"service":"websocket-server"}
2026-01-04 00:04:22.725 [INFO ] [DRUG] เริ่มดึงข้อมูลสำหรับ setting_id: 23, date: 2026-01-04 {"service":"websocket-server"}
2026-01-04 00:04:22.787 [INFO ] [DRUG] ดึง settings สำเร็จ - department_load: 38,39, style_voice: 2, voice: 3 {"service":"websocket-server"}
2026-01-04 00:04:22.809 [INFO ] [DRUG] ผลลัพธ์จาก DB - wait: 0, active: 0, call: ไม่มี, skip: 0 {"service":"websocket-server"}
2026-01-04 00:04:24.725 [INFO ] [DRUG] เริ่มดึงข้อมูลสำหรับ setting_id: 23, date: 2026-01-04 {"service":"websocket-server"}
2026-01-04 00:04:24.791 [INFO ] [DRUG] ดึง settings สำเร็จ - department_load: 38,39, style_voice: 2, voice: 3 {"service":"websocket-server"}
2026-01-04 00:04:24.815 [INFO ] [DRUG] ผลลัพธ์จาก DB - wait: 0, active: 0, call: ไม่มี, skip: 0 {"service":"websocket-server"}
2026-01-04 00:04:26.726 [INFO ] [DRUG] เริ่มดึงข้อมูลสำหรับ setting_id: 23, date: 2026-01-04 {"service":"websocket-server"}
2026-01-04 00:04:26.793 [INFO ] [DRUG] ดึง settings สำเร็จ - department_load: 38,39, style_voice: 2, voice: 3 {"service":"websocket-server"}
2026-01-04 00:04:26.816 [INFO ] [DRUG] ผลลัพธ์จาก DB - wait: 0, active: 0, call: ไม่มี, skip: 0 {"service":"websocket-server"}
2026-01-04 00:04:28.727 [INFO ] [DRUG] เริ่มดึงข้อมูลสำหรับ setting_id: 23, date: 2026-01-04 {"service":"websocket-server"}
2026-01-04 00:04:28.789 [INFO ] [DRUG] ดึง settings สำเร็จ - department_load: 38,39, style_voice: 2, voice: 3 {"service":"websocket-server"}
2026-01-04 00:04:28.812 [INFO ] [DRUG] ผลลัพธ์จาก DB - wait: 0, active: 0, call: ไม่มี, skip: 0 {"service":"websocket-server"}
2026-01-04 00:04:30.728 [INFO ] [DRUG] เริ่มดึงข้อมูลสำหรับ setting_id: 23, date: 2026-01-04 {"service":"websocket-server"}
2026-01-04 00:04:30.790 [INFO ] [DRUG] ดึง settings สำเร็จ - department_load: 38,39, style_voice: 2, voice: 3 {"service":"websocket-server"}
2026-01-04 00:04:30.813 [INFO ] [DRUG] ผลลัพธ์จาก DB - wait: 0, active: 0, call: ไม่มี, skip: 0 {"service":"websocket-server"}
2026-01-04 00:04:32.730 [INFO ] [DRUG] เริ่มดึงข้อมูลสำหรับ setting_id: 23, date: 2026-01-04 {"service":"websocket-server"}
2026-01-04 00:04:32.793 [INFO ] [DRUG] ดึง settings สำเร็จ - department_load: 38,39, style_voice: 2, voice: 3 {"service":"websocket-server"}
2026-01-04 00:04:32.817 [INFO ] [DRUG] ผลลัพธ์จาก DB - wait: 0, active: 0, call: ไม่มี, skip: 0 {"service":"websocket-server"}
2026-01-04 00:04:34.732 [INFO ] [DRUG] เริ่มดึงข้อมูลสำหรับ setting_id: 23, date: 2026-01-04 {"service":"websocket-server"}
2026-01-04 00:04:34.795 [INFO ] [DRUG] ดึง settings สำเร็จ - department_load: 38,39, style_voice: 2, voice: 3 {"service":"websocket-server"}
2026-01-04 00:04:34.818 [INFO ] [DRUG] ผลลัพธ์จาก DB - wait: 0, active: 0, call: ไม่มี, skip: 0 {"service":"websocket-server"}
2026-01-04 00:04:36.733 [INFO ] [DRUG] เริ่มดึงข้อมูลสำหรับ setting_id: 23, date: 2026-01-04 {"service":"websocket-server"}
2026-01-04 00:04:36.793 [INFO ] [DRUG] ดึง settings สำเร็จ - department_load: 38,39, style_voice: 2, voice: 3 {"service":"websocket-server"}
2026-01-04 00:04:36.814 [INFO ] [DRUG] ผลลัพธ์จาก DB - wait: 0, active: 0, call: ไม่มี, skip: 0 {"service":"websocket-server"}
2026-01-04 00:04:38.733 [INFO ] [DRUG] เริ่มดึงข้อมูลสำหรับ setting_id: 23, date: 2026-01-04 {"service":"websocket-server"}
2026-01-04 00:04:38.796 [INFO ] [DRUG] ดึง settings สำเร็จ - department_load: 38,39, style_voice: 2, voice: 3 {"service":"websocket-server"}
2026-01-04 00:04:38.820 [INFO ] [DRUG] ผลลัพธ์จาก DB - wait: 0, active: 0, call: ไม่มี, skip: 0 {"service":"websocket-server"}
2026-01-04 00:04:40.734 [INFO ] [DRUG] เริ่มดึงข้อมูลสำหรับ setting_id: 23, date: 2026-01-04 {"service":"websocket-server"}
2026-01-04 00:04:40.798 [INFO ] [DRUG] ดึง settings สำเร็จ - department_load: 38,39, style_voice: 2, voice: 3 {"service":"websocket-server"}
2026-01-04 00:04:40.821 [INFO ] [DRUG] ผลลัพธ์จาก DB - wait: 0, active: 0, call: ไม่มี, skip: 0 {"service":"websocket-server"}
2026-01-04 00:04:42.735 [INFO ] [DRUG] เริ่มดึงข้อมูลสำหรับ setting_id: 23, date: 2026-01-04 {"service":"websocket-server"}
2026-01-04 00:04:42.799 [INFO ] [DRUG] ดึง settings สำเร็จ - department_load: 38,39, style_voice: 2, voice: 3 {"service":"websocket-server"}
2026-01-04 00:04:42.823 [INFO ] [DRUG] ผลลัพธ์จาก DB - wait: 0, active: 0, call: ไม่มี, skip: 0 {"service":"websocket-server"}
2026-01-04 00:04:44.735 [INFO ] [DRUG] เริ่มดึงข้อมูลสำหรับ setting_id: 23, date: 2026-01-04 {"service":"websocket-server"}
2026-01-04 00:04:44.795 [INFO ] [DRUG] ดึง settings สำเร็จ - department_load: 38,39, style_voice: 2, voice: 3 {"service":"websocket-server"}
2026-01-04 00:04:44.817 [INFO ] [DRUG] ผลลัพธ์จาก DB - wait: 0, active: 0, call: ไม่มี, skip: 0 {"service":"websocket-server"}
2026-01-04 00:04:46.736 [INFO ] [DRUG] เริ่มดึงข้อมูลสำหรับ setting_id: 23, date: 2026-01-04 {"service":"websocket-server"}
2026-01-04 00:04:46.800 [INFO ] [DRUG] ดึง settings สำเร็จ - department_load: 38,39, style_voice: 2, voice: 3 {"service":"websocket-server"}
2026-01-04 00:04:46.823 [INFO ] [DRUG] ผลลัพธ์จาก DB - wait: 0, active: 0, call: ไม่มี, skip: 0 {"service":"websocket-server"}
2026-01-04 00:04:48.737 [INFO ] [DRUG] เริ่มดึงข้อมูลสำหรับ setting_id: 23, date: 2026-01-04 {"service":"websocket-server"}
2026-01-04 00:04:48.798 [INFO ] [DRUG] ดึง settings สำเร็จ - department_load: 38,39, style_voice: 2, voice: 3 {"service":"websocket-server"}
2026-01-04 00:04:48.822 [INFO ] [DRUG] ผลลัพธ์จาก DB - wait: 0, active: 0, call: ไม่มี, skip: 0 {"service":"websocket-server"}
2026-01-04 00:04:50.738 [INFO ] [DRUG] เริ่มดึงข้อมูลสำหรับ setting_id: 23, date: 2026-01-04 {"service":"websocket-server"}
2026-01-04 00:04:50.800 [INFO ] [DRUG] ดึง settings สำเร็จ - department_load: 38,39, style_voice: 2, voice: 3 {"service":"websocket-server"}
2026-01-04 00:04:50.823 [INFO ] [DRUG] ผลลัพธ์จาก DB - wait: 0, active: 0, call: ไม่มี, skip: 0 {"service":"websocket-server"}
2026-01-04 00:04:52.739 [INFO ] [DRUG] เริ่มดึงข้อมูลสำหรับ setting_id: 23, date: 2026-01-04 {"service":"websocket-server"}
2026-01-04 00:04:52.802 [INFO ] [DRUG] ดึง settings สำเร็จ - department_load: 38,39, style_voice: 2, voice: 3 {"service":"websocket-server"}
2026-01-04 00:04:52.825 [INFO ] [DRUG] ผลลัพธ์จาก DB - wait: 0, active: 0, call: ไม่มี, skip: 0 {"service":"websocket-server"}
2026-01-04 00:04:54.741 [INFO ] [DRUG] เริ่มดึงข้อมูลสำหรับ setting_id: 23, date: 2026-01-04 {"service":"websocket-server"}
2026-01-04 00:04:54.805 [INFO ] [DRUG] ดึง settings สำเร็จ - department_load: 38,39, style_voice: 2, voice: 3 {"service":"websocket-server"}
2026-01-04 00:04:54.829 [INFO ] [DRUG] ผลลัพธ์จาก DB - wait: 0, active: 0, call: ไม่มี, skip: 0 {"service":"websocket-server"}
2026-01-04 00:04:56.741 [INFO ] [DRUG] เริ่มดึงข้อมูลสำหรับ setting_id: 23, date: 2026-01-04 {"service":"websocket-server"}
2026-01-04 00:04:56.803 [INFO ] [DRUG] ดึง settings สำเร็จ - department_load: 38,39, style_voice: 2, voice: 3 {"service":"websocket-server"}
2026-01-04 00:04:56.826 [INFO ] [DRUG] ผลลัพธ์จาก DB - wait: 0, active: 0, call: ไม่มี, skip: 0 {"service":"websocket-server"}
2026-01-04 00:04:58.743 [INFO ] [DRUG] เริ่มดึงข้อมูลสำหรับ setting_id: 23, date: 2026-01-04 {"service":"websocket-server"}
2026-01-04 00:04:58.806 [INFO ] [DRUG] ดึง settings สำเร็จ - department_load: 38,39, style_voice: 2, voice: 3 {"service":"websocket-server"}
2026-01-04 00:04:58.831 [INFO ] [DRUG] ผลลัพธ์จาก DB - wait: 0, active: 0, call: ไม่มี, skip: 0 {"service":"websocket-server"}
2026-01-04 00:05:00.743 [INFO ] [DRUG] เริ่มดึงข้อมูลสำหรับ setting_id: 23, date: 2026-01-04 {"service":"websocket-server"}
2026-01-04 00:05:00.807 [INFO ] [DRUG] ดึง settings สำเร็จ - department_load: 38,39, style_voice: 2, voice: 3 {"service":"websocket-server"}
2026-01-04 00:05:00.830 [INFO ] [DRUG] ผลลัพธ์จาก DB - wait: 0, active: 0, call: ไม่มี, skip: 0 {"service":"websocket-server"}
2026-01-04 00:05:02.744 [INFO ] [DRUG] เริ่มดึงข้อมูลสำหรับ setting_id: 23, date: 2026-01-04 {"service":"websocket-server"}
2026-01-04 00:05:02.808 [INFO ] [DRUG] ดึง settings สำเร็จ - department_load: 38,39, style_voice: 2, voice: 3 {"service":"websocket-server"}
2026-01-04 00:05:02.831 [INFO ] [DRUG] ผลลัพธ์จาก DB - wait: 0, active: 0, call: ไม่มี, skip: 0 {"service":"websocket-server"}
2026-01-04 00:05:04.745 [INFO ] [DRUG] เริ่มดึงข้อมูลสำหรับ setting_id: 23, date: 2026-01-04 {"service":"websocket-server"}
2026-01-04 00:05:04.804 [INFO ] [DRUG] ดึง settings สำเร็จ - department_load: 38,39, style_voice: 2, voice: 3 {"service":"websocket-server"}
2026-01-04 00:05:04.827 [INFO ] [DRUG] ผลลัพธ์จาก DB - wait: 0, active: 0, call: ไม่มี, skip: 0 {"service":"websocket-server"}
2026-01-04 00:05:06.746 [INFO ] [DRUG] เริ่มดึงข้อมูลสำหรับ setting_id: 23, date: 2026-01-04 {"service":"websocket-server"}
2026-01-04 00:05:06.812 [INFO ] [DRUG] ดึง settings สำเร็จ - department_load: 38,39, style_voice: 2, voice: 3 {"service":"websocket-server"}
2026-01-04 00:05:06.835 [INFO ] [DRUG] ผลลัพธ์จาก DB - wait: 0, active: 0, call: ไม่มี, skip: 0 {"service":"websocket-server"}
2026-01-04 00:05:08.747 [INFO ] [DRUG] เริ่มดึงข้อมูลสำหรับ setting_id: 23, date: 2026-01-04 {"service":"websocket-server"}
2026-01-04 00:05:08.809 [INFO ] [DRUG] ดึง settings สำเร็จ - department_load: 38,39, style_voice: 2, voice: 3 {"service":"websocket-server"}
2026-01-04 00:05:08.830 [INFO ] [DRUG] ผลลัพธ์จาก DB - wait: 0, active: 0, call: ไม่มี, skip: 0 {"service":"websocket-server"}
2026-01-04 00:05:10.747 [INFO ] [DRUG] เริ่มดึงข้อมูลสำหรับ setting_id: 23, date: 2026-01-04 {"service":"websocket-server"}
2026-01-04 00:05:10.810 [INFO ] [DRUG] ดึง settings สำเร็จ - department_load: 38,39, style_voice: 2, voice: 3 {"service":"websocket-server"}
2026-01-04 00:05:10.832 [INFO ] [DRUG] ผลลัพธ์จาก DB - wait: 0, active: 0, call: ไม่มี, skip: 0 {"service":"websocket-server"}
2026-01-04 00:05:12.749 [INFO ] [DRUG] เริ่มดึงข้อมูลสำหรับ setting_id: 23, date: 2026-01-04 {"service":"websocket-server"}
2026-01-04 00:05:12.812 [INFO ] [DRUG] ดึง settings สำเร็จ - department_load: 38,39, style_voice: 2, voice: 3 {"service":"websocket-server"}
2026-01-04 00:05:12.834 [INFO ] [DRUG] ผลลัพธ์จาก DB - wait: 0, active: 0, call: ไม่มี, skip: 0 {"service":"websocket-server"}
2026-01-04 00:05:14.749 [INFO ] [DRUG] เริ่มดึงข้อมูลสำหรับ setting_id: 23, date: 2026-01-04 {"service":"websocket-server"}
2026-01-04 00:05:14.806 [INFO ] [DRUG] ดึง settings สำเร็จ - department_load: 38,39, style_voice: 2, voice: 3 {"service":"websocket-server"}
2026-01-04 00:05:14.832 [INFO ] [DRUG] ผลลัพธ์จาก DB - wait: 0, active: 0, call: ไม่มี, skip: 0 {"service":"websocket-server"}
2026-01-04 00:05:14.860 [INFO ] Client connected {"service":"websocket-server"}
2026-01-04 00:05:14.860 [INFO ] Client disconnected {"service":"websocket-server"}
2026-01-04 00:05:14.860 [INFO ] Client registered for setting_id: 23 {"service":"websocket-server"}
2026-01-04 00:05:14.860 [INFO ] Client registered for query_type: drug {"service":"websocket-server"}
2026-01-04 00:05:16.752 [INFO ] [DRUG] เริ่มดึงข้อมูลสำหรับ setting_id: 23, date: 2026-01-04 {"service":"websocket-server"}
2026-01-04 00:05:16.819 [INFO ] [DRUG] ดึง settings สำเร็จ - department_load: 38,39, style_voice: 2, voice: 3 {"service":"websocket-server"}
2026-01-04 00:05:16.843 [INFO ] [DRUG] ผลลัพธ์จาก DB - wait: 0, active: 0, call: ไม่มี, skip: 0 {"service":"websocket-server"}
2026-01-04 00:05:16.843 [INFO ] [DRUG] ✅ ส่งข้อมูลกลับไปยัง client สำเร็จ - wait: 0, active: 0, call: ไม่มี {"service":"websocket-server"}
2026-01-04 00:05:18.751 [INFO ] [DRUG] เริ่มดึงข้อมูลสำหรับ setting_id: 23, date: 2026-01-04 {"service":"websocket-server"}
2026-01-04 00:05:18.813 [INFO ] [DRUG] ดึง settings สำเร็จ - department_load: 38,39, style_voice: 2, voice: 3 {"service":"websocket-server"}
2026-01-04 00:05:18.835 [INFO ] [DRUG] ผลลัพธ์จาก DB - wait: 0, active: 0, call: ไม่มี, skip: 0 {"service":"websocket-server"}
2026-01-04 00:05:20.751 [INFO ] [DRUG] เริ่มดึงข้อมูลสำหรับ setting_id: 23, date: 2026-01-04 {"service":"websocket-server"}
2026-01-04 00:05:20.816 [INFO ] [DRUG] ดึง settings สำเร็จ - department_load: 38,39, style_voice: 2, voice: 3 {"service":"websocket-server"}
2026-01-04 00:05:20.838 [INFO ] [DRUG] ผลลัพธ์จาก DB - wait: 0, active: 0, call: ไม่มี, skip: 0 {"service":"websocket-server"}
2026-01-04 00:05:22.751 [INFO ] [DRUG] เริ่มดึงข้อมูลสำหรับ setting_id: 23, date: 2026-01-04 {"service":"websocket-server"}
2026-01-04 00:05:22.814 [INFO ] [DRUG] ดึง settings สำเร็จ - department_load: 38,39, style_voice: 2, voice: 3 {"service":"websocket-server"}
2026-01-04 00:05:22.838 [INFO ] [DRUG] ผลลัพธ์จาก DB - wait: 0, active: 0, call: ไม่มี, skip: 0 {"service":"websocket-server"}
2026-01-04 00:05:24.752 [INFO ] [DRUG] เริ่มดึงข้อมูลสำหรับ setting_id: 23, date: 2026-01-04 {"service":"websocket-server"}
2026-01-04 00:05:24.814 [INFO ] [DRUG] ดึง settings สำเร็จ - department_load: 38,39, style_voice: 2, voice: 3 {"service":"websocket-server"}
2026-01-04 00:05:24.837 [INFO ] [DRUG] ผลลัพธ์จาก DB - wait: 0, active: 0, call: ไม่มี, skip: 0 {"service":"websocket-server"}
2026-01-04 00:05:26.753 [INFO ] [DRUG] เริ่มดึงข้อมูลสำหรับ setting_id: 23, date: 2026-01-04 {"service":"websocket-server"}
2026-01-04 00:05:26.820 [INFO ] [DRUG] ดึง settings สำเร็จ - department_load: 38,39, style_voice: 2, voice: 3 {"service":"websocket-server"}
2026-01-04 00:05:26.842 [INFO ] [DRUG] ผลลัพธ์จาก DB - wait: 0, active: 0, call: ไม่มี, skip: 0 {"service":"websocket-server"}
2026-01-04 00:05:28.755 [INFO ] [DRUG] เริ่มดึงข้อมูลสำหรับ setting_id: 23, date: 2026-01-04 {"service":"websocket-server"}
2026-01-04 00:05:28.821 [INFO ] [DRUG] ดึง settings สำเร็จ - department_load: 38,39, style_voice: 2, voice: 3 {"service":"websocket-server"}
2026-01-04 00:05:28.847 [INFO ] [DRUG] ผลลัพธ์จาก DB - wait: 0, active: 0, call: ไม่มี, skip: 0 {"service":"websocket-server"}
2026-01-04 00:05:30.755 [INFO ] [DRUG] เริ่มดึงข้อมูลสำหรับ setting_id: 23, date: 2026-01-04 {"service":"websocket-server"}
2026-01-04 00:05:30.833 [INFO ] [DRUG] ดึง settings สำเร็จ - department_load: 38,39, style_voice: 2, voice: 3 {"service":"websocket-server"}
2026-01-04 00:05:30.855 [INFO ] [DRUG] ผลลัพธ์จาก DB - wait: 0, active: 0, call: ไม่มี, skip: 0 {"service":"websocket-server"}
2026-01-04 00:05:32.757 [INFO ] [DRUG] เริ่มดึงข้อมูลสำหรับ setting_id: 23, date: 2026-01-04 {"service":"websocket-server"}
2026-01-04 00:05:32.840 [INFO ] [DRUG] ดึง settings สำเร็จ - department_load: 38,39, style_voice: 2, voice: 3 {"service":"websocket-server"}
2026-01-04 00:05:32.868 [INFO ] [DRUG] ผลลัพธ์จาก DB - wait: 0, active: 0, call: ไม่มี, skip: 0 {"service":"websocket-server"}
2026-01-04 00:05:34.756 [INFO ] [DRUG] เริ่มดึงข้อมูลสำหรับ setting_id: 23, date: 2026-01-04 {"service":"websocket-server"}
2026-01-04 00:05:34.820 [INFO ] [DRUG] ดึง settings สำเร็จ - department_load: 38,39, style_voice: 2, voice: 3 {"service":"websocket-server"}
2026-01-04 00:05:34.842 [INFO ] [DRUG] ผลลัพธ์จาก DB - wait: 0, active: 0, call: ไม่มี, skip: 0 {"service":"websocket-server"}
2026-01-04 00:05:36.758 [INFO ] [DRUG] เริ่มดึงข้อมูลสำหรับ setting_id: 23, date: 2026-01-04 {"service":"websocket-server"}
2026-01-04 00:05:36.822 [INFO ] [DRUG] ดึง settings สำเร็จ - department_load: 38,39, style_voice: 2, voice: 3 {"service":"websocket-server"}
2026-01-04 00:05:36.848 [INFO ] [DRUG] ผลลัพธ์จาก DB - wait: 11, active: 0, call: ไม่มี, skip: 0 {"service":"websocket-server"}
2026-01-04 00:05:36.848 [INFO ] [DRUG] Sample wait item - visit_q_no: A004, dept_name: รอจัดยา, code_dept_id: 38 {"service":"websocket-server"}
2026-01-04 00:05:36.849 [INFO ] [DRUG] Unique dept_name values in wait data: {"0":"รอจัดยา","service":"websocket-server"}
2026-01-04 00:05:36.849 [INFO ] [DRUG] ✅ ส่งข้อมูลกลับไปยัง client สำเร็จ - wait: 11, active: 0, call: ไม่มี {"service":"websocket-server"}
2026-01-04 00:05:38.758 [INFO ] [DRUG] เริ่มดึงข้อมูลสำหรับ setting_id: 23, date: 2026-01-04 {"service":"websocket-server"}
2026-01-04 00:05:38.820 [INFO ] [DRUG] ดึง settings สำเร็จ - department_load: 38,39, style_voice: 2, voice: 3 {"service":"websocket-server"}
2026-01-04 00:05:38.848 [INFO ] [DRUG] ผลลัพธ์จาก DB - wait: 11, active: 0, call: ไม่มี, skip: 0 {"service":"websocket-server"}
2026-01-04 00:05:38.849 [INFO ] [DRUG] Sample wait item - visit_q_no: A004, dept_name: รอจัดยา, code_dept_id: 38 {"service":"websocket-server"}
2026-01-04 00:05:38.849 [INFO ] [DRUG] Unique dept_name values in wait data: {"0":"รอจัดยา","service":"websocket-server"}
2026-01-04 00:05:40.758 [INFO ] [DRUG] เริ่มดึงข้อมูลสำหรับ setting_id: 23, date: 2026-01-04 {"service":"websocket-server"}
2026-01-04 00:05:40.822 [INFO ] [DRUG] ดึง settings สำเร็จ - department_load: 38,39, style_voice: 2, voice: 3 {"service":"websocket-server"}
2026-01-04 00:05:40.855 [INFO ] [DRUG] ผลลัพธ์จาก DB - wait: 11, active: 0, call: ไม่มี, skip: 0 {"service":"websocket-server"}
2026-01-04 00:05:40.855 [INFO ] [DRUG] Sample wait item - visit_q_no: A004, dept_name: รอจัดยา, code_dept_id: 38 {"service":"websocket-server"}
2026-01-04 00:05:40.855 [INFO ] [DRUG] Unique dept_name values in wait data: {"0":"รอจัดยา","service":"websocket-server"}
2026-01-04 00:05:42.760 [INFO ] [DRUG] เริ่มดึงข้อมูลสำหรับ setting_id: 23, date: 2026-01-04 {"service":"websocket-server"}
2026-01-04 00:05:42.820 [INFO ] [DRUG] ดึง settings สำเร็จ - department_load: 38,39, style_voice: 2, voice: 3 {"service":"websocket-server"}
2026-01-04 00:05:42.844 [INFO ] [DRUG] ผลลัพธ์จาก DB - wait: 11, active: 0, call: ไม่มี, skip: 0 {"service":"websocket-server"}
2026-01-04 00:05:42.844 [INFO ] [DRUG] Sample wait item - visit_q_no: A004, dept_name: รอจัดยา, code_dept_id: 38 {"service":"websocket-server"}
2026-01-04 00:05:42.844 [INFO ] [DRUG] Unique dept_name values in wait data: {"0":"รอจัดยา","service":"websocket-server"}
2026-01-04 00:05:44.761 [INFO ] [DRUG] เริ่มดึงข้อมูลสำหรับ setting_id: 23, date: 2026-01-04 {"service":"websocket-server"}
2026-01-04 00:05:44.824 [INFO ] [DRUG] ดึง settings สำเร็จ - department_load: 38,39, style_voice: 2, voice: 3 {"service":"websocket-server"}
2026-01-04 00:05:44.850 [INFO ] [DRUG] ผลลัพธ์จาก DB - wait: 11, active: 0, call: ไม่มี, skip: 0 {"service":"websocket-server"}
2026-01-04 00:05:44.850 [INFO ] [DRUG] Sample wait item - visit_q_no: A004, dept_name: รอจัดยา, code_dept_id: 38 {"service":"websocket-server"}
2026-01-04 00:05:44.850 [INFO ] [DRUG] Unique dept_name values in wait data: {"0":"รอจัดยา","service":"websocket-server"}
2026-01-04 00:05:46.761 [INFO ] [DRUG] เริ่มดึงข้อมูลสำหรับ setting_id: 23, date: 2026-01-04 {"service":"websocket-server"}
2026-01-04 00:05:46.825 [INFO ] [DRUG] ดึง settings สำเร็จ - department_load: 38,39, style_voice: 2, voice: 3 {"service":"websocket-server"}
2026-01-04 00:05:46.850 [INFO ] [DRUG] ผลลัพธ์จาก DB - wait: 11, active: 0, call: ไม่มี, skip: 0 {"service":"websocket-server"}
2026-01-04 00:05:46.851 [INFO ] [DRUG] Sample wait item - visit_q_no: A004, dept_name: รอจัดยา, code_dept_id: 38 {"service":"websocket-server"}
2026-01-04 00:05:46.851 [INFO ] [DRUG] Unique dept_name values in wait data: {"0":"รอจัดยา","service":"websocket-server"}
2026-01-04 00:05:48.762 [INFO ] [DRUG] เริ่มดึงข้อมูลสำหรับ setting_id: 23, date: 2026-01-04 {"service":"websocket-server"}
2026-01-04 00:05:48.830 [INFO ] [DRUG] ดึง settings สำเร็จ - department_load: 38,39, style_voice: 2, voice: 3 {"service":"websocket-server"}
2026-01-04 00:05:48.854 [INFO ] [DRUG] ผลลัพธ์จาก DB - wait: 11, active: 0, call: ไม่มี, skip: 0 {"service":"websocket-server"}
2026-01-04 00:05:48.854 [INFO ] [DRUG] Sample wait item - visit_q_no: A004, dept_name: รอจัดยา, code_dept_id: 38 {"service":"websocket-server"}
2026-01-04 00:05:48.855 [INFO ] [DRUG] Unique dept_name values in wait data: {"0":"รอจัดยา","service":"websocket-server"}
2026-01-04 00:05:50.763 [INFO ] [DRUG] เริ่มดึงข้อมูลสำหรับ setting_id: 23, date: 2026-01-04 {"service":"websocket-server"}
2026-01-04 00:05:50.826 [INFO ] [DRUG] ดึง settings สำเร็จ - department_load: 38,39, style_voice: 2, voice: 3 {"service":"websocket-server"}
2026-01-04 00:05:50.850 [INFO ] [DRUG] ผลลัพธ์จาก DB - wait: 11, active: 0, call: ไม่มี, skip: 0 {"service":"websocket-server"}
2026-01-04 00:05:50.850 [INFO ] [DRUG] Sample wait item - visit_q_no: A004, dept_name: รอจัดยา, code_dept_id: 38 {"service":"websocket-server"}
2026-01-04 00:05:50.850 [INFO ] [DRUG] Unique dept_name values in wait data: {"0":"รอจัดยา","service":"websocket-server"}
2026-01-04 00:05:52.764 [INFO ] [DRUG] เริ่มดึงข้อมูลสำหรับ setting_id: 23, date: 2026-01-04 {"service":"websocket-server"}
2026-01-04 00:05:52.826 [INFO ] [DRUG] ดึง settings สำเร็จ - department_load: 38,39, style_voice: 2, voice: 3 {"service":"websocket-server"}
2026-01-04 00:05:52.852 [INFO ] [DRUG] ผลลัพธ์จาก DB - wait: 11, active: 0, call: ไม่มี, skip: 0 {"service":"websocket-server"}
2026-01-04 00:05:52.852 [INFO ] [DRUG] Sample wait item - visit_q_no: A004, dept_name: รอจัดยา, code_dept_id: 38 {"service":"websocket-server"}
2026-01-04 00:05:52.852 [INFO ] [DRUG] Unique dept_name values in wait data: {"0":"รอจัดยา","service":"websocket-server"}
2026-01-04 00:05:54.764 [INFO ] [DRUG] เริ่มดึงข้อมูลสำหรับ setting_id: 23, date: 2026-01-04 {"service":"websocket-server"}
2026-01-04 00:05:54.823 [INFO ] [DRUG] ดึง settings สำเร็จ - department_load: 38,39, style_voice: 2, voice: 3 {"service":"websocket-server"}
2026-01-04 00:05:54.849 [INFO ] [DRUG] ผลลัพธ์จาก DB - wait: 11, active: 0, call: ไม่มี, skip: 0 {"service":"websocket-server"}
2026-01-04 00:05:54.849 [INFO ] [DRUG] Sample wait item - visit_q_no: A004, dept_name: รอจัดยา, code_dept_id: 38 {"service":"websocket-server"}
2026-01-04 00:05:54.849 [INFO ] [DRUG] Unique dept_name values in wait data: {"0":"รอจัดยา","service":"websocket-server"}
2026-01-04 00:05:56.766 [INFO ] [DRUG] เริ่มดึงข้อมูลสำหรับ setting_id: 23, date: 2026-01-04 {"service":"websocket-server"}
2026-01-04 00:05:56.835 [INFO ] [DRUG] ดึง settings สำเร็จ - department_load: 38,39, style_voice: 2, voice: 3 {"service":"websocket-server"}
2026-01-04 00:05:56.860 [INFO ] [DRUG] ผลลัพธ์จาก DB - wait: 11, active: 0, call: ไม่มี, skip: 0 {"service":"websocket-server"}
2026-01-04 00:05:56.860 [INFO ] [DRUG] Sample wait item - visit_q_no: A004, dept_name: รอจัดยา, code_dept_id: 38 {"service":"websocket-server"}
2026-01-04 00:05:56.860 [INFO ] [DRUG] Unique dept_name values in wait data: {"0":"รอจัดยา","service":"websocket-server"}
2026-01-04 00:05:58.766 [INFO ] [DRUG] เริ่มดึงข้อมูลสำหรับ setting_id: 23, date: 2026-01-04 {"service":"websocket-server"}
2026-01-04 00:05:58.831 [INFO ] [DRUG] ดึง settings สำเร็จ - department_load: 38,39, style_voice: 2, voice: 3 {"service":"websocket-server"}
2026-01-04 00:05:58.856 [INFO ] [DRUG] ผลลัพธ์จาก DB - wait: 11, active: 0, call: ไม่มี, skip: 0 {"service":"websocket-server"}
2026-01-04 00:05:58.856 [INFO ] [DRUG] Sample wait item - visit_q_no: A004, dept_name: รอจัดยา, code_dept_id: 38 {"service":"websocket-server"}
2026-01-04 00:05:58.857 [INFO ] [DRUG] Unique dept_name values in wait data: {"0":"รอจัดยา","service":"websocket-server"}
2026-01-04 00:06:00.767 [INFO ] [DRUG] เริ่มดึงข้อมูลสำหรับ setting_id: 23, date: 2026-01-04 {"service":"websocket-server"}
2026-01-04 00:06:00.831 [INFO ] [DRUG] ดึง settings สำเร็จ - department_load: 38,39, style_voice: 2, voice: 3 {"service":"websocket-server"}
2026-01-04 00:06:00.857 [INFO ] [DRUG] ผลลัพธ์จาก DB - wait: 11, active: 0, call: ไม่มี, skip: 0 {"service":"websocket-server"}
2026-01-04 00:06:00.857 [INFO ] [DRUG] Sample wait item - visit_q_no: A004, dept_name: รอจัดยา, code_dept_id: 38 {"service":"websocket-server"}
2026-01-04 00:06:00.858 [INFO ] [DRUG] Unique dept_name values in wait data: {"0":"รอจัดยา","service":"websocket-server"}
2026-01-04 00:06:02.769 [INFO ] [DRUG] เริ่มดึงข้อมูลสำหรับ setting_id: 23, date: 2026-01-04 {"service":"websocket-server"}
2026-01-04 00:06:02.832 [INFO ] [DRUG] ดึง settings สำเร็จ - department_load: 38,39, style_voice: 2, voice: 3 {"service":"websocket-server"}
2026-01-04 00:06:02.854 [INFO ] [DRUG] ผลลัพธ์จาก DB - wait: 11, active: 0, call: ไม่มี, skip: 0 {"service":"websocket-server"}
2026-01-04 00:06:02.855 [INFO ] [DRUG] Sample wait item - visit_q_no: A004, dept_name: รอจัดยา, code_dept_id: 38 {"service":"websocket-server"}
2026-01-04 00:06:02.855 [INFO ] [DRUG] Unique dept_name values in wait data: {"0":"รอจัดยา","service":"websocket-server"}
2026-01-04 00:06:04.771 [INFO ] [DRUG] เริ่มดึงข้อมูลสำหรับ setting_id: 23, date: 2026-01-04 {"service":"websocket-server"}
2026-01-04 00:06:04.836 [INFO ] [DRUG] ดึง settings สำเร็จ - department_load: 38,39, style_voice: 2, voice: 3 {"service":"websocket-server"}
2026-01-04 00:06:04.861 [INFO ] [DRUG] ผลลัพธ์จาก DB - wait: 11, active: 0, call: ไม่มี, skip: 0 {"service":"websocket-server"}
2026-01-04 00:06:04.861 [INFO ] [DRUG] Sample wait item - visit_q_no: A004, dept_name: รอจัดยา, code_dept_id: 38 {"service":"websocket-server"}
2026-01-04 00:06:04.861 [INFO ] [DRUG] Unique dept_name values in wait data: {"0":"รอจัดยา","service":"websocket-server"}
2026-01-04 00:06:06.772 [INFO ] [DRUG] เริ่มดึงข้อมูลสำหรับ setting_id: 23, date: 2026-01-04 {"service":"websocket-server"}
2026-01-04 00:06:06.835 [INFO ] [DRUG] ดึง settings สำเร็จ - department_load: 38,39, style_voice: 2, voice: 3 {"service":"websocket-server"}
2026-01-04 00:06:06.862 [INFO ] [DRUG] ผลลัพธ์จาก DB - wait: 11, active: 0, call: ไม่มี, skip: 0 {"service":"websocket-server"}
2026-01-04 00:06:06.863 [INFO ] [DRUG] Sample wait item - visit_q_no: A004, dept_name: รอจัดยา, code_dept_id: 38 {"service":"websocket-server"}
2026-01-04 00:06:06.863 [INFO ] [DRUG] Unique dept_name values in wait data: {"0":"รอจัดยา","service":"websocket-server"}
2026-01-04 00:06:08.776 [INFO ] [DRUG] เริ่มดึงข้อมูลสำหรับ setting_id: 23, date: 2026-01-04 {"service":"websocket-server"}
2026-01-04 00:06:08.846 [INFO ] [DRUG] ดึง settings สำเร็จ - department_load: 38,39, style_voice: 2, voice: 3 {"service":"websocket-server"}
2026-01-04 00:06:08.872 [INFO ] [DRUG] ผลลัพธ์จาก DB - wait: 11, active: 0, call: ไม่มี, skip: 0 {"service":"websocket-server"}
2026-01-04 00:06:08.873 [INFO ] [DRUG] Sample wait item - visit_q_no: A004, dept_name: รอจัดยา, code_dept_id: 38 {"service":"websocket-server"}
2026-01-04 00:06:08.873 [INFO ] [DRUG] Unique dept_name values in wait data: {"0":"รอจัดยา","service":"websocket-server"}
2026-01-04 00:06:10.775 [INFO ] [DRUG] เริ่มดึงข้อมูลสำหรับ setting_id: 23, date: 2026-01-04 {"service":"websocket-server"}
2026-01-04 00:06:10.837 [INFO ] [DRUG] ดึง settings สำเร็จ - department_load: 38,39, style_voice: 2, voice: 3 {"service":"websocket-server"}
2026-01-04 00:06:10.862 [INFO ] [DRUG] ผลลัพธ์จาก DB - wait: 11, active: 0, call: ไม่มี, skip: 0 {"service":"websocket-server"}
2026-01-04 00:06:10.863 [INFO ] [DRUG] Sample wait item - visit_q_no: A004, dept_name: รอจัดยา, code_dept_id: 38 {"service":"websocket-server"}
2026-01-04 00:06:10.863 [INFO ] [DRUG] Unique dept_name values in wait data: {"0":"รอจัดยา","service":"websocket-server"}
2026-01-04 00:06:12.776 [INFO ] [DRUG] เริ่มดึงข้อมูลสำหรับ setting_id: 23, date: 2026-01-04 {"service":"websocket-server"}
2026-01-04 00:06:12.836 [INFO ] [DRUG] ดึง settings สำเร็จ - department_load: 38,39, style_voice: 2, voice: 3 {"service":"websocket-server"}
2026-01-04 00:06:12.859 [INFO ] [DRUG] ผลลัพธ์จาก DB - wait: 11, active: 0, call: ไม่มี, skip: 0 {"service":"websocket-server"}
2026-01-04 00:06:12.859 [INFO ] [DRUG] Sample wait item - visit_q_no: A004, dept_name: รอจัดยา, code_dept_id: 38 {"service":"websocket-server"}
2026-01-04 00:06:12.859 [INFO ] [DRUG] Unique dept_name values in wait data: {"0":"รอจัดยา","service":"websocket-server"}
2026-01-04 00:06:14.776 [INFO ] [DRUG] เริ่มดึงข้อมูลสำหรับ setting_id: 23, date: 2026-01-04 {"service":"websocket-server"}
2026-01-04 00:06:14.841 [INFO ] [DRUG] ดึง settings สำเร็จ - department_load: 38,39, style_voice: 2, voice: 3 {"service":"websocket-server"}
2026-01-04 00:06:14.870 [INFO ] [DRUG] ผลลัพธ์จาก DB - wait: 11, active: 0, call: ไม่มี, skip: 0 {"service":"websocket-server"}
2026-01-04 00:06:14.871 [INFO ] [DRUG] Sample wait item - visit_q_no: A004, dept_name: รอจัดยา, code_dept_id: 38 {"service":"websocket-server"}
2026-01-04 00:06:14.871 [INFO ] [DRUG] Unique dept_name values in wait data: {"0":"รอจัดยา","service":"websocket-server"}
2026-01-04 00:06:16.778 [INFO ] [DRUG] เริ่มดึงข้อมูลสำหรับ setting_id: 23, date: 2026-01-04 {"service":"websocket-server"}
2026-01-04 00:06:16.839 [INFO ] [DRUG] ดึง settings สำเร็จ - department_load: 38,39, style_voice: 2, voice: 3 {"service":"websocket-server"}
2026-01-04 00:06:16.867 [INFO ] [DRUG] ผลลัพธ์จาก DB - wait: 11, active: 0, call: ไม่มี, skip: 0 {"service":"websocket-server"}
2026-01-04 00:06:16.867 [INFO ] [DRUG] Sample wait item - visit_q_no: A004, dept_name: รอจัดยา, code_dept_id: 38 {"service":"websocket-server"}
2026-01-04 00:06:16.868 [INFO ] [DRUG] Unique dept_name values in wait data: {"0":"รอจัดยา","service":"websocket-server"}
2026-01-04 00:06:18.778 [INFO ] [DRUG] เริ่มดึงข้อมูลสำหรับ setting_id: 23, date: 2026-01-04 {"service":"websocket-server"}
2026-01-04 00:06:18.843 [INFO ] [DRUG] ดึง settings สำเร็จ - department_load: 38,39, style_voice: 2, voice: 3 {"service":"websocket-server"}
2026-01-04 00:06:18.867 [INFO ] [DRUG] ผลลัพธ์จาก DB - wait: 11, active: 0, call: ไม่มี, skip: 0 {"service":"websocket-server"}
2026-01-04 00:06:18.867 [INFO ] [DRUG] Sample wait item - visit_q_no: A004, dept_name: รอจัดยา, code_dept_id: 38 {"service":"websocket-server"}
2026-01-04 00:06:18.867 [INFO ] [DRUG] Unique dept_name values in wait data: {"0":"รอจัดยา","service":"websocket-server"}
2026-01-04 00:06:20.778 [INFO ] [DRUG] เริ่มดึงข้อมูลสำหรับ setting_id: 23, date: 2026-01-04 {"service":"websocket-server"}
2026-01-04 00:06:20.841 [INFO ] [DRUG] ดึง settings สำเร็จ - department_load: 38,39, style_voice: 2, voice: 3 {"service":"websocket-server"}
2026-01-04 00:06:20.864 [INFO ] [DRUG] ผลลัพธ์จาก DB - wait: 11, active: 0, call: ไม่มี, skip: 0 {"service":"websocket-server"}
2026-01-04 00:06:20.865 [INFO ] [DRUG] Sample wait item - visit_q_no: A004, dept_name: รอจัดยา, code_dept_id: 38 {"service":"websocket-server"}
2026-01-04 00:06:20.865 [INFO ] [DRUG] Unique dept_name values in wait data: {"0":"รอจัดยา","service":"websocket-server"}
2026-01-04 00:06:22.778 [INFO ] [DRUG] เริ่มดึงข้อมูลสำหรับ setting_id: 23, date: 2026-01-04 {"service":"websocket-server"}
2026-01-04 00:06:22.844 [INFO ] [DRUG] ดึง settings สำเร็จ - department_load: 38,39, style_voice: 2, voice: 3 {"service":"websocket-server"}
2026-01-04 00:06:22.868 [INFO ] [DRUG] ผลลัพธ์จาก DB - wait: 11, active: 0, call: ไม่มี, skip: 0 {"service":"websocket-server"}
2026-01-04 00:06:22.868 [INFO ] [DRUG] Sample wait item - visit_q_no: A004, dept_name: รอจัดยา, code_dept_id: 38 {"service":"websocket-server"}
2026-01-04 00:06:22.868 [INFO ] [DRUG] Unique dept_name values in wait data: {"0":"รอจัดยา","service":"websocket-server"}
2026-01-04 00:06:24.779 [INFO ] [DRUG] เริ่มดึงข้อมูลสำหรับ setting_id: 23, date: 2026-01-04 {"service":"websocket-server"}
2026-01-04 00:06:24.844 [INFO ] [DRUG] ดึง settings สำเร็จ - department_load: 38,39, style_voice: 2, voice: 3 {"service":"websocket-server"}
2026-01-04 00:06:24.870 [INFO ] [DRUG] ผลลัพธ์จาก DB - wait: 11, active: 0, call: ไม่มี, skip: 0 {"service":"websocket-server"}
2026-01-04 00:06:24.871 [INFO ] [DRUG] Sample wait item - visit_q_no: A004, dept_name: รอจัดยา, code_dept_id: 38 {"service":"websocket-server"}
2026-01-04 00:06:24.871 [INFO ] [DRUG] Unique dept_name values in wait data: {"0":"รอจัดยา","service":"websocket-server"}
2026-01-04 00:06:26.780 [INFO ] [DRUG] เริ่มดึงข้อมูลสำหรับ setting_id: 23, date: 2026-01-04 {"service":"websocket-server"}
2026-01-04 00:06:26.843 [INFO ] [DRUG] ดึง settings สำเร็จ - department_load: 38,39, style_voice: 2, voice: 3 {"service":"websocket-server"}
2026-01-04 00:06:26.868 [INFO ] [DRUG] ผลลัพธ์จาก DB - wait: 11, active: 0, call: ไม่มี, skip: 0 {"service":"websocket-server"}
2026-01-04 00:06:26.868 [INFO ] [DRUG] Sample wait item - visit_q_no: A004, dept_name: รอจัดยา, code_dept_id: 38 {"service":"websocket-server"}
2026-01-04 00:06:26.868 [INFO ] [DRUG] Unique dept_name values in wait data: {"0":"รอจัดยา","service":"websocket-server"}
2026-01-04 00:06:28.781 [INFO ] [DRUG] เริ่มดึงข้อมูลสำหรับ setting_id: 23, date: 2026-01-04 {"service":"websocket-server"}
2026-01-04 00:06:28.843 [INFO ] [DRUG] ดึง settings สำเร็จ - department_load: 38,39, style_voice: 2, voice: 3 {"service":"websocket-server"}
2026-01-04 00:06:28.870 [INFO ] [DRUG] ผลลัพธ์จาก DB - wait: 11, active: 0, call: ไม่มี, skip: 0 {"service":"websocket-server"}
2026-01-04 00:06:28.871 [INFO ] [DRUG] Sample wait item - visit_q_no: A004, dept_name: รอจัดยา, code_dept_id: 38 {"service":"websocket-server"}
2026-01-04 00:06:28.871 [INFO ] [DRUG] Unique dept_name values in wait data: {"0":"รอจัดยา","service":"websocket-server"}
2026-01-04 00:06:30.782 [INFO ] [DRUG] เริ่มดึงข้อมูลสำหรับ setting_id: 23, date: 2026-01-04 {"service":"websocket-server"}
2026-01-04 00:06:30.845 [INFO ] [DRUG] ดึง settings สำเร็จ - department_load: 38,39, style_voice: 2, voice: 3 {"service":"websocket-server"}
2026-01-04 00:06:30.869 [INFO ] [DRUG] ผลลัพธ์จาก DB - wait: 11, active: 0, call: ไม่มี, skip: 0 {"service":"websocket-server"}
2026-01-04 00:06:30.870 [INFO ] [DRUG] Sample wait item - visit_q_no: A004, dept_name: รอจัดยา, code_dept_id: 38 {"service":"websocket-server"}
2026-01-04 00:06:30.870 [INFO ] [DRUG] Unique dept_name values in wait data: {"0":"รอจัดยา","service":"websocket-server"}
2026-01-04 00:06:32.783 [INFO ] [DRUG] เริ่มดึงข้อมูลสำหรับ setting_id: 23, date: 2026-01-04 {"service":"websocket-server"}
2026-01-04 00:06:32.846 [INFO ] [DRUG] ดึง settings สำเร็จ - department_load: 38,39, style_voice: 2, voice: 3 {"service":"websocket-server"}
2026-01-04 00:06:32.877 [INFO ] [DRUG] ผลลัพธ์จาก DB - wait: 11, active: 0, call: ไม่มี, skip: 0 {"service":"websocket-server"}
2026-01-04 00:06:32.877 [INFO ] [DRUG] Sample wait item - visit_q_no: A004, dept_name: รอจัดยา, code_dept_id: 38 {"service":"websocket-server"}
2026-01-04 00:06:32.877 [INFO ] [DRUG] Unique dept_name values in wait data: {"0":"รอจัดยา","service":"websocket-server"}
2026-01-04 00:06:34.784 [INFO ] [DRUG] เริ่มดึงข้อมูลสำหรับ setting_id: 23, date: 2026-01-04 {"service":"websocket-server"}
2026-01-04 00:06:34.849 [INFO ] [DRUG] ดึง settings สำเร็จ - department_load: 38,39, style_voice: 2, voice: 3 {"service":"websocket-server"}
2026-01-04 00:06:34.874 [INFO ] [DRUG] ผลลัพธ์จาก DB - wait: 11, active: 0, call: ไม่มี, skip: 0 {"service":"websocket-server"}
2026-01-04 00:06:34.874 [INFO ] [DRUG] Sample wait item - visit_q_no: A004, dept_name: รอจัดยา, code_dept_id: 38 {"service":"websocket-server"}
2026-01-04 00:06:34.875 [INFO ] [DRUG] Unique dept_name values in wait data: {"0":"รอจัดยา","service":"websocket-server"}
2026-01-04 00:06:36.785 [INFO ] [DRUG] เริ่มดึงข้อมูลสำหรับ setting_id: 23, date: 2026-01-04 {"service":"websocket-server"}
2026-01-04 00:06:36.849 [INFO ] [DRUG] ดึง settings สำเร็จ - department_load: 38,39, style_voice: 2, voice: 3 {"service":"websocket-server"}
2026-01-04 00:06:36.880 [INFO ] [DRUG] ผลลัพธ์จาก DB - wait: 11, active: 0, call: ไม่มี, skip: 0 {"service":"websocket-server"}
2026-01-04 00:06:36.880 [INFO ] [DRUG] Sample wait item - visit_q_no: A004, dept_name: รอจัดยา, code_dept_id: 38 {"service":"websocket-server"}
2026-01-04 00:06:36.880 [INFO ] [DRUG] Unique dept_name values in wait data: {"0":"รอจัดยา","service":"websocket-server"}
2026-01-04 00:06:38.785 [INFO ] [DRUG] เริ่มดึงข้อมูลสำหรับ setting_id: 23, date: 2026-01-04 {"service":"websocket-server"}
2026-01-04 00:06:38.849 [INFO ] [DRUG] ดึง settings สำเร็จ - department_load: 38,39, style_voice: 2, voice: 3 {"service":"websocket-server"}
2026-01-04 00:06:38.872 [INFO ] [DRUG] ผลลัพธ์จาก DB - wait: 11, active: 0, call: ไม่มี, skip: 0 {"service":"websocket-server"}
2026-01-04 00:06:38.872 [INFO ] [DRUG] Sample wait item - visit_q_no: A004, dept_name: รอจัดยา, code_dept_id: 38 {"service":"websocket-server"}
2026-01-04 00:06:38.872 [INFO ] [DRUG] Unique dept_name values in wait data: {"0":"รอจัดยา","service":"websocket-server"}
2026-01-04 00:06:40.786 [INFO ] [DRUG] เริ่มดึงข้อมูลสำหรับ setting_id: 23, date: 2026-01-04 {"service":"websocket-server"}
2026-01-04 00:06:40.850 [INFO ] [DRUG] ดึง settings สำเร็จ - department_load: 38,39, style_voice: 2, voice: 3 {"service":"websocket-server"}
2026-01-04 00:06:40.874 [INFO ] [DRUG] ผลลัพธ์จาก DB - wait: 11, active: 0, call: ไม่มี, skip: 0 {"service":"websocket-server"}
2026-01-04 00:06:40.874 [INFO ] [DRUG] Sample wait item - visit_q_no: A004, dept_name: รอจัดยา, code_dept_id: 38 {"service":"websocket-server"}
2026-01-04 00:06:40.874 [INFO ] [DRUG] Unique dept_name values in wait data: {"0":"รอจัดยา","service":"websocket-server"}
2026-01-04 00:06:42.788 [INFO ] [DRUG] เริ่มดึงข้อมูลสำหรับ setting_id: 23, date: 2026-01-04 {"service":"websocket-server"}
2026-01-04 00:06:42.854 [INFO ] [DRUG] ดึง settings สำเร็จ - department_load: 38,39, style_voice: 2, voice: 3 {"service":"websocket-server"}
2026-01-04 00:06:42.884 [INFO ] [DRUG] ผลลัพธ์จาก DB - wait: 11, active: 0, call: ไม่มี, skip: 0 {"service":"websocket-server"}
2026-01-04 00:06:42.884 [INFO ] [DRUG] Sample wait item - visit_q_no: A004, dept_name: รอจัดยา, code_dept_id: 38 {"service":"websocket-server"}
2026-01-04 00:06:42.884 [INFO ] [DRUG] Unique dept_name values in wait data: {"0":"รอจัดยา","service":"websocket-server"}
2026-01-04 00:06:44.789 [INFO ] [DRUG] เริ่มดึงข้อมูลสำหรับ setting_id: 23, date: 2026-01-04 {"service":"websocket-server"}
2026-01-04 00:06:44.856 [INFO ] [DRUG] ดึง settings สำเร็จ - department_load: 38,39, style_voice: 2, voice: 3 {"service":"websocket-server"}
2026-01-04 00:06:44.882 [INFO ] [DRUG] ผลลัพธ์จาก DB - wait: 11, active: 0, call: ไม่มี, skip: 0 {"service":"websocket-server"}
2026-01-04 00:06:44.882 [INFO ] [DRUG] Sample wait item - visit_q_no: A004, dept_name: รอจัดยา, code_dept_id: 38 {"service":"websocket-server"}
2026-01-04 00:06:44.883 [INFO ] [DRUG] Unique dept_name values in wait data: {"0":"รอจัดยา","service":"websocket-server"}
2026-01-04 00:06:46.789 [INFO ] [DRUG] เริ่มดึงข้อมูลสำหรับ setting_id: 23, date: 2026-01-04 {"service":"websocket-server"}
2026-01-04 00:06:46.854 [INFO ] [DRUG] ดึง settings สำเร็จ - department_load: 38,39, style_voice: 2, voice: 3 {"service":"websocket-server"}
2026-01-04 00:06:46.881 [INFO ] [DRUG] ผลลัพธ์จาก DB - wait: 11, active: 0, call: ไม่มี, skip: 0 {"service":"websocket-server"}
2026-01-04 00:06:46.881 [INFO ] [DRUG] Sample wait item - visit_q_no: A004, dept_name: รอจัดยา, code_dept_id: 38 {"service":"websocket-server"}
2026-01-04 00:06:46.881 [INFO ] [DRUG] Unique dept_name values in wait data: {"0":"รอจัดยา","service":"websocket-server"}
2026-01-04 00:06:48.789 [INFO ] [DRUG] เริ่มดึงข้อมูลสำหรับ setting_id: 23, date: 2026-01-04 {"service":"websocket-server"}
2026-01-04 00:06:48.858 [INFO ] [DRUG] ดึง settings สำเร็จ - department_load: 38,39, style_voice: 2, voice: 3 {"service":"websocket-server"}
2026-01-04 00:06:48.882 [INFO ] [DRUG] ผลลัพธ์จาก DB - wait: 11, active: 0, call: ไม่มี, skip: 0 {"service":"websocket-server"}
2026-01-04 00:06:48.883 [INFO ] [DRUG] Sample wait item - visit_q_no: A004, dept_name: รอจัดยา, code_dept_id: 38 {"service":"websocket-server"}
2026-01-04 00:06:48.883 [INFO ] [DRUG] Unique dept_name values in wait data: {"0":"รอจัดยา","service":"websocket-server"}
2026-01-04 00:06:50.790 [INFO ] [DRUG] เริ่มดึงข้อมูลสำหรับ setting_id: 23, date: 2026-01-04 {"service":"websocket-server"}
2026-01-04 00:06:50.854 [INFO ] [DRUG] ดึง settings สำเร็จ - department_load: 38,39, style_voice: 2, voice: 3 {"service":"websocket-server"}
2026-01-04 00:06:50.879 [INFO ] [DRUG] ผลลัพธ์จาก DB - wait: 11, active: 0, call: ไม่มี, skip: 0 {"service":"websocket-server"}
2026-01-04 00:06:50.879 [INFO ] [DRUG] Sample wait item - visit_q_no: A004, dept_name: รอจัดยา, code_dept_id: 38 {"service":"websocket-server"}
2026-01-04 00:06:50.879 [INFO ] [DRUG] Unique dept_name values in wait data: {"0":"รอจัดยา","service":"websocket-server"}
2026-01-04 00:06:52.790 [INFO ] [DRUG] เริ่มดึงข้อมูลสำหรับ setting_id: 23, date: 2026-01-04 {"service":"websocket-server"}
2026-01-04 00:06:52.854 [INFO ] [DRUG] ดึง settings สำเร็จ - department_load: 38,39, style_voice: 2, voice: 3 {"service":"websocket-server"}
2026-01-04 00:06:52.875 [INFO ] [DRUG] ผลลัพธ์จาก DB - wait: 11, active: 0, call: ไม่มี, skip: 0 {"service":"websocket-server"}
2026-01-04 00:06:52.876 [INFO ] [DRUG] Sample wait item - visit_q_no: A004, dept_name: รอจัดยา, code_dept_id: 38 {"service":"websocket-server"}
2026-01-04 00:06:52.876 [INFO ] [DRUG] Unique dept_name values in wait data: {"0":"รอจัดยา","service":"websocket-server"}
2026-01-04 00:06:54.792 [INFO ] [DRUG] เริ่มดึงข้อมูลสำหรับ setting_id: 23, date: 2026-01-04 {"service":"websocket-server"}
2026-01-04 00:06:54.855 [INFO ] [DRUG] ดึง settings สำเร็จ - department_load: 38,39, style_voice: 2, voice: 3 {"service":"websocket-server"}
2026-01-04 00:06:54.879 [INFO ] [DRUG] ผลลัพธ์จาก DB - wait: 11, active: 0, call: ไม่มี, skip: 0 {"service":"websocket-server"}
2026-01-04 00:06:54.879 [INFO ] [DRUG] Sample wait item - visit_q_no: A004, dept_name: รอจัดยา, code_dept_id: 38 {"service":"websocket-server"}
2026-01-04 00:06:54.879 [INFO ] [DRUG] Unique dept_name values in wait data: {"0":"รอจัดยา","service":"websocket-server"}
2026-01-04 00:06:56.791 [INFO ] [DRUG] เริ่มดึงข้อมูลสำหรับ setting_id: 23, date: 2026-01-04 {"service":"websocket-server"}
2026-01-04 00:06:56.852 [INFO ] [DRUG] ดึง settings สำเร็จ - department_load: 38,39, style_voice: 2, voice: 3 {"service":"websocket-server"}
2026-01-04 00:06:56.876 [INFO ] [DRUG] ผลลัพธ์จาก DB - wait: 11, active: 0, call: ไม่มี, skip: 0 {"service":"websocket-server"}
2026-01-04 00:06:56.876 [INFO ] [DRUG] Sample wait item - visit_q_no: A004, dept_name: รอจัดยา, code_dept_id: 38 {"service":"websocket-server"}
2026-01-04 00:06:56.876 [INFO ] [DRUG] Unique dept_name values in wait data: {"0":"รอจัดยา","service":"websocket-server"}
2026-01-04 00:06:58.792 [INFO ] [DRUG] เริ่มดึงข้อมูลสำหรับ setting_id: 23, date: 2026-01-04 {"service":"websocket-server"}
2026-01-04 00:06:58.857 [INFO ] [DRUG] ดึง settings สำเร็จ - department_load: 38,39, style_voice: 2, voice: 3 {"service":"websocket-server"}
2026-01-04 00:06:58.880 [INFO ] [DRUG] ผลลัพธ์จาก DB - wait: 11, active: 0, call: ไม่มี, skip: 0 {"service":"websocket-server"}
2026-01-04 00:06:58.880 [INFO ] [DRUG] Sample wait item - visit_q_no: A004, dept_name: รอจัดยา, code_dept_id: 38 {"service":"websocket-server"}
2026-01-04 00:06:58.880 [INFO ] [DRUG] Unique dept_name values in wait data: {"0":"รอจัดยา","service":"websocket-server"}
2026-01-04 00:07:00.794 [INFO ] [DRUG] เริ่มดึงข้อมูลสำหรับ setting_id: 23, date: 2026-01-04 {"service":"websocket-server"}
2026-01-04 00:07:00.854 [INFO ] [DRUG] ดึง settings สำเร็จ - department_load: 38,39, style_voice: 2, voice: 3 {"service":"websocket-server"}
2026-01-04 00:07:00.877 [INFO ] [DRUG] ผลลัพธ์จาก DB - wait: 11, active: 0, call: ไม่มี, skip: 0 {"service":"websocket-server"}
2026-01-04 00:07:00.877 [INFO ] [DRUG] Sample wait item - visit_q_no: A004, dept_name: รอจัดยา, code_dept_id: 38 {"service":"websocket-server"}
2026-01-04 00:07:00.877 [INFO ] [DRUG] Unique dept_name values in wait data: {"0":"รอจัดยา","service":"websocket-server"}
2026-01-04 00:07:02.795 [INFO ] [DRUG] เริ่มดึงข้อมูลสำหรับ setting_id: 23, date: 2026-01-04 {"service":"websocket-server"}
2026-01-04 00:07:02.856 [INFO ] [DRUG] ดึง settings สำเร็จ - department_load: 38,39, style_voice: 2, voice: 3 {"service":"websocket-server"}
2026-01-04 00:07:02.882 [INFO ] [DRUG] ผลลัพธ์จาก DB - wait: 11, active: 0, call: ไม่มี, skip: 0 {"service":"websocket-server"}
2026-01-04 00:07:02.882 [INFO ] [DRUG] Sample wait item - visit_q_no: A004, dept_name: รอจัดยา, code_dept_id: 38 {"service":"websocket-server"}
2026-01-04 00:07:02.882 [INFO ] [DRUG] Unique dept_name values in wait data: {"0":"รอจัดยา","service":"websocket-server"}
2026-01-04 00:07:04.795 [INFO ] [DRUG] เริ่มดึงข้อมูลสำหรับ setting_id: 23, date: 2026-01-04 {"service":"websocket-server"}
2026-01-04 00:07:04.860 [INFO ] [DRUG] ดึง settings สำเร็จ - department_load: 38,39, style_voice: 2, voice: 3 {"service":"websocket-server"}
2026-01-04 00:07:04.886 [INFO ] [DRUG] ผลลัพธ์จาก DB - wait: 11, active: 0, call: ไม่มี, skip: 0 {"service":"websocket-server"}
2026-01-04 00:07:04.886 [INFO ] [DRUG] Sample wait item - visit_q_no: A004, dept_name: รอจัดยา, code_dept_id: 38 {"service":"websocket-server"}
2026-01-04 00:07:04.887 [INFO ] [DRUG] Unique dept_name values in wait data: {"0":"รอจัดยา","service":"websocket-server"}
2026-01-04 00:07:06.797 [INFO ] [DRUG] เริ่มดึงข้อมูลสำหรับ setting_id: 23, date: 2026-01-04 {"service":"websocket-server"}
2026-01-04 00:07:06.863 [INFO ] [DRUG] ดึง settings สำเร็จ - department_load: 38,39, style_voice: 2, voice: 3 {"service":"websocket-server"}
2026-01-04 00:07:06.890 [INFO ] [DRUG] ผลลัพธ์จาก DB - wait: 11, active: 0, call: ไม่มี, skip: 0 {"service":"websocket-server"}
2026-01-04 00:07:06.890 [INFO ] [DRUG] Sample wait item - visit_q_no: A004, dept_name: รอจัดยา, code_dept_id: 38 {"service":"websocket-server"}
2026-01-04 00:07:06.890 [INFO ] [DRUG] Unique dept_name values in wait data: {"0":"รอจัดยา","service":"websocket-server"}
2026-01-04 00:07:08.798 [INFO ] [DRUG] เริ่มดึงข้อมูลสำหรับ setting_id: 23, date: 2026-01-04 {"service":"websocket-server"}
2026-01-04 00:07:08.859 [INFO ] [DRUG] ดึง settings สำเร็จ - department_load: 38,39, style_voice: 2, voice: 3 {"service":"websocket-server"}
2026-01-04 00:07:08.906 [INFO ] [DRUG] ผลลัพธ์จาก DB - wait: 11, active: 0, call: ไม่มี, skip: 0 {"service":"websocket-server"}
2026-01-04 00:07:08.906 [INFO ] [DRUG] Sample wait item - visit_q_no: A004, dept_name: รอจัดยา, code_dept_id: 38 {"service":"websocket-server"}
2026-01-04 00:07:08.906 [INFO ] [DRUG] Unique dept_name values in wait data: {"0":"รอจัดยา","service":"websocket-server"}
2026-01-04 00:07:10.799 [INFO ] [DRUG] เริ่มดึงข้อมูลสำหรับ setting_id: 23, date: 2026-01-04 {"service":"websocket-server"}
2026-01-04 00:07:10.861 [INFO ] [DRUG] ดึง settings สำเร็จ - department_load: 38,39, style_voice: 2, voice: 3 {"service":"websocket-server"}
2026-01-04 00:07:10.885 [INFO ] [DRUG] ผลลัพธ์จาก DB - wait: 11, active: 0, call: ไม่มี, skip: 0 {"service":"websocket-server"}
2026-01-04 00:07:10.886 [INFO ] [DRUG] Sample wait item - visit_q_no: A004, dept_name: รอจัดยา, code_dept_id: 38 {"service":"websocket-server"}
2026-01-04 00:07:10.886 [INFO ] [DRUG] Unique dept_name values in wait data: {"0":"รอจัดยา","service":"websocket-server"}
2026-01-04 00:07:12.800 [INFO ] [DRUG] เริ่มดึงข้อมูลสำหรับ setting_id: 23, date: 2026-01-04 {"service":"websocket-server"}
2026-01-04 00:07:12.864 [INFO ] [DRUG] ดึง settings สำเร็จ - department_load: 38,39, style_voice: 2, voice: 3 {"service":"websocket-server"}
2026-01-04 00:07:12.889 [INFO ] [DRUG] ผลลัพธ์จาก DB - wait: 11, active: 0, call: ไม่มี, skip: 0 {"service":"websocket-server"}
2026-01-04 00:07:12.889 [INFO ] [DRUG] Sample wait item - visit_q_no: A004, dept_name: รอจัดยา, code_dept_id: 38 {"service":"websocket-server"}
2026-01-04 00:07:12.889 [INFO ] [DRUG] Unique dept_name values in wait data: {"0":"รอจัดยา","service":"websocket-server"}
2026-01-04 00:07:14.801 [INFO ] [DRUG] เริ่มดึงข้อมูลสำหรับ setting_id: 23, date: 2026-01-04 {"service":"websocket-server"}
2026-01-04 00:07:14.869 [INFO ] [DRUG] ดึง settings สำเร็จ - department_load: 38,39, style_voice: 2, voice: 3 {"service":"websocket-server"}
2026-01-04 00:07:14.895 [INFO ] [DRUG] ผลลัพธ์จาก DB - wait: 11, active: 0, call: ไม่มี, skip: 0 {"service":"websocket-server"}
2026-01-04 00:07:14.896 [INFO ] [DRUG] Sample wait item - visit_q_no: A004, dept_name: รอจัดยา, code_dept_id: 38 {"service":"websocket-server"}
2026-01-04 00:07:14.896 [INFO ] [DRUG] Unique dept_name values in wait data: {"0":"รอจัดยา","service":"websocket-server"}
2026-01-04 00:07:16.802 [INFO ] [DRUG] เริ่มดึงข้อมูลสำหรับ setting_id: 23, date: 2026-01-04 {"service":"websocket-server"}
2026-01-04 00:07:16.863 [INFO ] [DRUG] ดึง settings สำเร็จ - department_load: 38,39, style_voice: 2, voice: 3 {"service":"websocket-server"}
2026-01-04 00:07:16.887 [INFO ] [DRUG] ผลลัพธ์จาก DB - wait: 11, active: 0, call: ไม่มี, skip: 0 {"service":"websocket-server"}
2026-01-04 00:07:16.887 [INFO ] [DRUG] Sample wait item - visit_q_no: A004, dept_name: รอจัดยา, code_dept_id: 38 {"service":"websocket-server"}
2026-01-04 00:07:16.887 [INFO ] [DRUG] Unique dept_name values in wait data: {"0":"รอจัดยา","service":"websocket-server"}
2026-01-04 00:07:18.803 [INFO ] [DRUG] เริ่มดึงข้อมูลสำหรับ setting_id: 23, date: 2026-01-04 {"service":"websocket-server"}
2026-01-04 00:07:18.873 [INFO ] [DRUG] ดึง settings สำเร็จ - department_load: 38,39, style_voice: 2, voice: 3 {"service":"websocket-server"}
2026-01-04 00:07:18.896 [INFO ] [DRUG] ผลลัพธ์จาก DB - wait: 11, active: 0, call: ไม่มี, skip: 0 {"service":"websocket-server"}
2026-01-04 00:07:18.896 [INFO ] [DRUG] Sample wait item - visit_q_no: A004, dept_name: รอจัดยา, code_dept_id: 38 {"service":"websocket-server"}
2026-01-04 00:07:18.896 [INFO ] [DRUG] Unique dept_name values in wait data: {"0":"รอจัดยา","service":"websocket-server"}
2026-01-04 00:07:20.804 [INFO ] [DRUG] เริ่มดึงข้อมูลสำหรับ setting_id: 23, date: 2026-01-04 {"service":"websocket-server"}
2026-01-04 00:07:20.873 [INFO ] [DRUG] ดึง settings สำเร็จ - department_load: 38,39, style_voice: 2, voice: 3 {"service":"websocket-server"}
2026-01-04 00:07:20.896 [INFO ] [DRUG] ผลลัพธ์จาก DB - wait: 11, active: 0, call: ไม่มี, skip: 0 {"service":"websocket-server"}
2026-01-04 00:07:20.896 [INFO ] [DRUG] Sample wait item - visit_q_no: A004, dept_name: รอจัดยา, code_dept_id: 38 {"service":"websocket-server"}
2026-01-04 00:07:20.896 [INFO ] [DRUG] Unique dept_name values in wait data: {"0":"รอจัดยา","service":"websocket-server"}
2026-01-04 00:07:22.805 [INFO ] [DRUG] เริ่มดึงข้อมูลสำหรับ setting_id: 23, date: 2026-01-04 {"service":"websocket-server"}
2026-01-04 00:07:22.876 [INFO ] [DRUG] ดึง settings สำเร็จ - department_load: 38,39, style_voice: 2, voice: 3 {"service":"websocket-server"}
2026-01-04 00:07:22.901 [INFO ] [DRUG] ผลลัพธ์จาก DB - wait: 11, active: 0, call: ไม่มี, skip: 0 {"service":"websocket-server"}
2026-01-04 00:07:22.901 [INFO ] [DRUG] Sample wait item - visit_q_no: A004, dept_name: รอจัดยา, code_dept_id: 38 {"service":"websocket-server"}
2026-01-04 00:07:22.901 [INFO ] [DRUG] Unique dept_name values in wait data: {"0":"รอจัดยา","service":"websocket-server"}
2026-01-04 00:07:24.806 [INFO ] [DRUG] เริ่มดึงข้อมูลสำหรับ setting_id: 23, date: 2026-01-04 {"service":"websocket-server"}
2026-01-04 00:07:24.871 [INFO ] [DRUG] ดึง settings สำเร็จ - department_load: 38,39, style_voice: 2, voice: 3 {"service":"websocket-server"}
2026-01-04 00:07:24.897 [INFO ] [DRUG] ผลลัพธ์จาก DB - wait: 11, active: 0, call: ไม่มี, skip: 0 {"service":"websocket-server"}
2026-01-04 00:07:24.897 [INFO ] [DRUG] Sample wait item - visit_q_no: A004, dept_name: รอจัดยา, code_dept_id: 38 {"service":"websocket-server"}
2026-01-04 00:07:24.897 [INFO ] [DRUG] Unique dept_name values in wait data: {"0":"รอจัดยา","service":"websocket-server"}
2026-01-04 00:07:26.806 [INFO ] [DRUG] เริ่มดึงข้อมูลสำหรับ setting_id: 23, date: 2026-01-04 {"service":"websocket-server"}
2026-01-04 00:07:26.873 [INFO ] [DRUG] ดึง settings สำเร็จ - department_load: 38,39, style_voice: 2, voice: 3 {"service":"websocket-server"}
2026-01-04 00:07:26.899 [INFO ] [DRUG] ผลลัพธ์จาก DB - wait: 11, active: 0, call: ไม่มี, skip: 0 {"service":"websocket-server"}
2026-01-04 00:07:26.899 [INFO ] [DRUG] Sample wait item - visit_q_no: A004, dept_name: รอจัดยา, code_dept_id: 38 {"service":"websocket-server"}
2026-01-04 00:07:26.899 [INFO ] [DRUG] Unique dept_name values in wait data: {"0":"รอจัดยา","service":"websocket-server"}
2026-01-04 00:07:28.808 [INFO ] [DRUG] เริ่มดึงข้อมูลสำหรับ setting_id: 23, date: 2026-01-04 {"service":"websocket-server"}
2026-01-04 00:07:28.870 [INFO ] [DRUG] ดึง settings สำเร็จ - department_load: 38,39, style_voice: 2, voice: 3 {"service":"websocket-server"}
2026-01-04 00:07:28.893 [INFO ] [DRUG] ผลลัพธ์จาก DB - wait: 11, active: 0, call: ไม่มี, skip: 0 {"service":"websocket-server"}
2026-01-04 00:07:28.893 [INFO ] [DRUG] Sample wait item - visit_q_no: A004, dept_name: รอจัดยา, code_dept_id: 38 {"service":"websocket-server"}
2026-01-04 00:07:28.893 [INFO ] [DRUG] Unique dept_name values in wait data: {"0":"รอจัดยา","service":"websocket-server"}
2026-01-04 00:07:30.809 [INFO ] [DRUG] เริ่มดึงข้อมูลสำหรับ setting_id: 23, date: 2026-01-04 {"service":"websocket-server"}
2026-01-04 00:07:30.876 [INFO ] [DRUG] ดึง settings สำเร็จ - department_load: 38,39, style_voice: 2, voice: 3 {"service":"websocket-server"}
2026-01-04 00:07:30.900 [INFO ] [DRUG] ผลลัพธ์จาก DB - wait: 11, active: 0, call: ไม่มี, skip: 0 {"service":"websocket-server"}
2026-01-04 00:07:30.900 [INFO ] [DRUG] Sample wait item - visit_q_no: A004, dept_name: รอจัดยา, code_dept_id: 38 {"service":"websocket-server"}
2026-01-04 00:07:30.900 [INFO ] [DRUG] Unique dept_name values in wait data: {"0":"รอจัดยา","service":"websocket-server"}
2026-01-04 00:07:32.810 [INFO ] [DRUG] เริ่มดึงข้อมูลสำหรับ setting_id: 23, date: 2026-01-04 {"service":"websocket-server"}
2026-01-04 00:07:32.869 [INFO ] [DRUG] ดึง settings สำเร็จ - department_load: 38,39, style_voice: 2, voice: 3 {"service":"websocket-server"}
2026-01-04 00:07:32.894 [INFO ] [DRUG] ผลลัพธ์จาก DB - wait: 11, active: 0, call: ไม่มี, skip: 0 {"service":"websocket-server"}
2026-01-04 00:07:32.895 [INFO ] [DRUG] Sample wait item - visit_q_no: A004, dept_name: รอจัดยา, code_dept_id: 38 {"service":"websocket-server"}
2026-01-04 00:07:32.895 [INFO ] [DRUG] Unique dept_name values in wait data: {"0":"รอจัดยา","service":"websocket-server"}
2026-01-04 00:07:34.811 [INFO ] [DRUG] เริ่มดึงข้อมูลสำหรับ setting_id: 23, date: 2026-01-04 {"service":"websocket-server"}
2026-01-04 00:07:34.875 [INFO ] [DRUG] ดึง settings สำเร็จ - department_load: 38,39, style_voice: 2, voice: 3 {"service":"websocket-server"}
2026-01-04 00:07:34.903 [INFO ] [DRUG] ผลลัพธ์จาก DB - wait: 11, active: 0, call: ไม่มี, skip: 0 {"service":"websocket-server"}
2026-01-04 00:07:34.903 [INFO ] [DRUG] Sample wait item - visit_q_no: A004, dept_name: รอจัดยา, code_dept_id: 38 {"service":"websocket-server"}
2026-01-04 00:07:34.903 [INFO ] [DRUG] Unique dept_name values in wait data: {"0":"รอจัดยา","service":"websocket-server"}
2026-01-04 00:07:36.812 [INFO ] [DRUG] เริ่มดึงข้อมูลสำหรับ setting_id: 23, date: 2026-01-04 {"service":"websocket-server"}
2026-01-04 00:07:36.878 [INFO ] [DRUG] ดึง settings สำเร็จ - department_load: 38,39, style_voice: 2, voice: 3 {"service":"websocket-server"}
2026-01-04 00:07:36.902 [INFO ] [DRUG] ผลลัพธ์จาก DB - wait: 11, active: 0, call: ไม่มี, skip: 0 {"service":"websocket-server"}
2026-01-04 00:07:36.902 [INFO ] [DRUG] Sample wait item - visit_q_no: A004, dept_name: รอจัดยา, code_dept_id: 38 {"service":"websocket-server"}
2026-01-04 00:07:36.902 [INFO ] [DRUG] Unique dept_name values in wait data: {"0":"รอจัดยา","service":"websocket-server"}
2026-01-04 00:07:38.813 [INFO ] [DRUG] เริ่มดึงข้อมูลสำหรับ setting_id: 23, date: 2026-01-04 {"service":"websocket-server"}
2026-01-04 00:07:38.873 [INFO ] [DRUG] ดึง settings สำเร็จ - department_load: 38,39, style_voice: 2, voice: 3 {"service":"websocket-server"}
2026-01-04 00:07:38.898 [INFO ] [DRUG] ผลลัพธ์จาก DB - wait: 11, active: 0, call: ไม่มี, skip: 0 {"service":"websocket-server"}
2026-01-04 00:07:38.899 [INFO ] [DRUG] Sample wait item - visit_q_no: A004, dept_name: รอจัดยา, code_dept_id: 38 {"service":"websocket-server"}
2026-01-04 00:07:38.899 [INFO ] [DRUG] Unique dept_name values in wait data: {"0":"รอจัดยา","service":"websocket-server"}
2026-01-04 00:07:40.814 [INFO ] [DRUG] เริ่มดึงข้อมูลสำหรับ setting_id: 23, date: 2026-01-04 {"service":"websocket-server"}
2026-01-04 00:07:40.874 [INFO ] [DRUG] ดึง settings สำเร็จ - department_load: 38,39, style_voice: 2, voice: 3 {"service":"websocket-server"}
2026-01-04 00:07:40.897 [INFO ] [DRUG] ผลลัพธ์จาก DB - wait: 11, active: 0, call: ไม่มี, skip: 0 {"service":"websocket-server"}
2026-01-04 00:07:40.897 [INFO ] [DRUG] Sample wait item - visit_q_no: A004, dept_name: รอจัดยา, code_dept_id: 38 {"service":"websocket-server"}
2026-01-04 00:07:40.897 [INFO ] [DRUG] Unique dept_name values in wait data: {"0":"รอจัดยา","service":"websocket-server"}
2026-01-04 00:07:42.815 [INFO ] [DRUG] เริ่มดึงข้อมูลสำหรับ setting_id: 23, date: 2026-01-04 {"service":"websocket-server"}
2026-01-04 00:07:42.876 [INFO ] [DRUG] ดึง settings สำเร็จ - department_load: 38,39, style_voice: 2, voice: 3 {"service":"websocket-server"}
2026-01-04 00:07:42.902 [INFO ] [DRUG] ผลลัพธ์จาก DB - wait: 11, active: 0, call: ไม่มี, skip: 0 {"service":"websocket-server"}
2026-01-04 00:07:42.902 [INFO ] [DRUG] Sample wait item - visit_q_no: A004, dept_name: รอจัดยา, code_dept_id: 38 {"service":"websocket-server"}
2026-01-04 00:07:42.902 [INFO ] [DRUG] Unique dept_name values in wait data: {"0":"รอจัดยา","service":"websocket-server"}
2026-01-04 00:07:44.816 [INFO ] [DRUG] เริ่มดึงข้อมูลสำหรับ setting_id: 23, date: 2026-01-04 {"service":"websocket-server"}
2026-01-04 00:07:44.880 [INFO ] [DRUG] ดึง settings สำเร็จ - department_load: 38,39, style_voice: 2, voice: 3 {"service":"websocket-server"}
2026-01-04 00:07:44.906 [INFO ] [DRUG] ผลลัพธ์จาก DB - wait: 11, active: 0, call: ไม่มี, skip: 0 {"service":"websocket-server"}
2026-01-04 00:07:44.906 [INFO ] [DRUG] Sample wait item - visit_q_no: A004, dept_name: รอจัดยา, code_dept_id: 38 {"service":"websocket-server"}
2026-01-04 00:07:44.906 [INFO ] [DRUG] Unique dept_name values in wait data: {"0":"รอจัดยา","service":"websocket-server"}
2026-01-04 00:07:46.817 [INFO ] [DRUG] เริ่มดึงข้อมูลสำหรับ setting_id: 23, date: 2026-01-04 {"service":"websocket-server"}
2026-01-04 00:07:46.879 [INFO ] [DRUG] ดึง settings สำเร็จ - department_load: 38,39, style_voice: 2, voice: 3 {"service":"websocket-server"}
2026-01-04 00:07:46.904 [INFO ] [DRUG] ผลลัพธ์จาก DB - wait: 11, active: 0, call: ไม่มี, skip: 0 {"service":"websocket-server"}
2026-01-04 00:07:46.904 [INFO ] [DRUG] Sample wait item - visit_q_no: A004, dept_name: รอจัดยา, code_dept_id: 38 {"service":"websocket-server"}
2026-01-04 00:07:46.904 [INFO ] [DRUG] Unique dept_name values in wait data: {"0":"รอจัดยา","service":"websocket-server"}
2026-01-04 00:07:48.818 [INFO ] [DRUG] เริ่มดึงข้อมูลสำหรับ setting_id: 23, date: 2026-01-04 {"service":"websocket-server"}
2026-01-04 00:07:48.881 [INFO ] [DRUG] ดึง settings สำเร็จ - department_load: 38,39, style_voice: 2, voice: 3 {"service":"websocket-server"}
2026-01-04 00:07:48.903 [INFO ] [DRUG] ผลลัพธ์จาก DB - wait: 11, active: 0, call: ไม่มี, skip: 0 {"service":"websocket-server"}
2026-01-04 00:07:48.903 [INFO ] [DRUG] Sample wait item - visit_q_no: A004, dept_name: รอจัดยา, code_dept_id: 38 {"service":"websocket-server"}
2026-01-04 00:07:48.903 [INFO ] [DRUG] Unique dept_name values in wait data: {"0":"รอจัดยา","service":"websocket-server"}
2026-01-04 00:07:50.820 [INFO ] [DRUG] เริ่มดึงข้อมูลสำหรับ setting_id: 23, date: 2026-01-04 {"service":"websocket-server"}
2026-01-04 00:07:50.884 [INFO ] [DRUG] ดึง settings สำเร็จ - department_load: 38,39, style_voice: 2, voice: 3 {"service":"websocket-server"}
2026-01-04 00:07:50.909 [INFO ] [DRUG] ผลลัพธ์จาก DB - wait: 11, active: 0, call: ไม่มี, skip: 0 {"service":"websocket-server"}
2026-01-04 00:07:50.909 [INFO ] [DRUG] Sample wait item - visit_q_no: A004, dept_name: รอจัดยา, code_dept_id: 38 {"service":"websocket-server"}
2026-01-04 00:07:50.910 [INFO ] [DRUG] Unique dept_name values in wait data: {"0":"รอจัดยา","service":"websocket-server"}
2026-01-04 00:07:52.820 [INFO ] [DRUG] เริ่มดึงข้อมูลสำหรับ setting_id: 23, date: 2026-01-04 {"service":"websocket-server"}
2026-01-04 00:07:52.883 [INFO ] [DRUG] ดึง settings สำเร็จ - department_load: 38,39, style_voice: 2, voice: 3 {"service":"websocket-server"}
2026-01-04 00:07:52.909 [INFO ] [DRUG] ผลลัพธ์จาก DB - wait: 11, active: 0, call: ไม่มี, skip: 0 {"service":"websocket-server"}
2026-01-04 00:07:52.909 [INFO ] [DRUG] Sample wait item - visit_q_no: A004, dept_name: รอจัดยา, code_dept_id: 38 {"service":"websocket-server"}
2026-01-04 00:07:52.909 [INFO ] [DRUG] Unique dept_name values in wait data: {"0":"รอจัดยา","service":"websocket-server"}
2026-01-04 00:07:54.821 [INFO ] [DRUG] เริ่มดึงข้อมูลสำหรับ setting_id: 23, date: 2026-01-04 {"service":"websocket-server"}
2026-01-04 00:07:54.885 [INFO ] [DRUG] ดึง settings สำเร็จ - department_load: 38,39, style_voice: 2, voice: 3 {"service":"websocket-server"}
2026-01-04 00:07:54.910 [INFO ] [DRUG] ผลลัพธ์จาก DB - wait: 11, active: 0, call: ไม่มี, skip: 0 {"service":"websocket-server"}
2026-01-04 00:07:54.910 [INFO ] [DRUG] Sample wait item - visit_q_no: A004, dept_name: รอจัดยา, code_dept_id: 38 {"service":"websocket-server"}
2026-01-04 00:07:54.911 [INFO ] [DRUG] Unique dept_name values in wait data: {"0":"รอจัดยา","service":"websocket-server"}
2026-01-04 00:07:56.822 [INFO ] [DRUG] เริ่มดึงข้อมูลสำหรับ setting_id: 23, date: 2026-01-04 {"service":"websocket-server"}
2026-01-04 00:07:56.884 [INFO ] [DRUG] ดึง settings สำเร็จ - department_load: 38,39, style_voice: 2, voice: 3 {"service":"websocket-server"}
2026-01-04 00:07:56.910 [INFO ] [DRUG] ผลลัพธ์จาก DB - wait: 11, active: 0, call: ไม่มี, skip: 0 {"service":"websocket-server"}
2026-01-04 00:07:56.911 [INFO ] [DRUG] Sample wait item - visit_q_no: A004, dept_name: รอจัดยา, code_dept_id: 38 {"service":"websocket-server"}
2026-01-04 00:07:56.911 [INFO ] [DRUG] Unique dept_name values in wait data: {"0":"รอจัดยา","service":"websocket-server"}
2026-01-04 00:07:58.823 [INFO ] [DRUG] เริ่มดึงข้อมูลสำหรับ setting_id: 23, date: 2026-01-04 {"service":"websocket-server"}
2026-01-04 00:07:58.888 [INFO ] [DRUG] ดึง settings สำเร็จ - department_load: 38,39, style_voice: 2, voice: 3 {"service":"websocket-server"}
2026-01-04 00:07:58.915 [INFO ] [DRUG] ผลลัพธ์จาก DB - wait: 11, active: 0, call: ไม่มี, skip: 0 {"service":"websocket-server"}
2026-01-04 00:07:58.915 [INFO ] [DRUG] Sample wait item - visit_q_no: A004, dept_name: รอจัดยา, code_dept_id: 38 {"service":"websocket-server"}
2026-01-04 00:07:58.915 [INFO ] [DRUG] Unique dept_name values in wait data: {"0":"รอจัดยา","service":"websocket-server"}
2026-01-04 00:08:00.824 [INFO ] [DRUG] เริ่มดึงข้อมูลสำหรับ setting_id: 23, date: 2026-01-04 {"service":"websocket-server"}
2026-01-04 00:08:00.885 [INFO ] [DRUG] ดึง settings สำเร็จ - department_load: 38,39, style_voice: 2, voice: 3 {"service":"websocket-server"}
2026-01-04 00:08:00.910 [INFO ] [DRUG] ผลลัพธ์จาก DB - wait: 11, active: 0, call: ไม่มี, skip: 0 {"service":"websocket-server"}
2026-01-04 00:08:00.911 [INFO ] [DRUG] Sample wait item - visit_q_no: A004, dept_name: รอจัดยา, code_dept_id: 38 {"service":"websocket-server"}
2026-01-04 00:08:00.911 [INFO ] [DRUG] Unique dept_name values in wait data: {"0":"รอจัดยา","service":"websocket-server"}
2026-01-04 00:08:02.825 [INFO ] [DRUG] เริ่มดึงข้อมูลสำหรับ setting_id: 23, date: 2026-01-04 {"service":"websocket-server"}
2026-01-04 00:08:02.887 [INFO ] [DRUG] ดึง settings สำเร็จ - department_load: 38,39, style_voice: 2, voice: 3 {"service":"websocket-server"}
2026-01-04 00:08:02.912 [INFO ] [DRUG] ผลลัพธ์จาก DB - wait: 11, active: 0, call: ไม่มี, skip: 0 {"service":"websocket-server"}
2026-01-04 00:08:02.912 [INFO ] [DRUG] Sample wait item - visit_q_no: A004, dept_name: รอจัดยา, code_dept_id: 38 {"service":"websocket-server"}
2026-01-04 00:08:02.912 [INFO ] [DRUG] Unique dept_name values in wait data: {"0":"รอจัดยา","service":"websocket-server"}
2026-01-04 00:08:04.825 [INFO ] [DRUG] เริ่มดึงข้อมูลสำหรับ setting_id: 23, date: 2026-01-04 {"service":"websocket-server"}
2026-01-04 00:08:04.889 [INFO ] [DRUG] ดึง settings สำเร็จ - department_load: 38,39, style_voice: 2, voice: 3 {"service":"websocket-server"}
2026-01-04 00:08:04.915 [INFO ] [DRUG] ผลลัพธ์จาก DB - wait: 11, active: 0, call: ไม่มี, skip: 0 {"service":"websocket-server"}
2026-01-04 00:08:04.916 [INFO ] [DRUG] Sample wait item - visit_q_no: A004, dept_name: รอจัดยา, code_dept_id: 38 {"service":"websocket-server"}
2026-01-04 00:08:04.916 [INFO ] [DRUG] Unique dept_name values in wait data: {"0":"รอจัดยา","service":"websocket-server"}
2026-01-04 00:08:06.826 [INFO ] [DRUG] เริ่มดึงข้อมูลสำหรับ setting_id: 23, date: 2026-01-04 {"service":"websocket-server"}
2026-01-04 00:08:06.895 [INFO ] [DRUG] ดึง settings สำเร็จ - department_load: 38,39, style_voice: 2, voice: 3 {"service":"websocket-server"}
2026-01-04 00:08:06.920 [INFO ] [DRUG] ผลลัพธ์จาก DB - wait: 11, active: 0, call: ไม่มี, skip: 0 {"service":"websocket-server"}
2026-01-04 00:08:06.920 [INFO ] [DRUG] Sample wait item - visit_q_no: A004, dept_name: รอจัดยา, code_dept_id: 38 {"service":"websocket-server"}
2026-01-04 00:08:06.920 [INFO ] [DRUG] Unique dept_name values in wait data: {"0":"รอจัดยา","service":"websocket-server"}
2026-01-04 00:08:08.827 [INFO ] [DRUG] เริ่มดึงข้อมูลสำหรับ setting_id: 23, date: 2026-01-04 {"service":"websocket-server"}
2026-01-04 00:08:08.892 [INFO ] [DRUG] ดึง settings สำเร็จ - department_load: 38,39, style_voice: 2, voice: 3 {"service":"websocket-server"}
2026-01-04 00:08:08.917 [INFO ] [DRUG] ผลลัพธ์จาก DB - wait: 11, active: 0, call: ไม่มี, skip: 0 {"service":"websocket-server"}
2026-01-04 00:08:08.917 [INFO ] [DRUG] Sample wait item - visit_q_no: A004, dept_name: รอจัดยา, code_dept_id: 38 {"service":"websocket-server"}
2026-01-04 00:08:08.917 [INFO ] [DRUG] Unique dept_name values in wait data: {"0":"รอจัดยา","service":"websocket-server"}
2026-01-04 00:08:10.828 [INFO ] [DRUG] เริ่มดึงข้อมูลสำหรับ setting_id: 23, date: 2026-01-04 {"service":"websocket-server"}
2026-01-04 00:08:10.896 [INFO ] [DRUG] ดึง settings สำเร็จ - department_load: 38,39, style_voice: 2, voice: 3 {"service":"websocket-server"}
2026-01-04 00:08:10.920 [INFO ] [DRUG] ผลลัพธ์จาก DB - wait: 11, active: 0, call: ไม่มี, skip: 0 {"service":"websocket-server"}
2026-01-04 00:08:10.921 [INFO ] [DRUG] Sample wait item - visit_q_no: A004, dept_name: รอจัดยา, code_dept_id: 38 {"service":"websocket-server"}
2026-01-04 00:08:10.921 [INFO ] [DRUG] Unique dept_name values in wait data: {"0":"รอจัดยา","service":"websocket-server"}
2026-01-04 00:08:12.829 [INFO ] [DRUG] เริ่มดึงข้อมูลสำหรับ setting_id: 23, date: 2026-01-04 {"service":"websocket-server"}
2026-01-04 00:08:12.900 [INFO ] [DRUG] ดึง settings สำเร็จ - department_load: 38,39, style_voice: 2, voice: 3 {"service":"websocket-server"}
2026-01-04 00:08:12.924 [INFO ] [DRUG] ผลลัพธ์จาก DB - wait: 11, active: 0, call: ไม่มี, skip: 0 {"service":"websocket-server"}
2026-01-04 00:08:12.924 [INFO ] [DRUG] Sample wait item - visit_q_no: A004, dept_name: รอจัดยา, code_dept_id: 38 {"service":"websocket-server"}
2026-01-04 00:08:12.924 [INFO ] [DRUG] Unique dept_name values in wait data: {"0":"รอจัดยา","service":"websocket-server"}
2026-01-04 00:08:14.830 [INFO ] [DRUG] เริ่มดึงข้อมูลสำหรับ setting_id: 23, date: 2026-01-04 {"service":"websocket-server"}
2026-01-04 00:08:14.863 [INFO ] Client disconnected {"service":"websocket-server"}
2026-01-04 00:08:14.863 [INFO ] Client connected {"service":"websocket-server"}
2026-01-04 00:08:14.867 [INFO ] Client registered for setting_id: 23 {"service":"websocket-server"}
2026-01-04 00:08:14.867 [INFO ] Client registered for query_type: drug {"service":"websocket-server"}
2026-01-04 00:08:14.887 [INFO ] [DRUG] ดึง settings สำเร็จ - department_load: 38,39, style_voice: 2, voice: 3 {"service":"websocket-server"}
2026-01-04 00:08:14.911 [INFO ] [DRUG] ผลลัพธ์จาก DB - wait: 11, active: 0, call: ไม่มี, skip: 0 {"service":"websocket-server"}
2026-01-04 00:08:14.911 [INFO ] [DRUG] Sample wait item - visit_q_no: A004, dept_name: รอจัดยา, code_dept_id: 38 {"service":"websocket-server"}
2026-01-04 00:08:14.911 [INFO ] [DRUG] Unique dept_name values in wait data: {"0":"รอจัดยา","service":"websocket-server"}
2026-01-04 00:08:14.912 [INFO ] [DRUG] เริ่มดึงข้อมูลสำหรับ setting_id: 23, date: 2026-01-04 {"service":"websocket-server"}
2026-01-04 00:08:14.973 [INFO ] [DRUG] ดึง settings สำเร็จ - department_load: 38,39, style_voice: 2, voice: 3 {"service":"websocket-server"}
2026-01-04 00:08:14.996 [INFO ] [DRUG] ผลลัพธ์จาก DB - wait: 11, active: 0, call: ไม่มี, skip: 0 {"service":"websocket-server"}
2026-01-04 00:08:14.996 [INFO ] [DRUG] Sample wait item - visit_q_no: A004, dept_name: รอจัดยา, code_dept_id: 38 {"service":"websocket-server"}
2026-01-04 00:08:14.996 [INFO ] [DRUG] Unique dept_name values in wait data: {"0":"รอจัดยา","service":"websocket-server"}
2026-01-04 00:08:14.996 [INFO ] [DRUG] ✅ ส่งข้อมูลกลับไปยัง client สำเร็จ - wait: 11, active: 0, call: ไม่มี {"service":"websocket-server"}
2026-01-04 00:08:16.832 [INFO ] [DRUG] เริ่มดึงข้อมูลสำหรับ setting_id: 23, date: 2026-01-04 {"service":"websocket-server"}
2026-01-04 00:08:16.899 [INFO ] [DRUG] ดึง settings สำเร็จ - department_load: 38,39, style_voice: 2, voice: 3 {"service":"websocket-server"}
2026-01-04 00:08:16.925 [INFO ] [DRUG] ผลลัพธ์จาก DB - wait: 11, active: 0, call: ไม่มี, skip: 0 {"service":"websocket-server"}
2026-01-04 00:08:16.925 [INFO ] [DRUG] Sample wait item - visit_q_no: A004, dept_name: รอจัดยา, code_dept_id: 38 {"service":"websocket-server"}
2026-01-04 00:08:16.925 [INFO ] [DRUG] Unique dept_name values in wait data: {"0":"รอจัดยา","service":"websocket-server"}
2026-01-04 00:08:18.833 [INFO ] [DRUG] เริ่มดึงข้อมูลสำหรับ setting_id: 23, date: 2026-01-04 {"service":"websocket-server"}
2026-01-04 00:08:18.900 [INFO ] [DRUG] ดึง settings สำเร็จ - department_load: 38,39, style_voice: 2, voice: 3 {"service":"websocket-server"}
2026-01-04 00:08:18.926 [INFO ] [DRUG] ผลลัพธ์จาก DB - wait: 11, active: 0, call: ไม่มี, skip: 0 {"service":"websocket-server"}
2026-01-04 00:08:18.926 [INFO ] [DRUG] Sample wait item - visit_q_no: A004, dept_name: รอจัดยา, code_dept_id: 38 {"service":"websocket-server"}
2026-01-04 00:08:18.927 [INFO ] [DRUG] Unique dept_name values in wait data: {"0":"รอจัดยา","service":"websocket-server"}
2026-01-04 00:08:20.833 [INFO ] [DRUG] เริ่มดึงข้อมูลสำหรับ setting_id: 23, date: 2026-01-04 {"service":"websocket-server"}
2026-01-04 00:08:20.897 [INFO ] [DRUG] ดึง settings สำเร็จ - department_load: 38,39, style_voice: 2, voice: 3 {"service":"websocket-server"}
2026-01-04 00:08:20.922 [INFO ] [DRUG] ผลลัพธ์จาก DB - wait: 11, active: 0, call: ไม่มี, skip: 0 {"service":"websocket-server"}
2026-01-04 00:08:20.922 [INFO ] [DRUG] Sample wait item - visit_q_no: A004, dept_name: รอจัดยา, code_dept_id: 38 {"service":"websocket-server"}
2026-01-04 00:08:20.922 [INFO ] [DRUG] Unique dept_name values in wait data: {"0":"รอจัดยา","service":"websocket-server"}
2026-01-04 00:08:22.835 [INFO ] [DRUG] เริ่มดึงข้อมูลสำหรับ setting_id: 23, date: 2026-01-04 {"service":"websocket-server"}
2026-01-04 00:08:22.899 [INFO ] [DRUG] ดึง settings สำเร็จ - department_load: 38,39, style_voice: 2, voice: 3 {"service":"websocket-server"}
2026-01-04 00:08:22.924 [INFO ] [DRUG] ผลลัพธ์จาก DB - wait: 11, active: 0, call: ไม่มี, skip: 0 {"service":"websocket-server"}
2026-01-04 00:08:22.924 [INFO ] [DRUG] Sample wait item - visit_q_no: A004, dept_name: รอจัดยา, code_dept_id: 38 {"service":"websocket-server"}
2026-01-04 00:08:22.924 [INFO ] [DRUG] Unique dept_name values in wait data: {"0":"รอจัดยา","service":"websocket-server"}
2026-01-04 00:08:24.836 [INFO ] [DRUG] เริ่มดึงข้อมูลสำหรับ setting_id: 23, date: 2026-01-04 {"service":"websocket-server"}
2026-01-04 00:08:24.898 [INFO ] [DRUG] ดึง settings สำเร็จ - department_load: 38,39, style_voice: 2, voice: 3 {"service":"websocket-server"}
2026-01-04 00:08:24.923 [INFO ] [DRUG] ผลลัพธ์จาก DB - wait: 11, active: 0, call: ไม่มี, skip: 0 {"service":"websocket-server"}
2026-01-04 00:08:24.923 [INFO ] [DRUG] Sample wait item - visit_q_no: A004, dept_name: รอจัดยา, code_dept_id: 38 {"service":"websocket-server"}
2026-01-04 00:08:24.923 [INFO ] [DRUG] Unique dept_name values in wait data: {"0":"รอจัดยา","service":"websocket-server"}
2026-01-04 00:08:26.837 [INFO ] [DRUG] เริ่มดึงข้อมูลสำหรับ setting_id: 23, date: 2026-01-04 {"service":"websocket-server"}
2026-01-04 00:08:26.902 [INFO ] [DRUG] ดึง settings สำเร็จ - department_load: 38,39, style_voice: 2, voice: 3 {"service":"websocket-server"}
2026-01-04 00:08:26.924 [INFO ] [DRUG] ผลลัพธ์จาก DB - wait: 11, active: 0, call: ไม่มี, skip: 0 {"service":"websocket-server"}
2026-01-04 00:08:26.924 [INFO ] [DRUG] Sample wait item - visit_q_no: A004, dept_name: รอจัดยา, code_dept_id: 38 {"service":"websocket-server"}
2026-01-04 00:08:26.924 [INFO ] [DRUG] Unique dept_name values in wait data: {"0":"รอจัดยา","service":"websocket-server"}
2026-01-04 00:08:28.840 [INFO ] [DRUG] เริ่มดึงข้อมูลสำหรับ setting_id: 23, date: 2026-01-04 {"service":"websocket-server"}
2026-01-04 00:08:28.908 [INFO ] [DRUG] ดึง settings สำเร็จ - department_load: 38,39, style_voice: 2, voice: 3 {"service":"websocket-server"}
2026-01-04 00:08:28.936 [INFO ] [DRUG] ผลลัพธ์จาก DB - wait: 11, active: 0, call: ไม่มี, skip: 0 {"service":"websocket-server"}
2026-01-04 00:08:28.936 [INFO ] [DRUG] Sample wait item - visit_q_no: A004, dept_name: รอจัดยา, code_dept_id: 38 {"service":"websocket-server"}
2026-01-04 00:08:28.936 [INFO ] [DRUG] Unique dept_name values in wait data: {"0":"รอจัดยา","service":"websocket-server"}
2026-01-04 00:08:30.839 [INFO ] [DRUG] เริ่มดึงข้อมูลสำหรับ setting_id: 23, date: 2026-01-04 {"service":"websocket-server"}
2026-01-04 00:08:30.900 [INFO ] [DRUG] ดึง settings สำเร็จ - department_load: 38,39, style_voice: 2, voice: 3 {"service":"websocket-server"}
2026-01-04 00:08:30.920 [INFO ] [DRUG] ผลลัพธ์จาก DB - wait: 11, active: 0, call: ไม่มี, skip: 0 {"service":"websocket-server"}
2026-01-04 00:08:30.920 [INFO ] [DRUG] Sample wait item - visit_q_no: A004, dept_name: รอจัดยา, code_dept_id: 38 {"service":"websocket-server"}
2026-01-04 00:08:30.920 [INFO ] [DRUG] Unique dept_name values in wait data: {"0":"รอจัดยา","service":"websocket-server"}
2026-01-04 00:08:32.841 [INFO ] [DRUG] เริ่มดึงข้อมูลสำหรับ setting_id: 23, date: 2026-01-04 {"service":"websocket-server"}
2026-01-04 00:08:32.906 [INFO ] [DRUG] ดึง settings สำเร็จ - department_load: 38,39, style_voice: 2, voice: 3 {"service":"websocket-server"}
2026-01-04 00:08:32.931 [INFO ] [DRUG] ผลลัพธ์จาก DB - wait: 11, active: 0, call: ไม่มี, skip: 0 {"service":"websocket-server"}
2026-01-04 00:08:32.931 [INFO ] [DRUG] Sample wait item - visit_q_no: A004, dept_name: รอจัดยา, code_dept_id: 38 {"service":"websocket-server"}
2026-01-04 00:08:32.932 [INFO ] [DRUG] Unique dept_name values in wait data: {"0":"รอจัดยา","service":"websocket-server"}
2026-01-04 00:08:34.841 [INFO ] [DRUG] เริ่มดึงข้อมูลสำหรับ setting_id: 23, date: 2026-01-04 {"service":"websocket-server"}
2026-01-04 00:08:34.904 [INFO ] [DRUG] ดึง settings สำเร็จ - department_load: 38,39, style_voice: 2, voice: 3 {"service":"websocket-server"}
2026-01-04 00:08:34.928 [INFO ] [DRUG] ผลลัพธ์จาก DB - wait: 11, active: 0, call: ไม่มี, skip: 0 {"service":"websocket-server"}
2026-01-04 00:08:34.928 [INFO ] [DRUG] Sample wait item - visit_q_no: A004, dept_name: รอจัดยา, code_dept_id: 38 {"service":"websocket-server"}
2026-01-04 00:08:34.928 [INFO ] [DRUG] Unique dept_name values in wait data: {"0":"รอจัดยา","service":"websocket-server"}
2026-01-04 00:08:36.840 [INFO ] [DRUG] เริ่มดึงข้อมูลสำหรับ setting_id: 23, date: 2026-01-04 {"service":"websocket-server"}
2026-01-04 00:08:36.906 [INFO ] [DRUG] ดึง settings สำเร็จ - department_load: 38,39, style_voice: 2, voice: 3 {"service":"websocket-server"}
2026-01-04 00:08:36.931 [INFO ] [DRUG] ผลลัพธ์จาก DB - wait: 11, active: 0, call: ไม่มี, skip: 0 {"service":"websocket-server"}
2026-01-04 00:08:36.931 [INFO ] [DRUG] Sample wait item - visit_q_no: A004, dept_name: รอจัดยา, code_dept_id: 38 {"service":"websocket-server"}
2026-01-04 00:08:36.931 [INFO ] [DRUG] Unique dept_name values in wait data: {"0":"รอจัดยา","service":"websocket-server"}
2026-01-04 00:08:38.839 [INFO ] [DRUG] เริ่มดึงข้อมูลสำหรับ setting_id: 23, date: 2026-01-04 {"service":"websocket-server"}
2026-01-04 00:08:38.903 [INFO ] [DRUG] ดึง settings สำเร็จ - department_load: 38,39, style_voice: 2, voice: 3 {"service":"websocket-server"}
2026-01-04 00:08:38.928 [INFO ] [DRUG] ผลลัพธ์จาก DB - wait: 11, active: 0, call: ไม่มี, skip: 0 {"service":"websocket-server"}
2026-01-04 00:08:38.928 [INFO ] [DRUG] Sample wait item - visit_q_no: A004, dept_name: รอจัดยา, code_dept_id: 38 {"service":"websocket-server"}
2026-01-04 00:08:38.928 [INFO ] [DRUG] Unique dept_name values in wait data: {"0":"รอจัดยา","service":"websocket-server"}
2026-01-04 00:08:40.839 [INFO ] [DRUG] เริ่มดึงข้อมูลสำหรับ setting_id: 23, date: 2026-01-04 {"service":"websocket-server"}
2026-01-04 00:08:40.904 [INFO ] [DRUG] ดึง settings สำเร็จ - department_load: 38,39, style_voice: 2, voice: 3 {"service":"websocket-server"}
2026-01-04 00:08:40.929 [INFO ] [DRUG] ผลลัพธ์จาก DB - wait: 11, active: 0, call: ไม่มี, skip: 0 {"service":"websocket-server"}
2026-01-04 00:08:40.929 [INFO ] [DRUG] Sample wait item - visit_q_no: A004, dept_name: รอจัดยา, code_dept_id: 38 {"service":"websocket-server"}
2026-01-04 00:08:40.929 [INFO ] [DRUG] Unique dept_name values in wait data: {"0":"รอจัดยา","service":"websocket-server"}
2026-01-04 00:08:42.838 [INFO ] [DRUG] เริ่มดึงข้อมูลสำหรับ setting_id: 23, date: 2026-01-04 {"service":"websocket-server"}
2026-01-04 00:08:42.904 [INFO ] [DRUG] ดึง settings สำเร็จ - department_load: 38,39, style_voice: 2, voice: 3 {"service":"websocket-server"}
2026-01-04 00:08:42.929 [INFO ] [DRUG] ผลลัพธ์จาก DB - wait: 11, active: 0, call: ไม่มี, skip: 0 {"service":"websocket-server"}
2026-01-04 00:08:42.929 [INFO ] [DRUG] Sample wait item - visit_q_no: A004, dept_name: รอจัดยา, code_dept_id: 38 {"service":"websocket-server"}
2026-01-04 00:08:42.930 [INFO ] [DRUG] Unique dept_name values in wait data: {"0":"รอจัดยา","service":"websocket-server"}
2026-01-04 00:08:44.838 [INFO ] [DRUG] เริ่มดึงข้อมูลสำหรับ setting_id: 23, date: 2026-01-04 {"service":"websocket-server"}
2026-01-04 00:08:44.901 [INFO ] [DRUG] ดึง settings สำเร็จ - department_load: 38,39, style_voice: 2, voice: 3 {"service":"websocket-server"}
2026-01-04 00:08:44.927 [INFO ] [DRUG] ผลลัพธ์จาก DB - wait: 11, active: 0, call: ไม่มี, skip: 0 {"service":"websocket-server"}
2026-01-04 00:08:44.927 [INFO ] [DRUG] Sample wait item - visit_q_no: A004, dept_name: รอจัดยา, code_dept_id: 38 {"service":"websocket-server"}
2026-01-04 00:08:44.927 [INFO ] [DRUG] Unique dept_name values in wait data: {"0":"รอจัดยา","service":"websocket-server"}
2026-01-04 00:08:46.837 [INFO ] [DRUG] เริ่มดึงข้อมูลสำหรับ setting_id: 23, date: 2026-01-04 {"service":"websocket-server"}
2026-01-04 00:08:46.898 [INFO ] [DRUG] ดึง settings สำเร็จ - department_load: 38,39, style_voice: 2, voice: 3 {"service":"websocket-server"}
2026-01-04 00:08:46.923 [INFO ] [DRUG] ผลลัพธ์จาก DB - wait: 11, active: 0, call: ไม่มี, skip: 0 {"service":"websocket-server"}
2026-01-04 00:08:46.923 [INFO ] [DRUG] Sample wait item - visit_q_no: A004, dept_name: รอจัดยา, code_dept_id: 38 {"service":"websocket-server"}
2026-01-04 00:08:46.923 [INFO ] [DRUG] Unique dept_name values in wait data: {"0":"รอจัดยา","service":"websocket-server"}
2026-01-04 00:08:48.838 [INFO ] [DRUG] เริ่มดึงข้อมูลสำหรับ setting_id: 23, date: 2026-01-04 {"service":"websocket-server"}
2026-01-04 00:08:48.901 [INFO ] [DRUG] ดึง settings สำเร็จ - department_load: 38,39, style_voice: 2, voice: 3 {"service":"websocket-server"}
2026-01-04 00:08:48.926 [INFO ] [DRUG] ผลลัพธ์จาก DB - wait: 11, active: 0, call: ไม่มี, skip: 0 {"service":"websocket-server"}
2026-01-04 00:08:48.926 [INFO ] [DRUG] Sample wait item - visit_q_no: A004, dept_name: รอจัดยา, code_dept_id: 38 {"service":"websocket-server"}
2026-01-04 00:08:48.926 [INFO ] [DRUG] Unique dept_name values in wait data: {"0":"รอจัดยา","service":"websocket-server"}
2026-01-04 00:08:50.838 [INFO ] [DRUG] เริ่มดึงข้อมูลสำหรับ setting_id: 23, date: 2026-01-04 {"service":"websocket-server"}
2026-01-04 00:08:50.904 [INFO ] [DRUG] ดึง settings สำเร็จ - department_load: 38,39, style_voice: 2, voice: 3 {"service":"websocket-server"}
2026-01-04 00:08:50.929 [INFO ] [DRUG] ผลลัพธ์จาก DB - wait: 11, active: 0, call: ไม่มี, skip: 0 {"service":"websocket-server"}
2026-01-04 00:08:50.929 [INFO ] [DRUG] Sample wait item - visit_q_no: A004, dept_name: รอจัดยา, code_dept_id: 38 {"service":"websocket-server"}
2026-01-04 00:08:50.929 [INFO ] [DRUG] Unique dept_name values in wait data: {"0":"รอจัดยา","service":"websocket-server"}
2026-01-04 00:08:52.838 [INFO ] [DRUG] เริ่มดึงข้อมูลสำหรับ setting_id: 23, date: 2026-01-04 {"service":"websocket-server"}
2026-01-04 00:08:52.900 [INFO ] [DRUG] ดึง settings สำเร็จ - department_load: 38,39, style_voice: 2, voice: 3 {"service":"websocket-server"}
2026-01-04 00:08:52.923 [INFO ] [DRUG] ผลลัพธ์จาก DB - wait: 11, active: 0, call: ไม่มี, skip: 0 {"service":"websocket-server"}
2026-01-04 00:08:52.923 [INFO ] [DRUG] Sample wait item - visit_q_no: A004, dept_name: รอจัดยา, code_dept_id: 38 {"service":"websocket-server"}
2026-01-04 00:08:52.923 [INFO ] [DRUG] Unique dept_name values in wait data: {"0":"รอจัดยา","service":"websocket-server"}
2026-01-04 00:08:54.838 [INFO ] [DRUG] เริ่มดึงข้อมูลสำหรับ setting_id: 23, date: 2026-01-04 {"service":"websocket-server"}
2026-01-04 00:08:54.912 [INFO ] [DRUG] ดึง settings สำเร็จ - department_load: 38,39, style_voice: 2, voice: 3 {"service":"websocket-server"}
2026-01-04 00:08:54.935 [INFO ] [DRUG] ผลลัพธ์จาก DB - wait: 11, active: 0, call: ไม่มี, skip: 0 {"service":"websocket-server"}
2026-01-04 00:08:54.935 [INFO ] [DRUG] Sample wait item - visit_q_no: A004, dept_name: รอจัดยา, code_dept_id: 38 {"service":"websocket-server"}
2026-01-04 00:08:54.936 [INFO ] [DRUG] Unique dept_name values in wait data: {"0":"รอจัดยา","service":"websocket-server"}
2026-01-04 00:08:56.838 [INFO ] [DRUG] เริ่มดึงข้อมูลสำหรับ setting_id: 23, date: 2026-01-04 {"service":"websocket-server"}
2026-01-04 00:08:56.902 [INFO ] [DRUG] ดึง settings สำเร็จ - department_load: 38,39, style_voice: 2, voice: 3 {"service":"websocket-server"}
2026-01-04 00:08:56.925 [INFO ] [DRUG] ผลลัพธ์จาก DB - wait: 11, active: 0, call: ไม่มี, skip: 0 {"service":"websocket-server"}
2026-01-04 00:08:56.925 [INFO ] [DRUG] Sample wait item - visit_q_no: A004, dept_name: รอจัดยา, code_dept_id: 38 {"service":"websocket-server"}
2026-01-04 00:08:56.926 [INFO ] [DRUG] Unique dept_name values in wait data: {"0":"รอจัดยา","service":"websocket-server"}
2026-01-04 00:08:58.839 [INFO ] [DRUG] เริ่มดึงข้อมูลสำหรับ setting_id: 23, date: 2026-01-04 {"service":"websocket-server"}
2026-01-04 00:08:58.899 [INFO ] [DRUG] ดึง settings สำเร็จ - department_load: 38,39, style_voice: 2, voice: 3 {"service":"websocket-server"}
2026-01-04 00:08:58.926 [INFO ] [DRUG] ผลลัพธ์จาก DB - wait: 11, active: 0, call: ไม่มี, skip: 0 {"service":"websocket-server"}
2026-01-04 00:08:58.926 [INFO ] [DRUG] Sample wait item - visit_q_no: A004, dept_name: รอจัดยา, code_dept_id: 38 {"service":"websocket-server"}
2026-01-04 00:08:58.927 [INFO ] [DRUG] Unique dept_name values in wait data: {"0":"รอจัดยา","service":"websocket-server"}
2026-01-04 00:09:00.839 [INFO ] [DRUG] เริ่มดึงข้อมูลสำหรับ setting_id: 23, date: 2026-01-04 {"service":"websocket-server"}
2026-01-04 00:09:00.903 [INFO ] [DRUG] ดึง settings สำเร็จ - department_load: 38,39, style_voice: 2, voice: 3 {"service":"websocket-server"}
2026-01-04 00:09:00.928 [INFO ] [DRUG] ผลลัพธ์จาก DB - wait: 11, active: 0, call: ไม่มี, skip: 0 {"service":"websocket-server"}
2026-01-04 00:09:00.928 [INFO ] [DRUG] Sample wait item - visit_q_no: A004, dept_name: รอจัดยา, code_dept_id: 38 {"service":"websocket-server"}
2026-01-04 00:09:00.928 [INFO ] [DRUG] Unique dept_name values in wait data: {"0":"รอจัดยา","service":"websocket-server"}
2026-01-04 00:09:02.839 [INFO ] [DRUG] เริ่มดึงข้อมูลสำหรับ setting_id: 23, date: 2026-01-04 {"service":"websocket-server"}
2026-01-04 00:09:02.904 [INFO ] [DRUG] ดึง settings สำเร็จ - department_load: 38,39, style_voice: 2, voice: 3 {"service":"websocket-server"}
2026-01-04 00:09:02.929 [INFO ] [DRUG] ผลลัพธ์จาก DB - wait: 11, active: 0, call: ไม่มี, skip: 0 {"service":"websocket-server"}
2026-01-04 00:09:02.929 [INFO ] [DRUG] Sample wait item - visit_q_no: A004, dept_name: รอจัดยา, code_dept_id: 38 {"service":"websocket-server"}
2026-01-04 00:09:02.930 [INFO ] [DRUG] Unique dept_name values in wait data: {"0":"รอจัดยา","service":"websocket-server"}
2026-01-04 00:09:04.840 [INFO ] [DRUG] เริ่มดึงข้อมูลสำหรับ setting_id: 23, date: 2026-01-04 {"service":"websocket-server"}
2026-01-04 00:09:04.903 [INFO ] [DRUG] ดึง settings สำเร็จ - department_load: 38,39, style_voice: 2, voice: 3 {"service":"websocket-server"}
2026-01-04 00:09:04.927 [INFO ] [DRUG] ผลลัพธ์จาก DB - wait: 11, active: 0, call: ไม่มี, skip: 0 {"service":"websocket-server"}
2026-01-04 00:09:04.928 [INFO ] [DRUG] Sample wait item - visit_q_no: A004, dept_name: รอจัดยา, code_dept_id: 38 {"service":"websocket-server"}
2026-01-04 00:09:04.928 [INFO ] [DRUG] Unique dept_name values in wait data: {"0":"รอจัดยา","service":"websocket-server"}
2026-01-04 00:09:06.842 [INFO ] [DRUG] เริ่มดึงข้อมูลสำหรับ setting_id: 23, date: 2026-01-04 {"service":"websocket-server"}
2026-01-04 00:09:06.903 [INFO ] [DRUG] ดึง settings สำเร็จ - department_load: 38,39, style_voice: 2, voice: 3 {"service":"websocket-server"}
2026-01-04 00:09:06.927 [INFO ] [DRUG] ผลลัพธ์จาก DB - wait: 11, active: 0, call: ไม่มี, skip: 0 {"service":"websocket-server"}
2026-01-04 00:09:06.927 [INFO ] [DRUG] Sample wait item - visit_q_no: A004, dept_name: รอจัดยา, code_dept_id: 38 {"service":"websocket-server"}
2026-01-04 00:09:06.927 [INFO ] [DRUG] Unique dept_name values in wait data: {"0":"รอจัดยา","service":"websocket-server"}
2026-01-04 00:09:08.843 [INFO ] [DRUG] เริ่มดึงข้อมูลสำหรับ setting_id: 23, date: 2026-01-04 {"service":"websocket-server"}
2026-01-04 00:09:08.905 [INFO ] [DRUG] ดึง settings สำเร็จ - department_load: 38,39, style_voice: 2, voice: 3 {"service":"websocket-server"}
2026-01-04 00:09:08.930 [INFO ] [DRUG] ผลลัพธ์จาก DB - wait: 11, active: 0, call: ไม่มี, skip: 0 {"service":"websocket-server"}
2026-01-04 00:09:08.930 [INFO ] [DRUG] Sample wait item - visit_q_no: A004, dept_name: รอจัดยา, code_dept_id: 38 {"service":"websocket-server"}
2026-01-04 00:09:08.930 [INFO ] [DRUG] Unique dept_name values in wait data: {"0":"รอจัดยา","service":"websocket-server"}
2026-01-04 00:09:10.844 [INFO ] [DRUG] เริ่มดึงข้อมูลสำหรับ setting_id: 23, date: 2026-01-04 {"service":"websocket-server"}
2026-01-04 00:09:10.905 [INFO ] [DRUG] ดึง settings สำเร็จ - department_load: 38,39, style_voice: 2, voice: 3 {"service":"websocket-server"}
2026-01-04 00:09:10.930 [INFO ] [DRUG] ผลลัพธ์จาก DB - wait: 11, active: 0, call: ไม่มี, skip: 0 {"service":"websocket-server"}
2026-01-04 00:09:10.930 [INFO ] [DRUG] Sample wait item - visit_q_no: A004, dept_name: รอจัดยา, code_dept_id: 38 {"service":"websocket-server"}
2026-01-04 00:09:10.930 [INFO ] [DRUG] Unique dept_name values in wait data: {"0":"รอจัดยา","service":"websocket-server"}
2026-01-04 00:09:12.845 [INFO ] [DRUG] เริ่มดึงข้อมูลสำหรับ setting_id: 23, date: 2026-01-04 {"service":"websocket-server"}
2026-01-04 00:09:12.906 [INFO ] [DRUG] ดึง settings สำเร็จ - department_load: 38,39, style_voice: 2, voice: 3 {"service":"websocket-server"}
2026-01-04 00:09:12.929 [INFO ] [DRUG] ผลลัพธ์จาก DB - wait: 11, active: 0, call: ไม่มี, skip: 0 {"service":"websocket-server"}
2026-01-04 00:09:12.929 [INFO ] [DRUG] Sample wait item - visit_q_no: A004, dept_name: รอจัดยา, code_dept_id: 38 {"service":"websocket-server"}
2026-01-04 00:09:12.929 [INFO ] [DRUG] Unique dept_name values in wait data: {"0":"รอจัดยา","service":"websocket-server"}
2026-01-04 00:09:14.846 [INFO ] [DRUG] เริ่มดึงข้อมูลสำหรับ setting_id: 23, date: 2026-01-04 {"service":"websocket-server"}
2026-01-04 00:09:14.911 [INFO ] [DRUG] ดึง settings สำเร็จ - department_load: 38,39, style_voice: 2, voice: 3 {"service":"websocket-server"}
2026-01-04 00:09:14.936 [INFO ] [DRUG] ผลลัพธ์จาก DB - wait: 11, active: 0, call: ไม่มี, skip: 0 {"service":"websocket-server"}
2026-01-04 00:09:14.936 [INFO ] [DRUG] Sample wait item - visit_q_no: A004, dept_name: รอจัดยา, code_dept_id: 38 {"service":"websocket-server"}
2026-01-04 00:09:14.936 [INFO ] [DRUG] Unique dept_name values in wait data: {"0":"รอจัดยา","service":"websocket-server"}
2026-01-04 00:09:16.847 [INFO ] [DRUG] เริ่มดึงข้อมูลสำหรับ setting_id: 23, date: 2026-01-04 {"service":"websocket-server"}
2026-01-04 00:09:16.909 [INFO ] [DRUG] ดึง settings สำเร็จ - department_load: 38,39, style_voice: 2, voice: 3 {"service":"websocket-server"}
2026-01-04 00:09:16.933 [INFO ] [DRUG] ผลลัพธ์จาก DB - wait: 11, active: 0, call: ไม่มี, skip: 0 {"service":"websocket-server"}
2026-01-04 00:09:16.933 [INFO ] [DRUG] Sample wait item - visit_q_no: A004, dept_name: รอจัดยา, code_dept_id: 38 {"service":"websocket-server"}
2026-01-04 00:09:16.933 [INFO ] [DRUG] Unique dept_name values in wait data: {"0":"รอจัดยา","service":"websocket-server"}
2026-01-04 00:09:18.849 [INFO ] [DRUG] เริ่มดึงข้อมูลสำหรับ setting_id: 23, date: 2026-01-04 {"service":"websocket-server"}
2026-01-04 00:09:18.914 [INFO ] [DRUG] ดึง settings สำเร็จ - department_load: 38,39, style_voice: 2, voice: 3 {"service":"websocket-server"}
2026-01-04 00:09:18.937 [INFO ] [DRUG] ผลลัพธ์จาก DB - wait: 11, active: 0, call: ไม่มี, skip: 0 {"service":"websocket-server"}
2026-01-04 00:09:18.937 [INFO ] [DRUG] Sample wait item - visit_q_no: A004, dept_name: รอจัดยา, code_dept_id: 38 {"service":"websocket-server"}
2026-01-04 00:09:18.938 [INFO ] [DRUG] Unique dept_name values in wait data: {"0":"รอจัดยา","service":"websocket-server"}
2026-01-04 00:09:20.848 [INFO ] [DRUG] เริ่มดึงข้อมูลสำหรับ setting_id: 23, date: 2026-01-04 {"service":"websocket-server"}
2026-01-04 00:09:20.912 [INFO ] [DRUG] ดึง settings สำเร็จ - department_load: 38,39, style_voice: 2, voice: 3 {"service":"websocket-server"}
2026-01-04 00:09:20.938 [INFO ] [DRUG] ผลลัพธ์จาก DB - wait: 11, active: 0, call: ไม่มี, skip: 0 {"service":"websocket-server"}
2026-01-04 00:09:20.938 [INFO ] [DRUG] Sample wait item - visit_q_no: A004, dept_name: รอจัดยา, code_dept_id: 38 {"service":"websocket-server"}
2026-01-04 00:09:20.938 [INFO ] [DRUG] Unique dept_name values in wait data: {"0":"รอจัดยา","service":"websocket-server"}
2026-01-04 00:09:22.849 [INFO ] [DRUG] เริ่มดึงข้อมูลสำหรับ setting_id: 23, date: 2026-01-04 {"service":"websocket-server"}
2026-01-04 00:09:22.914 [INFO ] [DRUG] ดึง settings สำเร็จ - department_load: 38,39, style_voice: 2, voice: 3 {"service":"websocket-server"}
2026-01-04 00:09:22.939 [INFO ] [DRUG] ผลลัพธ์จาก DB - wait: 11, active: 0, call: ไม่มี, skip: 0 {"service":"websocket-server"}
2026-01-04 00:09:22.940 [INFO ] [DRUG] Sample wait item - visit_q_no: A004, dept_name: รอจัดยา, code_dept_id: 38 {"service":"websocket-server"}
2026-01-04 00:09:22.940 [INFO ] [DRUG] Unique dept_name values in wait data: {"0":"รอจัดยา","service":"websocket-server"}
2026-01-04 00:09:24.849 [INFO ] [DRUG] เริ่มดึงข้อมูลสำหรับ setting_id: 23, date: 2026-01-04 {"service":"websocket-server"}
2026-01-04 00:09:24.913 [INFO ] [DRUG] ดึง settings สำเร็จ - department_load: 38,39, style_voice: 2, voice: 3 {"service":"websocket-server"}
2026-01-04 00:09:24.937 [INFO ] [DRUG] ผลลัพธ์จาก DB - wait: 11, active: 0, call: ไม่มี, skip: 0 {"service":"websocket-server"}
2026-01-04 00:09:24.938 [INFO ] [DRUG] Sample wait item - visit_q_no: A004, dept_name: รอจัดยา, code_dept_id: 38 {"service":"websocket-server"}
2026-01-04 00:09:24.938 [INFO ] [DRUG] Unique dept_name values in wait data: {"0":"รอจัดยา","service":"websocket-server"}
2026-01-04 00:09:26.851 [INFO ] [DRUG] เริ่มดึงข้อมูลสำหรับ setting_id: 23, date: 2026-01-04 {"service":"websocket-server"}
2026-01-04 00:09:26.913 [INFO ] [DRUG] ดึง settings สำเร็จ - department_load: 38,39, style_voice: 2, voice: 3 {"service":"websocket-server"}
2026-01-04 00:09:26.938 [INFO ] [DRUG] ผลลัพธ์จาก DB - wait: 11, active: 0, call: ไม่มี, skip: 0 {"service":"websocket-server"}
2026-01-04 00:09:26.938 [INFO ] [DRUG] Sample wait item - visit_q_no: A004, dept_name: รอจัดยา, code_dept_id: 38 {"service":"websocket-server"}
2026-01-04 00:09:26.938 [INFO ] [DRUG] Unique dept_name values in wait data: {"0":"รอจัดยา","service":"websocket-server"}
2026-01-04 00:09:28.851 [INFO ] [DRUG] เริ่มดึงข้อมูลสำหรับ setting_id: 23, date: 2026-01-04 {"service":"websocket-server"}
2026-01-04 00:09:28.915 [INFO ] [DRUG] ดึง settings สำเร็จ - department_load: 38,39, style_voice: 2, voice: 3 {"service":"websocket-server"}
2026-01-04 00:09:28.939 [INFO ] [DRUG] ผลลัพธ์จาก DB - wait: 11, active: 0, call: ไม่มี, skip: 0 {"service":"websocket-server"}
2026-01-04 00:09:28.939 [INFO ] [DRUG] Sample wait item - visit_q_no: A004, dept_name: รอจัดยา, code_dept_id: 38 {"service":"websocket-server"}
2026-01-04 00:09:28.940 [INFO ] [DRUG] Unique dept_name values in wait data: {"0":"รอจัดยา","service":"websocket-server"}
2026-01-04 00:09:30.853 [INFO ] [DRUG] เริ่มดึงข้อมูลสำหรับ setting_id: 23, date: 2026-01-04 {"service":"websocket-server"}
2026-01-04 00:09:30.916 [INFO ] [DRUG] ดึง settings สำเร็จ - department_load: 38,39, style_voice: 2, voice: 3 {"service":"websocket-server"}
2026-01-04 00:09:30.943 [INFO ] [DRUG] ผลลัพธ์จาก DB - wait: 11, active: 0, call: ไม่มี, skip: 0 {"service":"websocket-server"}
2026-01-04 00:09:30.943 [INFO ] [DRUG] Sample wait item - visit_q_no: A004, dept_name: รอจัดยา, code_dept_id: 38 {"service":"websocket-server"}
2026-01-04 00:09:30.943 [INFO ] [DRUG] Unique dept_name values in wait data: {"0":"รอจัดยา","service":"websocket-server"}
2026-01-04 00:09:32.853 [INFO ] [DRUG] เริ่มดึงข้อมูลสำหรับ setting_id: 23, date: 2026-01-04 {"service":"websocket-server"}
2026-01-04 00:09:32.914 [INFO ] [DRUG] ดึง settings สำเร็จ - department_load: 38,39, style_voice: 2, voice: 3 {"service":"websocket-server"}
2026-01-04 00:09:32.937 [INFO ] [DRUG] ผลลัพธ์จาก DB - wait: 11, active: 0, call: ไม่มี, skip: 0 {"service":"websocket-server"}
2026-01-04 00:09:32.938 [INFO ] [DRUG] Sample wait item - visit_q_no: A004, dept_name: รอจัดยา, code_dept_id: 38 {"service":"websocket-server"}
2026-01-04 00:09:32.938 [INFO ] [DRUG] Unique dept_name values in wait data: {"0":"รอจัดยา","service":"websocket-server"}
2026-01-04 00:09:34.854 [INFO ] [DRUG] เริ่มดึงข้อมูลสำหรับ setting_id: 23, date: 2026-01-04 {"service":"websocket-server"}
2026-01-04 00:09:34.920 [INFO ] [DRUG] ดึง settings สำเร็จ - department_load: 38,39, style_voice: 2, voice: 3 {"service":"websocket-server"}
2026-01-04 00:09:34.943 [INFO ] [DRUG] ผลลัพธ์จาก DB - wait: 11, active: 0, call: ไม่มี, skip: 0 {"service":"websocket-server"}
2026-01-04 00:09:34.943 [INFO ] [DRUG] Sample wait item - visit_q_no: A004, dept_name: รอจัดยา, code_dept_id: 38 {"service":"websocket-server"}
2026-01-04 00:09:34.943 [INFO ] [DRUG] Unique dept_name values in wait data: {"0":"รอจัดยา","service":"websocket-server"}
2026-01-04 00:09:36.855 [INFO ] [DRUG] เริ่มดึงข้อมูลสำหรับ setting_id: 23, date: 2026-01-04 {"service":"websocket-server"}
2026-01-04 00:09:36.917 [INFO ] [DRUG] ดึง settings สำเร็จ - department_load: 38,39, style_voice: 2, voice: 3 {"service":"websocket-server"}
2026-01-04 00:09:36.942 [INFO ] [DRUG] ผลลัพธ์จาก DB - wait: 11, active: 0, call: ไม่มี, skip: 0 {"service":"websocket-server"}
2026-01-04 00:09:36.942 [INFO ] [DRUG] Sample wait item - visit_q_no: A004, dept_name: รอจัดยา, code_dept_id: 38 {"service":"websocket-server"}
2026-01-04 00:09:36.943 [INFO ] [DRUG] Unique dept_name values in wait data: {"0":"รอจัดยา","service":"websocket-server"}
2026-01-04 00:09:38.856 [INFO ] [DRUG] เริ่มดึงข้อมูลสำหรับ setting_id: 23, date: 2026-01-04 {"service":"websocket-server"}
2026-01-04 00:09:38.918 [INFO ] [DRUG] ดึง settings สำเร็จ - department_load: 38,39, style_voice: 2, voice: 3 {"service":"websocket-server"}
2026-01-04 00:09:38.943 [INFO ] [DRUG] ผลลัพธ์จาก DB - wait: 11, active: 0, call: ไม่มี, skip: 0 {"service":"websocket-server"}
2026-01-04 00:09:38.944 [INFO ] [DRUG] Sample wait item - visit_q_no: A004, dept_name: รอจัดยา, code_dept_id: 38 {"service":"websocket-server"}
2026-01-04 00:09:38.944 [INFO ] [DRUG] Unique dept_name values in wait data: {"0":"รอจัดยา","service":"websocket-server"}
2026-01-04 00:09:40.857 [INFO ] [DRUG] เริ่มดึงข้อมูลสำหรับ setting_id: 23, date: 2026-01-04 {"service":"websocket-server"}
2026-01-04 00:09:40.921 [INFO ] [DRUG] ดึง settings สำเร็จ - department_load: 38,39, style_voice: 2, voice: 3 {"service":"websocket-server"}
2026-01-04 00:09:40.946 [INFO ] [DRUG] ผลลัพธ์จาก DB - wait: 11, active: 0, call: ไม่มี, skip: 0 {"service":"websocket-server"}
2026-01-04 00:09:40.946 [INFO ] [DRUG] Sample wait item - visit_q_no: A004, dept_name: รอจัดยา, code_dept_id: 38 {"service":"websocket-server"}
2026-01-04 00:09:40.947 [INFO ] [DRUG] Unique dept_name values in wait data: {"0":"รอจัดยา","service":"websocket-server"}
2026-01-04 00:09:42.858 [INFO ] [DRUG] เริ่มดึงข้อมูลสำหรับ setting_id: 23, date: 2026-01-04 {"service":"websocket-server"}
2026-01-04 00:09:42.922 [INFO ] [DRUG] ดึง settings สำเร็จ - department_load: 38,39, style_voice: 2, voice: 3 {"service":"websocket-server"}
2026-01-04 00:09:42.948 [INFO ] [DRUG] ผลลัพธ์จาก DB - wait: 11, active: 0, call: ไม่มี, skip: 0 {"service":"websocket-server"}
2026-01-04 00:09:42.948 [INFO ] [DRUG] Sample wait item - visit_q_no: A004, dept_name: รอจัดยา, code_dept_id: 38 {"service":"websocket-server"}
2026-01-04 00:09:42.948 [INFO ] [DRUG] Unique dept_name values in wait data: {"0":"รอจัดยา","service":"websocket-server"}
2026-01-04 00:09:44.860 [INFO ] [DRUG] เริ่มดึงข้อมูลสำหรับ setting_id: 23, date: 2026-01-04 {"service":"websocket-server"}
2026-01-04 00:09:44.923 [INFO ] [DRUG] ดึง settings สำเร็จ - department_load: 38,39, style_voice: 2, voice: 3 {"service":"websocket-server"}
2026-01-04 00:09:44.947 [INFO ] [DRUG] ผลลัพธ์จาก DB - wait: 11, active: 0, call: ไม่มี, skip: 0 {"service":"websocket-server"}
2026-01-04 00:09:44.947 [INFO ] [DRUG] Sample wait item - visit_q_no: A004, dept_name: รอจัดยา, code_dept_id: 38 {"service":"websocket-server"}
2026-01-04 00:09:44.947 [INFO ] [DRUG] Unique dept_name values in wait data: {"0":"รอจัดยา","service":"websocket-server"}
2026-01-04 00:09:46.860 [INFO ] [DRUG] เริ่มดึงข้อมูลสำหรับ setting_id: 23, date: 2026-01-04 {"service":"websocket-server"}
2026-01-04 00:09:46.922 [INFO ] [DRUG] ดึง settings สำเร็จ - department_load: 38,39, style_voice: 2, voice: 3 {"service":"websocket-server"}
2026-01-04 00:09:46.947 [INFO ] [DRUG] ผลลัพธ์จาก DB - wait: 11, active: 0, call: ไม่มี, skip: 0 {"service":"websocket-server"}
2026-01-04 00:09:46.947 [INFO ] [DRUG] Sample wait item - visit_q_no: A004, dept_name: รอจัดยา, code_dept_id: 38 {"service":"websocket-server"}
2026-01-04 00:09:46.948 [INFO ] [DRUG] Unique dept_name values in wait data: {"0":"รอจัดยา","service":"websocket-server"}
2026-01-04 00:09:48.860 [INFO ] [DRUG] เริ่มดึงข้อมูลสำหรับ setting_id: 23, date: 2026-01-04 {"service":"websocket-server"}
2026-01-04 00:09:48.924 [INFO ] [DRUG] ดึง settings สำเร็จ - department_load: 38,39, style_voice: 2, voice: 3 {"service":"websocket-server"}
2026-01-04 00:09:48.947 [INFO ] [DRUG] ผลลัพธ์จาก DB - wait: 11, active: 0, call: ไม่มี, skip: 0 {"service":"websocket-server"}
2026-01-04 00:09:48.947 [INFO ] [DRUG] Sample wait item - visit_q_no: A004, dept_name: รอจัดยา, code_dept_id: 38 {"service":"websocket-server"}
2026-01-04 00:09:48.947 [INFO ] [DRUG] Unique dept_name values in wait data: {"0":"รอจัดยา","service":"websocket-server"}
2026-01-04 00:09:50.861 [INFO ] [DRUG] เริ่มดึงข้อมูลสำหรับ setting_id: 23, date: 2026-01-04 {"service":"websocket-server"}
2026-01-04 00:09:50.925 [INFO ] [DRUG] ดึง settings สำเร็จ - department_load: 38,39, style_voice: 2, voice: 3 {"service":"websocket-server"}
2026-01-04 00:09:50.951 [INFO ] [DRUG] ผลลัพธ์จาก DB - wait: 11, active: 0, call: ไม่มี, skip: 0 {"service":"websocket-server"}
2026-01-04 00:09:50.951 [INFO ] [DRUG] Sample wait item - visit_q_no: A004, dept_name: รอจัดยา, code_dept_id: 38 {"service":"websocket-server"}
2026-01-04 00:09:50.951 [INFO ] [DRUG] Unique dept_name values in wait data: {"0":"รอจัดยา","service":"websocket-server"}
2026-01-04 00:09:52.862 [INFO ] [DRUG] เริ่มดึงข้อมูลสำหรับ setting_id: 23, date: 2026-01-04 {"service":"websocket-server"}
2026-01-04 00:09:52.928 [INFO ] [DRUG] ดึง settings สำเร็จ - department_load: 38,39, style_voice: 2, voice: 3 {"service":"websocket-server"}
2026-01-04 00:09:52.952 [INFO ] [DRUG] ผลลัพธ์จาก DB - wait: 11, active: 0, call: ไม่มี, skip: 0 {"service":"websocket-server"}
2026-01-04 00:09:52.952 [INFO ] [DRUG] Sample wait item - visit_q_no: A004, dept_name: รอจัดยา, code_dept_id: 38 {"service":"websocket-server"}
2026-01-04 00:09:52.952 [INFO ] [DRUG] Unique dept_name values in wait data: {"0":"รอจัดยา","service":"websocket-server"}
2026-01-04 00:09:54.863 [INFO ] [DRUG] เริ่มดึงข้อมูลสำหรับ setting_id: 23, date: 2026-01-04 {"service":"websocket-server"}
2026-01-04 00:09:54.926 [INFO ] [DRUG] ดึง settings สำเร็จ - department_load: 38,39, style_voice: 2, voice: 3 {"service":"websocket-server"}
2026-01-04 00:09:54.951 [INFO ] [DRUG] ผลลัพธ์จาก DB - wait: 11, active: 0, call: ไม่มี, skip: 0 {"service":"websocket-server"}
2026-01-04 00:09:54.952 [INFO ] [DRUG] Sample wait item - visit_q_no: A004, dept_name: รอจัดยา, code_dept_id: 38 {"service":"websocket-server"}
2026-01-04 00:09:54.952 [INFO ] [DRUG] Unique dept_name values in wait data: {"0":"รอจัดยา","service":"websocket-server"}
2026-01-04 00:09:56.864 [INFO ] [DRUG] เริ่มดึงข้อมูลสำหรับ setting_id: 23, date: 2026-01-04 {"service":"websocket-server"}
2026-01-04 00:09:56.929 [INFO ] [DRUG] ดึง settings สำเร็จ - department_load: 38,39, style_voice: 2, voice: 3 {"service":"websocket-server"}
2026-01-04 00:09:56.955 [INFO ] [DRUG] ผลลัพธ์จาก DB - wait: 11, active: 0, call: ไม่มี, skip: 0 {"service":"websocket-server"}
2026-01-04 00:09:56.955 [INFO ] [DRUG] Sample wait item - visit_q_no: A004, dept_name: รอจัดยา, code_dept_id: 38 {"service":"websocket-server"}
2026-01-04 00:09:56.956 [INFO ] [DRUG] Unique dept_name values in wait data: {"0":"รอจัดยา","service":"websocket-server"}
2026-01-04 00:09:58.866 [INFO ] [DRUG] เริ่มดึงข้อมูลสำหรับ setting_id: 23, date: 2026-01-04 {"service":"websocket-server"}
2026-01-04 00:09:58.930 [INFO ] [DRUG] ดึง settings สำเร็จ - department_load: 38,39, style_voice: 2, voice: 3 {"service":"websocket-server"}
2026-01-04 00:09:58.954 [INFO ] [DRUG] ผลลัพธ์จาก DB - wait: 11, active: 0, call: ไม่มี, skip: 0 {"service":"websocket-server"}
2026-01-04 00:09:58.955 [INFO ] [DRUG] Sample wait item - visit_q_no: A004, dept_name: รอจัดยา, code_dept_id: 38 {"service":"websocket-server"}
2026-01-04 00:09:58.955 [INFO ] [DRUG] Unique dept_name values in wait data: {"0":"รอจัดยา","service":"websocket-server"}
2026-01-04 00:10:00.867 [INFO ] [DRUG] เริ่มดึงข้อมูลสำหรับ setting_id: 23, date: 2026-01-04 {"service":"websocket-server"}
2026-01-04 00:10:00.929 [INFO ] [DRUG] ดึง settings สำเร็จ - department_load: 38,39, style_voice: 2, voice: 3 {"service":"websocket-server"}
2026-01-04 00:10:00.953 [INFO ] [DRUG] ผลลัพธ์จาก DB - wait: 11, active: 0, call: ไม่มี, skip: 0 {"service":"websocket-server"}
2026-01-04 00:10:00.953 [INFO ] [DRUG] Sample wait item - visit_q_no: A004, dept_name: รอจัดยา, code_dept_id: 38 {"service":"websocket-server"}
2026-01-04 00:10:00.953 [INFO ] [DRUG] Unique dept_name values in wait data: {"0":"รอจัดยา","service":"websocket-server"}
2026-01-04 00:10:02.868 [INFO ] [DRUG] เริ่มดึงข้อมูลสำหรับ setting_id: 23, date: 2026-01-04 {"service":"websocket-server"}
2026-01-04 00:10:02.931 [INFO ] [DRUG] ดึง settings สำเร็จ - department_load: 38,39, style_voice: 2, voice: 3 {"service":"websocket-server"}
2026-01-04 00:10:02.954 [INFO ] [DRUG] ผลลัพธ์จาก DB - wait: 11, active: 0, call: ไม่มี, skip: 0 {"service":"websocket-server"}
2026-01-04 00:10:02.954 [INFO ] [DRUG] Sample wait item - visit_q_no: A004, dept_name: รอจัดยา, code_dept_id: 38 {"service":"websocket-server"}
2026-01-04 00:10:02.954 [INFO ] [DRUG] Unique dept_name values in wait data: {"0":"รอจัดยา","service":"websocket-server"}
2026-01-04 00:10:04.869 [INFO ] [DRUG] เริ่มดึงข้อมูลสำหรับ setting_id: 23, date: 2026-01-04 {"service":"websocket-server"}
2026-01-04 00:10:04.933 [INFO ] [DRUG] ดึง settings สำเร็จ - department_load: 38,39, style_voice: 2, voice: 3 {"service":"websocket-server"}
2026-01-04 00:10:04.956 [INFO ] [DRUG] ผลลัพธ์จาก DB - wait: 11, active: 0, call: ไม่มี, skip: 0 {"service":"websocket-server"}
2026-01-04 00:10:04.957 [INFO ] [DRUG] Sample wait item - visit_q_no: A004, dept_name: รอจัดยา, code_dept_id: 38 {"service":"websocket-server"}
2026-01-04 00:10:04.957 [INFO ] [DRUG] Unique dept_name values in wait data: {"0":"รอจัดยา","service":"websocket-server"}
2026-01-04 00:10:06.869 [INFO ] [DRUG] เริ่มดึงข้อมูลสำหรับ setting_id: 23, date: 2026-01-04 {"service":"websocket-server"}
2026-01-04 00:10:06.931 [INFO ] [DRUG] ดึง settings สำเร็จ - department_load: 38,39, style_voice: 2, voice: 3 {"service":"websocket-server"}
2026-01-04 00:10:06.956 [INFO ] [DRUG] ผลลัพธ์จาก DB - wait: 11, active: 0, call: ไม่มี, skip: 0 {"service":"websocket-server"}
2026-01-04 00:10:06.956 [INFO ] [DRUG] Sample wait item - visit_q_no: A004, dept_name: รอจัดยา, code_dept_id: 38 {"service":"websocket-server"}
2026-01-04 00:10:06.956 [INFO ] [DRUG] Unique dept_name values in wait data: {"0":"รอจัดยา","service":"websocket-server"}
2026-01-04 00:10:08.872 [INFO ] [DRUG] เริ่มดึงข้อมูลสำหรับ setting_id: 23, date: 2026-01-04 {"service":"websocket-server"}
2026-01-04 00:10:08.934 [INFO ] [DRUG] ดึง settings สำเร็จ - department_load: 38,39, style_voice: 2, voice: 3 {"service":"websocket-server"}
2026-01-04 00:10:08.961 [INFO ] [DRUG] ผลลัพธ์จาก DB - wait: 11, active: 0, call: ไม่มี, skip: 0 {"service":"websocket-server"}
2026-01-04 00:10:08.961 [INFO ] [DRUG] Sample wait item - visit_q_no: A004, dept_name: รอจัดยา, code_dept_id: 38 {"service":"websocket-server"}
2026-01-04 00:10:08.961 [INFO ] [DRUG] Unique dept_name values in wait data: {"0":"รอจัดยา","service":"websocket-server"}
2026-01-04 00:10:10.872 [INFO ] [DRUG] เริ่มดึงข้อมูลสำหรับ setting_id: 23, date: 2026-01-04 {"service":"websocket-server"}
2026-01-04 00:10:10.933 [INFO ] [DRUG] ดึง settings สำเร็จ - department_load: 38,39, style_voice: 2, voice: 3 {"service":"websocket-server"}
2026-01-04 00:10:10.957 [INFO ] [DRUG] ผลลัพธ์จาก DB - wait: 11, active: 0, call: ไม่มี, skip: 0 {"service":"websocket-server"}
2026-01-04 00:10:10.958 [INFO ] [DRUG] Sample wait item - visit_q_no: A004, dept_name: รอจัดยา, code_dept_id: 38 {"service":"websocket-server"}
2026-01-04 00:10:10.958 [INFO ] [DRUG] Unique dept_name values in wait data: {"0":"รอจัดยา","service":"websocket-server"}
2026-01-04 00:10:12.872 [INFO ] [DRUG] เริ่มดึงข้อมูลสำหรับ setting_id: 23, date: 2026-01-04 {"service":"websocket-server"}
2026-01-04 00:10:12.932 [INFO ] [DRUG] ดึง settings สำเร็จ - department_load: 38,39, style_voice: 2, voice: 3 {"service":"websocket-server"}
2026-01-04 00:10:12.955 [INFO ] [DRUG] ผลลัพธ์จาก DB - wait: 11, active: 0, call: ไม่มี, skip: 0 {"service":"websocket-server"}
2026-01-04 00:10:12.955 [INFO ] [DRUG] Sample wait item - visit_q_no: A004, dept_name: รอจัดยา, code_dept_id: 38 {"service":"websocket-server"}
2026-01-04 00:10:12.955 [INFO ] [DRUG] Unique dept_name values in wait data: {"0":"รอจัดยา","service":"websocket-server"}
2026-01-04 00:10:14.874 [INFO ] [DRUG] เริ่มดึงข้อมูลสำหรับ setting_id: 23, date: 2026-01-04 {"service":"websocket-server"}
2026-01-04 00:10:14.935 [INFO ] [DRUG] ดึง settings สำเร็จ - department_load: 38,39, style_voice: 2, voice: 3 {"service":"websocket-server"}
2026-01-04 00:10:14.959 [INFO ] [DRUG] ผลลัพธ์จาก DB - wait: 11, active: 0, call: ไม่มี, skip: 0 {"service":"websocket-server"}
2026-01-04 00:10:14.959 [INFO ] [DRUG] Sample wait item - visit_q_no: A004, dept_name: รอจัดยา, code_dept_id: 38 {"service":"websocket-server"}
2026-01-04 00:10:14.959 [INFO ] [DRUG] Unique dept_name values in wait data: {"0":"รอจัดยา","service":"websocket-server"}
2026-01-04 00:10:16.875 [INFO ] [DRUG] เริ่มดึงข้อมูลสำหรับ setting_id: 23, date: 2026-01-04 {"service":"websocket-server"}
2026-01-04 00:10:16.939 [INFO ] [DRUG] ดึง settings สำเร็จ - department_load: 38,39, style_voice: 2, voice: 3 {"service":"websocket-server"}
2026-01-04 00:10:16.965 [INFO ] [DRUG] ผลลัพธ์จาก DB - wait: 11, active: 0, call: ไม่มี, skip: 0 {"service":"websocket-server"}
2026-01-04 00:10:16.966 [INFO ] [DRUG] Sample wait item - visit_q_no: A004, dept_name: รอจัดยา, code_dept_id: 38 {"service":"websocket-server"}
2026-01-04 00:10:16.966 [INFO ] [DRUG] Unique dept_name values in wait data: {"0":"รอจัดยา","service":"websocket-server"}
2026-01-04 00:10:18.876 [INFO ] [DRUG] เริ่มดึงข้อมูลสำหรับ setting_id: 23, date: 2026-01-04 {"service":"websocket-server"}
2026-01-04 00:10:19.260 [INFO ] [DRUG] ดึง settings สำเร็จ - department_load: 38,39, style_voice: 2, voice: 3 {"service":"websocket-server"}
2026-01-04 00:10:19.284 [INFO ] [DRUG] ผลลัพธ์จาก DB - wait: 11, active: 0, call: ไม่มี, skip: 0 {"service":"websocket-server"}
2026-01-04 00:10:19.285 [INFO ] [DRUG] Sample wait item - visit_q_no: A004, dept_name: รอจัดยา, code_dept_id: 38 {"service":"websocket-server"}
2026-01-04 00:10:19.285 [INFO ] [DRUG] Unique dept_name values in wait data: {"0":"รอจัดยา","service":"websocket-server"}
2026-01-04 00:10:20.877 [INFO ] [DRUG] เริ่มดึงข้อมูลสำหรับ setting_id: 23, date: 2026-01-04 {"service":"websocket-server"}
2026-01-04 00:10:20.947 [INFO ] [DRUG] ดึง settings สำเร็จ - department_load: 38,39, style_voice: 2, voice: 3 {"service":"websocket-server"}
2026-01-04 00:10:20.972 [INFO ] [DRUG] ผลลัพธ์จาก DB - wait: 11, active: 0, call: ไม่มี, skip: 0 {"service":"websocket-server"}
2026-01-04 00:10:20.972 [INFO ] [DRUG] Sample wait item - visit_q_no: A004, dept_name: รอจัดยา, code_dept_id: 38 {"service":"websocket-server"}
2026-01-04 00:10:20.972 [INFO ] [DRUG] Unique dept_name values in wait data: {"0":"รอจัดยา","service":"websocket-server"}
2026-01-04 00:10:22.878 [INFO ] [DRUG] เริ่มดึงข้อมูลสำหรับ setting_id: 23, date: 2026-01-04 {"service":"websocket-server"}
2026-01-04 00:10:22.941 [INFO ] [DRUG] ดึง settings สำเร็จ - department_load: 38,39, style_voice: 2, voice: 3 {"service":"websocket-server"}
2026-01-04 00:10:22.964 [INFO ] [DRUG] ผลลัพธ์จาก DB - wait: 11, active: 0, call: ไม่มี, skip: 0 {"service":"websocket-server"}
2026-01-04 00:10:22.964 [INFO ] [DRUG] Sample wait item - visit_q_no: A004, dept_name: รอจัดยา, code_dept_id: 38 {"service":"websocket-server"}
2026-01-04 00:10:22.964 [INFO ] [DRUG] Unique dept_name values in wait data: {"0":"รอจัดยา","service":"websocket-server"}
2026-01-04 00:10:24.879 [INFO ] [DRUG] เริ่มดึงข้อมูลสำหรับ setting_id: 23, date: 2026-01-04 {"service":"websocket-server"}
2026-01-04 00:10:24.943 [INFO ] [DRUG] ดึง settings สำเร็จ - department_load: 38,39, style_voice: 2, voice: 3 {"service":"websocket-server"}
2026-01-04 00:10:24.968 [INFO ] [DRUG] ผลลัพธ์จาก DB - wait: 11, active: 0, call: ไม่มี, skip: 0 {"service":"websocket-server"}
2026-01-04 00:10:24.968 [INFO ] [DRUG] Sample wait item - visit_q_no: A004, dept_name: รอจัดยา, code_dept_id: 38 {"service":"websocket-server"}
2026-01-04 00:10:24.968 [INFO ] [DRUG] Unique dept_name values in wait data: {"0":"รอจัดยา","service":"websocket-server"}
2026-01-04 00:10:26.881 [INFO ] [DRUG] เริ่มดึงข้อมูลสำหรับ setting_id: 23, date: 2026-01-04 {"service":"websocket-server"}
2026-01-04 00:10:26.944 [INFO ] [DRUG] ดึง settings สำเร็จ - department_load: 38,39, style_voice: 2, voice: 3 {"service":"websocket-server"}
2026-01-04 00:10:26.969 [INFO ] [DRUG] ผลลัพธ์จาก DB - wait: 11, active: 0, call: ไม่มี, skip: 0 {"service":"websocket-server"}
2026-01-04 00:10:26.969 [INFO ] [DRUG] Sample wait item - visit_q_no: A004, dept_name: รอจัดยา, code_dept_id: 38 {"service":"websocket-server"}
2026-01-04 00:10:26.969 [INFO ] [DRUG] Unique dept_name values in wait data: {"0":"รอจัดยา","service":"websocket-server"}
2026-01-04 00:10:28.882 [INFO ] [DRUG] เริ่มดึงข้อมูลสำหรับ setting_id: 23, date: 2026-01-04 {"service":"websocket-server"}
2026-01-04 00:10:28.947 [INFO ] [DRUG] ดึง settings สำเร็จ - department_load: 38,39, style_voice: 2, voice: 3 {"service":"websocket-server"}
2026-01-04 00:10:28.971 [INFO ] [DRUG] ผลลัพธ์จาก DB - wait: 11, active: 0, call: ไม่มี, skip: 0 {"service":"websocket-server"}
2026-01-04 00:10:28.972 [INFO ] [DRUG] Sample wait item - visit_q_no: A004, dept_name: รอจัดยา, code_dept_id: 38 {"service":"websocket-server"}
2026-01-04 00:10:28.972 [INFO ] [DRUG] Unique dept_name values in wait data: {"0":"รอจัดยา","service":"websocket-server"}
2026-01-04 00:10:30.882 [INFO ] [DRUG] เริ่มดึงข้อมูลสำหรับ setting_id: 23, date: 2026-01-04 {"service":"websocket-server"}
2026-01-04 00:10:30.947 [INFO ] [DRUG] ดึง settings สำเร็จ - department_load: 38,39, style_voice: 2, voice: 3 {"service":"websocket-server"}
2026-01-04 00:10:30.973 [INFO ] [DRUG] ผลลัพธ์จาก DB - wait: 11, active: 0, call: ไม่มี, skip: 0 {"service":"websocket-server"}
2026-01-04 00:10:30.973 [INFO ] [DRUG] Sample wait item - visit_q_no: A004, dept_name: รอจัดยา, code_dept_id: 38 {"service":"websocket-server"}
2026-01-04 00:10:30.974 [INFO ] [DRUG] Unique dept_name values in wait data: {"0":"รอจัดยา","service":"websocket-server"}
2026-01-04 00:10:32.883 [INFO ] [DRUG] เริ่มดึงข้อมูลสำหรับ setting_id: 23, date: 2026-01-04 {"service":"websocket-server"}
2026-01-04 00:10:32.947 [INFO ] [DRUG] ดึง settings สำเร็จ - department_load: 38,39, style_voice: 2, voice: 3 {"service":"websocket-server"}
2026-01-04 00:10:32.969 [INFO ] [DRUG] ผลลัพธ์จาก DB - wait: 11, active: 0, call: ไม่มี, skip: 0 {"service":"websocket-server"}
2026-01-04 00:10:32.969 [INFO ] [DRUG] Sample wait item - visit_q_no: A004, dept_name: รอจัดยา, code_dept_id: 38 {"service":"websocket-server"}
2026-01-04 00:10:32.970 [INFO ] [DRUG] Unique dept_name values in wait data: {"0":"รอจัดยา","service":"websocket-server"}
2026-01-04 00:10:34.884 [INFO ] [DRUG] เริ่มดึงข้อมูลสำหรับ setting_id: 23, date: 2026-01-04 {"service":"websocket-server"}
2026-01-04 00:10:34.950 [INFO ] [DRUG] ดึง settings สำเร็จ - department_load: 38,39, style_voice: 2, voice: 3 {"service":"websocket-server"}
2026-01-04 00:10:34.974 [INFO ] [DRUG] ผลลัพธ์จาก DB - wait: 11, active: 0, call: ไม่มี, skip: 0 {"service":"websocket-server"}
2026-01-04 00:10:34.974 [INFO ] [DRUG] Sample wait item - visit_q_no: A004, dept_name: รอจัดยา, code_dept_id: 38 {"service":"websocket-server"}
2026-01-04 00:10:34.974 [INFO ] [DRUG] Unique dept_name values in wait data: {"0":"รอจัดยา","service":"websocket-server"}
2026-01-04 00:10:36.884 [INFO ] [DRUG] เริ่มดึงข้อมูลสำหรับ setting_id: 23, date: 2026-01-04 {"service":"websocket-server"}
2026-01-04 00:10:36.948 [INFO ] [DRUG] ดึง settings สำเร็จ - department_load: 38,39, style_voice: 2, voice: 3 {"service":"websocket-server"}
2026-01-04 00:10:36.973 [INFO ] [DRUG] ผลลัพธ์จาก DB - wait: 11, active: 0, call: ไม่มี, skip: 0 {"service":"websocket-server"}
2026-01-04 00:10:36.973 [INFO ] [DRUG] Sample wait item - visit_q_no: A004, dept_name: รอจัดยา, code_dept_id: 38 {"service":"websocket-server"}
2026-01-04 00:10:36.973 [INFO ] [DRUG] Unique dept_name values in wait data: {"0":"รอจัดยา","service":"websocket-server"}
2026-01-04 00:10:38.886 [INFO ] [DRUG] เริ่มดึงข้อมูลสำหรับ setting_id: 23, date: 2026-01-04 {"service":"websocket-server"}
2026-01-04 00:10:38.950 [INFO ] [DRUG] ดึง settings สำเร็จ - department_load: 38,39, style_voice: 2, voice: 3 {"service":"websocket-server"}
2026-01-04 00:10:38.976 [INFO ] [DRUG] ผลลัพธ์จาก DB - wait: 11, active: 0, call: ไม่มี, skip: 0 {"service":"websocket-server"}
2026-01-04 00:10:38.976 [INFO ] [DRUG] Sample wait item - visit_q_no: A004, dept_name: รอจัดยา, code_dept_id: 38 {"service":"websocket-server"}
2026-01-04 00:10:38.976 [INFO ] [DRUG] Unique dept_name values in wait data: {"0":"รอจัดยา","service":"websocket-server"}
2026-01-04 00:10:40.886 [INFO ] [DRUG] เริ่มดึงข้อมูลสำหรับ setting_id: 23, date: 2026-01-04 {"service":"websocket-server"}
2026-01-04 00:10:40.947 [INFO ] [DRUG] ดึง settings สำเร็จ - department_load: 38,39, style_voice: 2, voice: 3 {"service":"websocket-server"}
2026-01-04 00:10:40.970 [INFO ] [DRUG] ผลลัพธ์จาก DB - wait: 11, active: 0, call: ไม่มี, skip: 0 {"service":"websocket-server"}
2026-01-04 00:10:40.971 [INFO ] [DRUG] Sample wait item - visit_q_no: A004, dept_name: รอจัดยา, code_dept_id: 38 {"service":"websocket-server"}
2026-01-04 00:10:40.971 [INFO ] [DRUG] Unique dept_name values in wait data: {"0":"รอจัดยา","service":"websocket-server"}
2026-01-04 00:10:42.888 [INFO ] [DRUG] เริ่มดึงข้อมูลสำหรับ setting_id: 23, date: 2026-01-04 {"service":"websocket-server"}
2026-01-04 00:10:42.952 [INFO ] [DRUG] ดึง settings สำเร็จ - department_load: 38,39, style_voice: 2, voice: 3 {"service":"websocket-server"}
2026-01-04 00:10:42.976 [INFO ] [DRUG] ผลลัพธ์จาก DB - wait: 11, active: 0, call: ไม่มี, skip: 0 {"service":"websocket-server"}
2026-01-04 00:10:42.977 [INFO ] [DRUG] Sample wait item - visit_q_no: A004, dept_name: รอจัดยา, code_dept_id: 38 {"service":"websocket-server"}
2026-01-04 00:10:42.977 [INFO ] [DRUG] Unique dept_name values in wait data: {"0":"รอจัดยา","service":"websocket-server"}
2026-01-04 00:10:44.888 [INFO ] [DRUG] เริ่มดึงข้อมูลสำหรับ setting_id: 23, date: 2026-01-04 {"service":"websocket-server"}
2026-01-04 00:10:44.951 [INFO ] [DRUG] ดึง settings สำเร็จ - department_load: 38,39, style_voice: 2, voice: 3 {"service":"websocket-server"}
2026-01-04 00:10:44.976 [INFO ] [DRUG] ผลลัพธ์จาก DB - wait: 11, active: 0, call: ไม่มี, skip: 0 {"service":"websocket-server"}
2026-01-04 00:10:44.977 [INFO ] [DRUG] Sample wait item - visit_q_no: A004, dept_name: รอจัดยา, code_dept_id: 38 {"service":"websocket-server"}
2026-01-04 00:10:44.977 [INFO ] [DRUG] Unique dept_name values in wait data: {"0":"รอจัดยา","service":"websocket-server"}
2026-01-04 00:10:46.889 [INFO ] [DRUG] เริ่มดึงข้อมูลสำหรับ setting_id: 23, date: 2026-01-04 {"service":"websocket-server"}
2026-01-04 00:10:46.954 [INFO ] [DRUG] ดึง settings สำเร็จ - department_load: 38,39, style_voice: 2, voice: 3 {"service":"websocket-server"}
2026-01-04 00:10:46.979 [INFO ] [DRUG] ผลลัพธ์จาก DB - wait: 11, active: 0, call: ไม่มี, skip: 0 {"service":"websocket-server"}
2026-01-04 00:10:46.979 [INFO ] [DRUG] Sample wait item - visit_q_no: A004, dept_name: รอจัดยา, code_dept_id: 38 {"service":"websocket-server"}
2026-01-04 00:10:46.979 [INFO ] [DRUG] Unique dept_name values in wait data: {"0":"รอจัดยา","service":"websocket-server"}
2026-01-04 00:10:48.890 [INFO ] [DRUG] เริ่มดึงข้อมูลสำหรับ setting_id: 23, date: 2026-01-04 {"service":"websocket-server"}
2026-01-04 00:10:48.950 [INFO ] [DRUG] ดึง settings สำเร็จ - department_load: 38,39, style_voice: 2, voice: 3 {"service":"websocket-server"}
2026-01-04 00:10:48.976 [INFO ] [DRUG] ผลลัพธ์จาก DB - wait: 11, active: 0, call: ไม่มี, skip: 0 {"service":"websocket-server"}
2026-01-04 00:10:48.976 [INFO ] [DRUG] Sample wait item - visit_q_no: A004, dept_name: รอจัดยา, code_dept_id: 38 {"service":"websocket-server"}
2026-01-04 00:10:48.976 [INFO ] [DRUG] Unique dept_name values in wait data: {"0":"รอจัดยา","service":"websocket-server"}
2026-01-04 00:10:50.893 [INFO ] [DRUG] เริ่มดึงข้อมูลสำหรับ setting_id: 23, date: 2026-01-04 {"service":"websocket-server"}
2026-01-04 00:10:50.963 [INFO ] [DRUG] ดึง settings สำเร็จ - department_load: 38,39, style_voice: 2, voice: 3 {"service":"websocket-server"}
2026-01-04 00:10:50.990 [INFO ] [DRUG] ผลลัพธ์จาก DB - wait: 11, active: 0, call: ไม่มี, skip: 0 {"service":"websocket-server"}
2026-01-04 00:10:50.990 [INFO ] [DRUG] Sample wait item - visit_q_no: A004, dept_name: รอจัดยา, code_dept_id: 38 {"service":"websocket-server"}
2026-01-04 00:10:50.991 [INFO ] [DRUG] Unique dept_name values in wait data: {"0":"รอจัดยา","service":"websocket-server"}
2026-01-04 00:10:52.891 [INFO ] [DRUG] เริ่มดึงข้อมูลสำหรับ setting_id: 23, date: 2026-01-04 {"service":"websocket-server"}
2026-01-04 00:10:52.958 [INFO ] [DRUG] ดึง settings สำเร็จ - department_load: 38,39, style_voice: 2, voice: 3 {"service":"websocket-server"}
2026-01-04 00:10:52.983 [INFO ] [DRUG] ผลลัพธ์จาก DB - wait: 11, active: 0, call: ไม่มี, skip: 0 {"service":"websocket-server"}
2026-01-04 00:10:52.983 [INFO ] [DRUG] Sample wait item - visit_q_no: A004, dept_name: รอจัดยา, code_dept_id: 38 {"service":"websocket-server"}
2026-01-04 00:10:52.983 [INFO ] [DRUG] Unique dept_name values in wait data: {"0":"รอจัดยา","service":"websocket-server"}
2026-01-04 00:10:54.893 [INFO ] [DRUG] เริ่มดึงข้อมูลสำหรับ setting_id: 23, date: 2026-01-04 {"service":"websocket-server"}
2026-01-04 00:10:54.959 [INFO ] [DRUG] ดึง settings สำเร็จ - department_load: 38,39, style_voice: 2, voice: 3 {"service":"websocket-server"}
2026-01-04 00:10:54.985 [INFO ] [DRUG] ผลลัพธ์จาก DB - wait: 11, active: 0, call: ไม่มี, skip: 0 {"service":"websocket-server"}
2026-01-04 00:10:54.985 [INFO ] [DRUG] Sample wait item - visit_q_no: A004, dept_name: รอจัดยา, code_dept_id: 38 {"service":"websocket-server"}
2026-01-04 00:10:54.985 [INFO ] [DRUG] Unique dept_name values in wait data: {"0":"รอจัดยา","service":"websocket-server"}
2026-01-04 00:10:56.894 [INFO ] [DRUG] เริ่มดึงข้อมูลสำหรับ setting_id: 23, date: 2026-01-04 {"service":"websocket-server"}
2026-01-04 00:10:56.965 [INFO ] [DRUG] ดึง settings สำเร็จ - department_load: 38,39, style_voice: 2, voice: 3 {"service":"websocket-server"}
2026-01-04 00:10:56.991 [INFO ] [DRUG] ผลลัพธ์จาก DB - wait: 11, active: 0, call: ไม่มี, skip: 0 {"service":"websocket-server"}
2026-01-04 00:10:56.991 [INFO ] [DRUG] Sample wait item - visit_q_no: A004, dept_name: รอจัดยา, code_dept_id: 38 {"service":"websocket-server"}
2026-01-04 00:10:56.991 [INFO ] [DRUG] Unique dept_name values in wait data: {"0":"รอจัดยา","service":"websocket-server"}
2026-01-04 00:10:58.895 [INFO ] [DRUG] เริ่มดึงข้อมูลสำหรับ setting_id: 23, date: 2026-01-04 {"service":"websocket-server"}
2026-01-04 00:10:58.965 [INFO ] [DRUG] ดึง settings สำเร็จ - department_load: 38,39, style_voice: 2, voice: 3 {"service":"websocket-server"}
2026-01-04 00:10:58.999 [INFO ] [DRUG] ผลลัพธ์จาก DB - wait: 11, active: 0, call: ไม่มี, skip: 0 {"service":"websocket-server"}
2026-01-04 00:10:58.999 [INFO ] [DRUG] Sample wait item - visit_q_no: A004, dept_name: รอจัดยา, code_dept_id: 38 {"service":"websocket-server"}
2026-01-04 00:10:58.999 [INFO ] [DRUG] Unique dept_name values in wait data: {"0":"รอจัดยา","service":"websocket-server"}
2026-01-04 00:11:00.897 [INFO ] [DRUG] เริ่มดึงข้อมูลสำหรับ setting_id: 23, date: 2026-01-04 {"service":"websocket-server"}
2026-01-04 00:11:00.957 [INFO ] [DRUG] ดึง settings สำเร็จ - department_load: 38,39, style_voice: 2, voice: 3 {"service":"websocket-server"}
2026-01-04 00:11:00.981 [INFO ] [DRUG] ผลลัพธ์จาก DB - wait: 11, active: 0, call: ไม่มี, skip: 0 {"service":"websocket-server"}
2026-01-04 00:11:00.981 [INFO ] [DRUG] Sample wait item - visit_q_no: A004, dept_name: รอจัดยา, code_dept_id: 38 {"service":"websocket-server"}
2026-01-04 00:11:00.981 [INFO ] [DRUG] Unique dept_name values in wait data: {"0":"รอจัดยา","service":"websocket-server"}
2026-01-04 00:11:02.899 [INFO ] [DRUG] เริ่มดึงข้อมูลสำหรับ setting_id: 23, date: 2026-01-04 {"service":"websocket-server"}
2026-01-04 00:11:02.974 [INFO ] [DRUG] ดึง settings สำเร็จ - department_load: 38,39, style_voice: 2, voice: 3 {"service":"websocket-server"}
2026-01-04 00:11:02.998 [INFO ] [DRUG] ผลลัพธ์จาก DB - wait: 11, active: 0, call: ไม่มี, skip: 0 {"service":"websocket-server"}
2026-01-04 00:11:02.998 [INFO ] [DRUG] Sample wait item - visit_q_no: A004, dept_name: รอจัดยา, code_dept_id: 38 {"service":"websocket-server"}
2026-01-04 00:11:02.998 [INFO ] [DRUG] Unique dept_name values in wait data: {"0":"รอจัดยา","service":"websocket-server"}
2026-01-04 00:11:04.899 [INFO ] [DRUG] เริ่มดึงข้อมูลสำหรับ setting_id: 23, date: 2026-01-04 {"service":"websocket-server"}
2026-01-04 00:11:04.963 [INFO ] [DRUG] ดึง settings สำเร็จ - department_load: 38,39, style_voice: 2, voice: 3 {"service":"websocket-server"}
2026-01-04 00:11:04.987 [INFO ] [DRUG] ผลลัพธ์จาก DB - wait: 11, active: 0, call: ไม่มี, skip: 0 {"service":"websocket-server"}
2026-01-04 00:11:04.988 [INFO ] [DRUG] Sample wait item - visit_q_no: A004, dept_name: รอจัดยา, code_dept_id: 38 {"service":"websocket-server"}
2026-01-04 00:11:04.988 [INFO ] [DRUG] Unique dept_name values in wait data: {"0":"รอจัดยา","service":"websocket-server"}
2026-01-04 00:11:06.899 [INFO ] [DRUG] เริ่มดึงข้อมูลสำหรับ setting_id: 23, date: 2026-01-04 {"service":"websocket-server"}
2026-01-04 00:11:06.967 [INFO ] [DRUG] ดึง settings สำเร็จ - department_load: 38,39, style_voice: 2, voice: 3 {"service":"websocket-server"}
2026-01-04 00:11:06.992 [INFO ] [DRUG] ผลลัพธ์จาก DB - wait: 11, active: 0, call: ไม่มี, skip: 0 {"service":"websocket-server"}
2026-01-04 00:11:06.992 [INFO ] [DRUG] Sample wait item - visit_q_no: A004, dept_name: รอจัดยา, code_dept_id: 38 {"service":"websocket-server"}
2026-01-04 00:11:06.992 [INFO ] [DRUG] Unique dept_name values in wait data: {"0":"รอจัดยา","service":"websocket-server"}
2026-01-04 00:11:08.900 [INFO ] [DRUG] เริ่มดึงข้อมูลสำหรับ setting_id: 23, date: 2026-01-04 {"service":"websocket-server"}
2026-01-04 00:11:08.965 [INFO ] [DRUG] ดึง settings สำเร็จ - department_load: 38,39, style_voice: 2, voice: 3 {"service":"websocket-server"}
2026-01-04 00:11:08.987 [INFO ] [DRUG] ผลลัพธ์จาก DB - wait: 11, active: 0, call: ไม่มี, skip: 0 {"service":"websocket-server"}
2026-01-04 00:11:08.988 [INFO ] [DRUG] Sample wait item - visit_q_no: A004, dept_name: รอจัดยา, code_dept_id: 38 {"service":"websocket-server"}
2026-01-04 00:11:08.988 [INFO ] [DRUG] Unique dept_name values in wait data: {"0":"รอจัดยา","service":"websocket-server"}
2026-01-04 00:11:10.901 [INFO ] [DRUG] เริ่มดึงข้อมูลสำหรับ setting_id: 23, date: 2026-01-04 {"service":"websocket-server"}
2026-01-04 00:11:10.966 [INFO ] [DRUG] ดึง settings สำเร็จ - department_load: 38,39, style_voice: 2, voice: 3 {"service":"websocket-server"}
2026-01-04 00:11:10.991 [INFO ] [DRUG] ผลลัพธ์จาก DB - wait: 11, active: 0, call: ไม่มี, skip: 0 {"service":"websocket-server"}
2026-01-04 00:11:10.991 [INFO ] [DRUG] Sample wait item - visit_q_no: A004, dept_name: รอจัดยา, code_dept_id: 38 {"service":"websocket-server"}
2026-01-04 00:11:10.992 [INFO ] [DRUG] Unique dept_name values in wait data: {"0":"รอจัดยา","service":"websocket-server"}
2026-01-04 00:11:12.902 [INFO ] [DRUG] เริ่มดึงข้อมูลสำหรับ setting_id: 23, date: 2026-01-04 {"service":"websocket-server"}
2026-01-04 00:11:12.966 [INFO ] [DRUG] ดึง settings สำเร็จ - department_load: 38,39, style_voice: 2, voice: 3 {"service":"websocket-server"}
2026-01-04 00:11:12.990 [INFO ] [DRUG] ผลลัพธ์จาก DB - wait: 11, active: 0, call: ไม่มี, skip: 0 {"service":"websocket-server"}
2026-01-04 00:11:12.991 [INFO ] [DRUG] Sample wait item - visit_q_no: A004, dept_name: รอจัดยา, code_dept_id: 38 {"service":"websocket-server"}
2026-01-04 00:11:12.991 [INFO ] [DRUG] Unique dept_name values in wait data: {"0":"รอจัดยา","service":"websocket-server"}
2026-01-04 00:11:14.866 [INFO ] Client disconnected {"service":"websocket-server"}
2026-01-04 00:11:14.867 [INFO ] Client connected {"service":"websocket-server"}
2026-01-04 00:11:14.870 [INFO ] Client registered for setting_id: 23 {"service":"websocket-server"}
2026-01-04 00:11:14.870 [INFO ] Client registered for query_type: drug {"service":"websocket-server"}
2026-01-04 00:11:14.902 [INFO ] [DRUG] เริ่มดึงข้อมูลสำหรับ setting_id: 23, date: 2026-01-04 {"service":"websocket-server"}
2026-01-04 00:11:14.961 [INFO ] [DRUG] ดึง settings สำเร็จ - department_load: 38,39, style_voice: 2, voice: 3 {"service":"websocket-server"}
2026-01-04 00:11:14.984 [INFO ] [DRUG] ผลลัพธ์จาก DB - wait: 11, active: 0, call: ไม่มี, skip: 0 {"service":"websocket-server"}
2026-01-04 00:11:14.984 [INFO ] [DRUG] Sample wait item - visit_q_no: A004, dept_name: รอจัดยา, code_dept_id: 38 {"service":"websocket-server"}
2026-01-04 00:11:14.984 [INFO ] [DRUG] Unique dept_name values in wait data: {"0":"รอจัดยา","service":"websocket-server"}
2026-01-04 00:11:14.984 [INFO ] [DRUG] ✅ ส่งข้อมูลกลับไปยัง client สำเร็จ - wait: 11, active: 0, call: ไม่มี {"service":"websocket-server"}
2026-01-04 00:11:16.903 [INFO ] [DRUG] เริ่มดึงข้อมูลสำหรับ setting_id: 23, date: 2026-01-04 {"service":"websocket-server"}
2026-01-04 00:11:16.968 [INFO ] [DRUG] ดึง settings สำเร็จ - department_load: 38,39, style_voice: 2, voice: 3 {"service":"websocket-server"}
2026-01-04 00:11:16.993 [INFO ] [DRUG] ผลลัพธ์จาก DB - wait: 11, active: 0, call: ไม่มี, skip: 0 {"service":"websocket-server"}
2026-01-04 00:11:16.993 [INFO ] [DRUG] Sample wait item - visit_q_no: A004, dept_name: รอจัดยา, code_dept_id: 38 {"service":"websocket-server"}
2026-01-04 00:11:16.993 [INFO ] [DRUG] Unique dept_name values in wait data: {"0":"รอจัดยา","service":"websocket-server"}
2026-01-04 00:11:18.904 [INFO ] [DRUG] เริ่มดึงข้อมูลสำหรับ setting_id: 23, date: 2026-01-04 {"service":"websocket-server"}
2026-01-04 00:11:18.966 [INFO ] [DRUG] ดึง settings สำเร็จ - department_load: 38,39, style_voice: 2, voice: 3 {"service":"websocket-server"}
2026-01-04 00:11:18.990 [INFO ] [DRUG] ผลลัพธ์จาก DB - wait: 11, active: 0, call: ไม่มี, skip: 0 {"service":"websocket-server"}
2026-01-04 00:11:18.990 [INFO ] [DRUG] Sample wait item - visit_q_no: A004, dept_name: รอจัดยา, code_dept_id: 38 {"service":"websocket-server"}
2026-01-04 00:11:18.990 [INFO ] [DRUG] Unique dept_name values in wait data: {"0":"รอจัดยา","service":"websocket-server"}
2026-01-04 00:11:20.905 [INFO ] [DRUG] เริ่มดึงข้อมูลสำหรับ setting_id: 23, date: 2026-01-04 {"service":"websocket-server"}
2026-01-04 00:11:20.966 [INFO ] [DRUG] ดึง settings สำเร็จ - department_load: 38,39, style_voice: 2, voice: 3 {"service":"websocket-server"}
2026-01-04 00:11:20.990 [INFO ] [DRUG] ผลลัพธ์จาก DB - wait: 11, active: 0, call: ไม่มี, skip: 0 {"service":"websocket-server"}
2026-01-04 00:11:20.990 [INFO ] [DRUG] Sample wait item - visit_q_no: A004, dept_name: รอจัดยา, code_dept_id: 38 {"service":"websocket-server"}
2026-01-04 00:11:20.990 [INFO ] [DRUG] Unique dept_name values in wait data: {"0":"รอจัดยา","service":"websocket-server"}
2026-01-04 00:11:22.906 [INFO ] [DRUG] เริ่มดึงข้อมูลสำหรับ setting_id: 23, date: 2026-01-04 {"service":"websocket-server"}
2026-01-04 00:11:22.970 [INFO ] [DRUG] ดึง settings สำเร็จ - department_load: 38,39, style_voice: 2, voice: 3 {"service":"websocket-server"}
2026-01-04 00:11:22.994 [INFO ] [DRUG] ผลลัพธ์จาก DB - wait: 11, active: 0, call: ไม่มี, skip: 0 {"service":"websocket-server"}
2026-01-04 00:11:22.994 [INFO ] [DRUG] Sample wait item - visit_q_no: A004, dept_name: รอจัดยา, code_dept_id: 38 {"service":"websocket-server"}
2026-01-04 00:11:22.995 [INFO ] [DRUG] Unique dept_name values in wait data: {"0":"รอจัดยา","service":"websocket-server"}
2026-01-04 00:11:24.907 [INFO ] [DRUG] เริ่มดึงข้อมูลสำหรับ setting_id: 23, date: 2026-01-04 {"service":"websocket-server"}
2026-01-04 00:11:24.972 [INFO ] [DRUG] ดึง settings สำเร็จ - department_load: 38,39, style_voice: 2, voice: 3 {"service":"websocket-server"}
2026-01-04 00:11:24.997 [INFO ] [DRUG] ผลลัพธ์จาก DB - wait: 11, active: 0, call: ไม่มี, skip: 0 {"service":"websocket-server"}
2026-01-04 00:11:24.997 [INFO ] [DRUG] Sample wait item - visit_q_no: A004, dept_name: รอจัดยา, code_dept_id: 38 {"service":"websocket-server"}
2026-01-04 00:11:24.997 [INFO ] [DRUG] Unique dept_name values in wait data: {"0":"รอจัดยา","service":"websocket-server"}
2026-01-04 00:11:26.907 [INFO ] [DRUG] เริ่มดึงข้อมูลสำหรับ setting_id: 23, date: 2026-01-04 {"service":"websocket-server"}
2026-01-04 00:11:26.971 [INFO ] [DRUG] ดึง settings สำเร็จ - department_load: 38,39, style_voice: 2, voice: 3 {"service":"websocket-server"}
2026-01-04 00:11:26.996 [INFO ] [DRUG] ผลลัพธ์จาก DB - wait: 11, active: 0, call: ไม่มี, skip: 0 {"service":"websocket-server"}
2026-01-04 00:11:26.997 [INFO ] [DRUG] Sample wait item - visit_q_no: A004, dept_name: รอจัดยา, code_dept_id: 38 {"service":"websocket-server"}
2026-01-04 00:11:26.997 [INFO ] [DRUG] Unique dept_name values in wait data: {"0":"รอจัดยา","service":"websocket-server"}
2026-01-04 00:11:28.908 [INFO ] [DRUG] เริ่มดึงข้อมูลสำหรับ setting_id: 23, date: 2026-01-04 {"service":"websocket-server"}
2026-01-04 00:11:28.967 [INFO ] [DRUG] ดึง settings สำเร็จ - department_load: 38,39, style_voice: 2, voice: 3 {"service":"websocket-server"}
2026-01-04 00:11:28.990 [INFO ] [DRUG] ผลลัพธ์จาก DB - wait: 11, active: 0, call: ไม่มี, skip: 0 {"service":"websocket-server"}
2026-01-04 00:11:28.991 [INFO ] [DRUG] Sample wait item - visit_q_no: A004, dept_name: รอจัดยา, code_dept_id: 38 {"service":"websocket-server"}
2026-01-04 00:11:28.991 [INFO ] [DRUG] Unique dept_name values in wait data: {"0":"รอจัดยา","service":"websocket-server"}
2026-01-04 00:11:30.909 [INFO ] [DRUG] เริ่มดึงข้อมูลสำหรับ setting_id: 23, date: 2026-01-04 {"service":"websocket-server"}
2026-01-04 00:11:30.974 [INFO ] [DRUG] ดึง settings สำเร็จ - department_load: 38,39, style_voice: 2, voice: 3 {"service":"websocket-server"}
2026-01-04 00:11:31.000 [INFO ] [DRUG] ผลลัพธ์จาก DB - wait: 11, active: 0, call: ไม่มี, skip: 0 {"service":"websocket-server"}
2026-01-04 00:11:31.000 [INFO ] [DRUG] Sample wait item - visit_q_no: A004, dept_name: รอจัดยา, code_dept_id: 38 {"service":"websocket-server"}
2026-01-04 00:11:31.001 [INFO ] [DRUG] Unique dept_name values in wait data: {"0":"รอจัดยา","service":"websocket-server"}
2026-01-04 00:11:32.909 [INFO ] [DRUG] เริ่มดึงข้อมูลสำหรับ setting_id: 23, date: 2026-01-04 {"service":"websocket-server"}
2026-01-04 00:11:32.971 [INFO ] [DRUG] ดึง settings สำเร็จ - department_load: 38,39, style_voice: 2, voice: 3 {"service":"websocket-server"}
2026-01-04 00:11:32.993 [INFO ] [DRUG] ผลลัพธ์จาก DB - wait: 11, active: 0, call: ไม่มี, skip: 0 {"service":"websocket-server"}
2026-01-04 00:11:32.993 [INFO ] [DRUG] Sample wait item - visit_q_no: A004, dept_name: รอจัดยา, code_dept_id: 38 {"service":"websocket-server"}
2026-01-04 00:11:32.994 [INFO ] [DRUG] Unique dept_name values in wait data: {"0":"รอจัดยา","service":"websocket-server"}
2026-01-04 00:11:34.911 [INFO ] [DRUG] เริ่มดึงข้อมูลสำหรับ setting_id: 23, date: 2026-01-04 {"service":"websocket-server"}
2026-01-04 00:11:34.973 [INFO ] [DRUG] ดึง settings สำเร็จ - department_load: 38,39, style_voice: 2, voice: 3 {"service":"websocket-server"}
2026-01-04 00:11:34.999 [INFO ] [DRUG] ผลลัพธ์จาก DB - wait: 11, active: 0, call: ไม่มี, skip: 0 {"service":"websocket-server"}
2026-01-04 00:11:34.999 [INFO ] [DRUG] Sample wait item - visit_q_no: A004, dept_name: รอจัดยา, code_dept_id: 38 {"service":"websocket-server"}
2026-01-04 00:11:35.000 [INFO ] [DRUG] Unique dept_name values in wait data: {"0":"รอจัดยา","service":"websocket-server"}
2026-01-04 00:11:36.913 [INFO ] [DRUG] เริ่มดึงข้อมูลสำหรับ setting_id: 23, date: 2026-01-04 {"service":"websocket-server"}
2026-01-04 00:11:36.976 [INFO ] [DRUG] ดึง settings สำเร็จ - department_load: 38,39, style_voice: 2, voice: 3 {"service":"websocket-server"}
2026-01-04 00:11:37.000 [INFO ] [DRUG] ผลลัพธ์จาก DB - wait: 11, active: 0, call: ไม่มี, skip: 0 {"service":"websocket-server"}
2026-01-04 00:11:37.000 [INFO ] [DRUG] Sample wait item - visit_q_no: A004, dept_name: รอจัดยา, code_dept_id: 38 {"service":"websocket-server"}
2026-01-04 00:11:37.001 [INFO ] [DRUG] Unique dept_name values in wait data: {"0":"รอจัดยา","service":"websocket-server"}
2026-01-04 00:11:38.914 [INFO ] [DRUG] เริ่มดึงข้อมูลสำหรับ setting_id: 23, date: 2026-01-04 {"service":"websocket-server"}
2026-01-04 00:11:38.975 [INFO ] [DRUG] ดึง settings สำเร็จ - department_load: 38,39, style_voice: 2, voice: 3 {"service":"websocket-server"}
2026-01-04 00:11:38.998 [INFO ] [DRUG] ผลลัพธ์จาก DB - wait: 11, active: 0, call: ไม่มี, skip: 0 {"service":"websocket-server"}
2026-01-04 00:11:38.998 [INFO ] [DRUG] Sample wait item - visit_q_no: A004, dept_name: รอจัดยา, code_dept_id: 38 {"service":"websocket-server"}
2026-01-04 00:11:38.998 [INFO ] [DRUG] Unique dept_name values in wait data: {"0":"รอจัดยา","service":"websocket-server"}
2026-01-04 00:11:40.914 [INFO ] [DRUG] เริ่มดึงข้อมูลสำหรับ setting_id: 23, date: 2026-01-04 {"service":"websocket-server"}
2026-01-04 00:11:40.977 [INFO ] [DRUG] ดึง settings สำเร็จ - department_load: 38,39, style_voice: 2, voice: 3 {"service":"websocket-server"}
2026-01-04 00:11:41.000 [INFO ] [DRUG] ผลลัพธ์จาก DB - wait: 11, active: 0, call: ไม่มี, skip: 0 {"service":"websocket-server"}
2026-01-04 00:11:41.000 [INFO ] [DRUG] Sample wait item - visit_q_no: A004, dept_name: รอจัดยา, code_dept_id: 38 {"service":"websocket-server"}
2026-01-04 00:11:41.001 [INFO ] [DRUG] Unique dept_name values in wait data: {"0":"รอจัดยา","service":"websocket-server"}
2026-01-04 00:11:42.914 [INFO ] [DRUG] เริ่มดึงข้อมูลสำหรับ setting_id: 23, date: 2026-01-04 {"service":"websocket-server"}
2026-01-04 00:11:42.981 [INFO ] [DRUG] ดึง settings สำเร็จ - department_load: 38,39, style_voice: 2, voice: 3 {"service":"websocket-server"}
2026-01-04 00:11:43.004 [INFO ] [DRUG] ผลลัพธ์จาก DB - wait: 11, active: 0, call: ไม่มี, skip: 0 {"service":"websocket-server"}
2026-01-04 00:11:43.004 [INFO ] [DRUG] Sample wait item - visit_q_no: A004, dept_name: รอจัดยา, code_dept_id: 38 {"service":"websocket-server"}
2026-01-04 00:11:43.004 [INFO ] [DRUG] Unique dept_name values in wait data: {"0":"รอจัดยา","service":"websocket-server"}
2026-01-04 00:11:44.915 [INFO ] [DRUG] เริ่มดึงข้อมูลสำหรับ setting_id: 23, date: 2026-01-04 {"service":"websocket-server"}
2026-01-04 00:11:44.981 [INFO ] [DRUG] ดึง settings สำเร็จ - department_load: 38,39, style_voice: 2, voice: 3 {"service":"websocket-server"}
2026-01-04 00:11:45.006 [INFO ] [DRUG] ผลลัพธ์จาก DB - wait: 11, active: 0, call: ไม่มี, skip: 0 {"service":"websocket-server"}
2026-01-04 00:11:45.006 [INFO ] [DRUG] Sample wait item - visit_q_no: A004, dept_name: รอจัดยา, code_dept_id: 38 {"service":"websocket-server"}
2026-01-04 00:11:45.006 [INFO ] [DRUG] Unique dept_name values in wait data: {"0":"รอจัดยา","service":"websocket-server"}
2026-01-04 00:11:46.916 [INFO ] [DRUG] เริ่มดึงข้อมูลสำหรับ setting_id: 23, date: 2026-01-04 {"service":"websocket-server"}
2026-01-04 00:11:46.985 [INFO ] [DRUG] ดึง settings สำเร็จ - department_load: 38,39, style_voice: 2, voice: 3 {"service":"websocket-server"}
2026-01-04 00:11:47.012 [INFO ] [DRUG] ผลลัพธ์จาก DB - wait: 11, active: 0, call: ไม่มี, skip: 0 {"service":"websocket-server"}
2026-01-04 00:11:47.012 [INFO ] [DRUG] Sample wait item - visit_q_no: A004, dept_name: รอจัดยา, code_dept_id: 38 {"service":"websocket-server"}
2026-01-04 00:11:47.012 [INFO ] [DRUG] Unique dept_name values in wait data: {"0":"รอจัดยา","service":"websocket-server"}
2026-01-04 00:11:48.917 [INFO ] [DRUG] เริ่มดึงข้อมูลสำหรับ setting_id: 23, date: 2026-01-04 {"service":"websocket-server"}
2026-01-04 00:11:48.982 [INFO ] [DRUG] ดึง settings สำเร็จ - department_load: 38,39, style_voice: 2, voice: 3 {"service":"websocket-server"}
2026-01-04 00:11:49.008 [INFO ] [DRUG] ผลลัพธ์จาก DB - wait: 11, active: 0, call: ไม่มี, skip: 0 {"service":"websocket-server"}
2026-01-04 00:11:49.009 [INFO ] [DRUG] Sample wait item - visit_q_no: A004, dept_name: รอจัดยา, code_dept_id: 38 {"service":"websocket-server"}
2026-01-04 00:11:49.009 [INFO ] [DRUG] Unique dept_name values in wait data: {"0":"รอจัดยา","service":"websocket-server"}
2026-01-04 00:11:50.918 [INFO ] [DRUG] เริ่มดึงข้อมูลสำหรับ setting_id: 23, date: 2026-01-04 {"service":"websocket-server"}
2026-01-04 00:11:50.983 [INFO ] [DRUG] ดึง settings สำเร็จ - department_load: 38,39, style_voice: 2, voice: 3 {"service":"websocket-server"}
2026-01-04 00:11:51.009 [INFO ] [DRUG] ผลลัพธ์จาก DB - wait: 11, active: 0, call: ไม่มี, skip: 0 {"service":"websocket-server"}
2026-01-04 00:11:51.010 [INFO ] [DRUG] Sample wait item - visit_q_no: A004, dept_name: รอจัดยา, code_dept_id: 38 {"service":"websocket-server"}
2026-01-04 00:11:51.010 [INFO ] [DRUG] Unique dept_name values in wait data: {"0":"รอจัดยา","service":"websocket-server"}
2026-01-04 00:11:52.919 [INFO ] [DRUG] เริ่มดึงข้อมูลสำหรับ setting_id: 23, date: 2026-01-04 {"service":"websocket-server"}
2026-01-04 00:11:52.985 [INFO ] [DRUG] ดึง settings สำเร็จ - department_load: 38,39, style_voice: 2, voice: 3 {"service":"websocket-server"}
2026-01-04 00:11:53.007 [INFO ] [DRUG] ผลลัพธ์จาก DB - wait: 11, active: 0, call: ไม่มี, skip: 0 {"service":"websocket-server"}
2026-01-04 00:11:53.007 [INFO ] [DRUG] Sample wait item - visit_q_no: A004, dept_name: รอจัดยา, code_dept_id: 38 {"service":"websocket-server"}
2026-01-04 00:11:53.008 [INFO ] [DRUG] Unique dept_name values in wait data: {"0":"รอจัดยา","service":"websocket-server"}
2026-01-04 00:11:54.920 [INFO ] [DRUG] เริ่มดึงข้อมูลสำหรับ setting_id: 23, date: 2026-01-04 {"service":"websocket-server"}
2026-01-04 00:11:54.985 [INFO ] [DRUG] ดึง settings สำเร็จ - department_load: 38,39, style_voice: 2, voice: 3 {"service":"websocket-server"}
2026-01-04 00:11:55.010 [INFO ] [DRUG] ผลลัพธ์จาก DB - wait: 11, active: 0, call: ไม่มี, skip: 0 {"service":"websocket-server"}
2026-01-04 00:11:55.010 [INFO ] [DRUG] Sample wait item - visit_q_no: A004, dept_name: รอจัดยา, code_dept_id: 38 {"service":"websocket-server"}
2026-01-04 00:11:55.010 [INFO ] [DRUG] Unique dept_name values in wait data: {"0":"รอจัดยา","service":"websocket-server"}
2026-01-04 00:11:56.921 [INFO ] [DRUG] เริ่มดึงข้อมูลสำหรับ setting_id: 23, date: 2026-01-04 {"service":"websocket-server"}
2026-01-04 00:11:56.985 [INFO ] [DRUG] ดึง settings สำเร็จ - department_load: 38,39, style_voice: 2, voice: 3 {"service":"websocket-server"}
2026-01-04 00:11:57.010 [INFO ] [DRUG] ผลลัพธ์จาก DB - wait: 11, active: 0, call: ไม่มี, skip: 0 {"service":"websocket-server"}
2026-01-04 00:11:57.010 [INFO ] [DRUG] Sample wait item - visit_q_no: A004, dept_name: รอจัดยา, code_dept_id: 38 {"service":"websocket-server"}
2026-01-04 00:11:57.010 [INFO ] [DRUG] Unique dept_name values in wait data: {"0":"รอจัดยา","service":"websocket-server"}
2026-01-04 00:11:58.922 [INFO ] [DRUG] เริ่มดึงข้อมูลสำหรับ setting_id: 23, date: 2026-01-04 {"service":"websocket-server"}
2026-01-04 00:11:58.988 [INFO ] [DRUG] ดึง settings สำเร็จ - department_load: 38,39, style_voice: 2, voice: 3 {"service":"websocket-server"}
2026-01-04 00:11:59.016 [INFO ] [DRUG] ผลลัพธ์จาก DB - wait: 11, active: 0, call: ไม่มี, skip: 0 {"service":"websocket-server"}
2026-01-04 00:11:59.016 [INFO ] [DRUG] Sample wait item - visit_q_no: A004, dept_name: รอจัดยา, code_dept_id: 38 {"service":"websocket-server"}
2026-01-04 00:11:59.016 [INFO ] [DRUG] Unique dept_name values in wait data: {"0":"รอจัดยา","service":"websocket-server"}
2026-01-04 00:12:00.923 [INFO ] [DRUG] เริ่มดึงข้อมูลสำหรับ setting_id: 23, date: 2026-01-04 {"service":"websocket-server"}
2026-01-04 00:12:00.985 [INFO ] [DRUG] ดึง settings สำเร็จ - department_load: 38,39, style_voice: 2, voice: 3 {"service":"websocket-server"}
2026-01-04 00:12:01.010 [INFO ] [DRUG] ผลลัพธ์จาก DB - wait: 11, active: 0, call: ไม่มี, skip: 0 {"service":"websocket-server"}
2026-01-04 00:12:01.010 [INFO ] [DRUG] Sample wait item - visit_q_no: A004, dept_name: รอจัดยา, code_dept_id: 38 {"service":"websocket-server"}
2026-01-04 00:12:01.010 [INFO ] [DRUG] Unique dept_name values in wait data: {"0":"รอจัดยา","service":"websocket-server"}
2026-01-04 00:12:02.927 [INFO ] [DRUG] เริ่มดึงข้อมูลสำหรับ setting_id: 23, date: 2026-01-04 {"service":"websocket-server"}
2026-01-04 00:12:02.993 [INFO ] [DRUG] ดึง settings สำเร็จ - department_load: 38,39, style_voice: 2, voice: 3 {"service":"websocket-server"}
2026-01-04 00:12:03.018 [INFO ] [DRUG] ผลลัพธ์จาก DB - wait: 11, active: 0, call: ไม่มี, skip: 0 {"service":"websocket-server"}
2026-01-04 00:12:03.018 [INFO ] [DRUG] Sample wait item - visit_q_no: A004, dept_name: รอจัดยา, code_dept_id: 38 {"service":"websocket-server"}
2026-01-04 00:12:03.018 [INFO ] [DRUG] Unique dept_name values in wait data: {"0":"รอจัดยา","service":"websocket-server"}
2026-01-04 00:12:04.925 [INFO ] [DRUG] เริ่มดึงข้อมูลสำหรับ setting_id: 23, date: 2026-01-04 {"service":"websocket-server"}
2026-01-04 00:12:05.006 [INFO ] [DRUG] ดึง settings สำเร็จ - department_load: 38,39, style_voice: 2, voice: 3 {"service":"websocket-server"}
2026-01-04 00:12:05.041 [INFO ] [DRUG] ผลลัพธ์จาก DB - wait: 11, active: 0, call: ไม่มี, skip: 0 {"service":"websocket-server"}
2026-01-04 00:12:05.041 [INFO ] [DRUG] Sample wait item - visit_q_no: A004, dept_name: รอจัดยา, code_dept_id: 38 {"service":"websocket-server"}
2026-01-04 00:12:05.041 [INFO ] [DRUG] Unique dept_name values in wait data: {"0":"รอจัดยา","service":"websocket-server"}
2026-01-04 00:12:06.930 [INFO ] [DRUG] เริ่มดึงข้อมูลสำหรับ setting_id: 23, date: 2026-01-04 {"service":"websocket-server"}
2026-01-04 00:12:06.994 [INFO ] [DRUG] ดึง settings สำเร็จ - department_load: 38,39, style_voice: 2, voice: 3 {"service":"websocket-server"}
2026-01-04 00:12:07.023 [INFO ] [DRUG] ผลลัพธ์จาก DB - wait: 11, active: 0, call: ไม่มี, skip: 0 {"service":"websocket-server"}
2026-01-04 00:12:07.024 [INFO ] [DRUG] Sample wait item - visit_q_no: A004, dept_name: รอจัดยา, code_dept_id: 38 {"service":"websocket-server"}
2026-01-04 00:12:07.025 [INFO ] [DRUG] Unique dept_name values in wait data: {"0":"รอจัดยา","service":"websocket-server"}
2026-01-04 00:12:08.928 [INFO ] [DRUG] เริ่มดึงข้อมูลสำหรับ setting_id: 23, date: 2026-01-04 {"service":"websocket-server"}
2026-01-04 00:12:08.990 [INFO ] [DRUG] ดึง settings สำเร็จ - department_load: 38,39, style_voice: 2, voice: 3 {"service":"websocket-server"}
2026-01-04 00:12:09.013 [INFO ] [DRUG] ผลลัพธ์จาก DB - wait: 11, active: 0, call: ไม่มี, skip: 0 {"service":"websocket-server"}
2026-01-04 00:12:09.013 [INFO ] [DRUG] Sample wait item - visit_q_no: A004, dept_name: รอจัดยา, code_dept_id: 38 {"service":"websocket-server"}
2026-01-04 00:12:09.014 [INFO ] [DRUG] Unique dept_name values in wait data: {"0":"รอจัดยา","service":"websocket-server"}
2026-01-04 00:12:10.929 [INFO ] [DRUG] เริ่มดึงข้อมูลสำหรับ setting_id: 23, date: 2026-01-04 {"service":"websocket-server"}
2026-01-04 00:12:10.990 [INFO ] [DRUG] ดึง settings สำเร็จ - department_load: 38,39, style_voice: 2, voice: 3 {"service":"websocket-server"}
2026-01-04 00:12:11.013 [INFO ] [DRUG] ผลลัพธ์จาก DB - wait: 11, active: 0, call: ไม่มี, skip: 0 {"service":"websocket-server"}
2026-01-04 00:12:11.013 [INFO ] [DRUG] Sample wait item - visit_q_no: A004, dept_name: รอจัดยา, code_dept_id: 38 {"service":"websocket-server"}
2026-01-04 00:12:11.013 [INFO ] [DRUG] Unique dept_name values in wait data: {"0":"รอจัดยา","service":"websocket-server"}
2026-01-04 00:12:12.930 [INFO ] [DRUG] เริ่มดึงข้อมูลสำหรับ setting_id: 23, date: 2026-01-04 {"service":"websocket-server"}
2026-01-04 00:12:12.992 [INFO ] [DRUG] ดึง settings สำเร็จ - department_load: 38,39, style_voice: 2, voice: 3 {"service":"websocket-server"}
2026-01-04 00:12:13.017 [INFO ] [DRUG] ผลลัพธ์จาก DB - wait: 11, active: 0, call: ไม่มี, skip: 0 {"service":"websocket-server"}
2026-01-04 00:12:13.017 [INFO ] [DRUG] Sample wait item - visit_q_no: A004, dept_name: รอจัดยา, code_dept_id: 38 {"service":"websocket-server"}
2026-01-04 00:12:13.017 [INFO ] [DRUG] Unique dept_name values in wait data: {"0":"รอจัดยา","service":"websocket-server"}
2026-01-04 00:12:14.935 [INFO ] [DRUG] เริ่มดึงข้อมูลสำหรับ setting_id: 23, date: 2026-01-04 {"service":"websocket-server"}
2026-01-04 00:12:14.999 [INFO ] [DRUG] ดึง settings สำเร็จ - department_load: 38,39, style_voice: 2, voice: 3 {"service":"websocket-server"}
2026-01-04 00:12:15.029 [INFO ] [DRUG] ผลลัพธ์จาก DB - wait: 11, active: 0, call: ไม่มี, skip: 0 {"service":"websocket-server"}
2026-01-04 00:12:15.029 [INFO ] [DRUG] Sample wait item - visit_q_no: A004, dept_name: รอจัดยา, code_dept_id: 38 {"service":"websocket-server"}
2026-01-04 00:12:15.029 [INFO ] [DRUG] Unique dept_name values in wait data: {"0":"รอจัดยา","service":"websocket-server"}
2026-01-04 00:12:16.932 [INFO ] [DRUG] เริ่มดึงข้อมูลสำหรับ setting_id: 23, date: 2026-01-04 {"service":"websocket-server"}
2026-01-04 00:12:16.998 [INFO ] [DRUG] ดึง settings สำเร็จ - department_load: 38,39, style_voice: 2, voice: 3 {"service":"websocket-server"}
2026-01-04 00:12:17.021 [INFO ] [DRUG] ผลลัพธ์จาก DB - wait: 11, active: 0, call: ไม่มี, skip: 0 {"service":"websocket-server"}
2026-01-04 00:12:17.021 [INFO ] [DRUG] Sample wait item - visit_q_no: A004, dept_name: รอจัดยา, code_dept_id: 38 {"service":"websocket-server"}
2026-01-04 00:12:17.021 [INFO ] [DRUG] Unique dept_name values in wait data: {"0":"รอจัดยา","service":"websocket-server"}
2026-01-04 00:12:18.933 [INFO ] [DRUG] เริ่มดึงข้อมูลสำหรับ setting_id: 23, date: 2026-01-04 {"service":"websocket-server"}
2026-01-04 00:12:18.998 [INFO ] [DRUG] ดึง settings สำเร็จ - department_load: 38,39, style_voice: 2, voice: 3 {"service":"websocket-server"}
2026-01-04 00:12:19.021 [INFO ] [DRUG] ผลลัพธ์จาก DB - wait: 11, active: 0, call: ไม่มี, skip: 0 {"service":"websocket-server"}
2026-01-04 00:12:19.021 [INFO ] [DRUG] Sample wait item - visit_q_no: A004, dept_name: รอจัดยา, code_dept_id: 38 {"service":"websocket-server"}
2026-01-04 00:12:19.021 [INFO ] [DRUG] Unique dept_name values in wait data: {"0":"รอจัดยา","service":"websocket-server"}
2026-01-04 00:12:20.933 [INFO ] [DRUG] เริ่มดึงข้อมูลสำหรับ setting_id: 23, date: 2026-01-04 {"service":"websocket-server"}
2026-01-04 00:12:20.996 [INFO ] [DRUG] ดึง settings สำเร็จ - department_load: 38,39, style_voice: 2, voice: 3 {"service":"websocket-server"}
2026-01-04 00:12:21.022 [INFO ] [DRUG] ผลลัพธ์จาก DB - wait: 11, active: 0, call: ไม่มี, skip: 0 {"service":"websocket-server"}
2026-01-04 00:12:21.022 [INFO ] [DRUG] Sample wait item - visit_q_no: A004, dept_name: รอจัดยา, code_dept_id: 38 {"service":"websocket-server"}
2026-01-04 00:12:21.022 [INFO ] [DRUG] Unique dept_name values in wait data: {"0":"รอจัดยา","service":"websocket-server"}
2026-01-04 00:12:22.933 [INFO ] [DRUG] เริ่มดึงข้อมูลสำหรับ setting_id: 23, date: 2026-01-04 {"service":"websocket-server"}
2026-01-04 00:12:22.993 [INFO ] [DRUG] ดึง settings สำเร็จ - department_load: 38,39, style_voice: 2, voice: 3 {"service":"websocket-server"}
2026-01-04 00:12:23.018 [INFO ] [DRUG] ผลลัพธ์จาก DB - wait: 11, active: 0, call: ไม่มี, skip: 0 {"service":"websocket-server"}
2026-01-04 00:12:23.018 [INFO ] [DRUG] Sample wait item - visit_q_no: A004, dept_name: รอจัดยา, code_dept_id: 38 {"service":"websocket-server"}
2026-01-04 00:12:23.018 [INFO ] [DRUG] Unique dept_name values in wait data: {"0":"รอจัดยา","service":"websocket-server"}
2026-01-04 00:12:24.935 [INFO ] [DRUG] เริ่มดึงข้อมูลสำหรับ setting_id: 23, date: 2026-01-04 {"service":"websocket-server"}
2026-01-04 00:12:24.998 [INFO ] [DRUG] ดึง settings สำเร็จ - department_load: 38,39, style_voice: 2, voice: 3 {"service":"websocket-server"}
2026-01-04 00:12:25.023 [INFO ] [DRUG] ผลลัพธ์จาก DB - wait: 11, active: 0, call: ไม่มี, skip: 0 {"service":"websocket-server"}
2026-01-04 00:12:25.023 [INFO ] [DRUG] Sample wait item - visit_q_no: A004, dept_name: รอจัดยา, code_dept_id: 38 {"service":"websocket-server"}
2026-01-04 00:12:25.023 [INFO ] [DRUG] Unique dept_name values in wait data: {"0":"รอจัดยา","service":"websocket-server"}
2026-01-04 00:12:26.939 [INFO ] [DRUG] เริ่มดึงข้อมูลสำหรับ setting_id: 23, date: 2026-01-04 {"service":"websocket-server"}
2026-01-04 00:12:27.009 [INFO ] [DRUG] ดึง settings สำเร็จ - department_load: 38,39, style_voice: 2, voice: 3 {"service":"websocket-server"}
2026-01-04 00:12:27.035 [INFO ] [DRUG] ผลลัพธ์จาก DB - wait: 11, active: 0, call: ไม่มี, skip: 0 {"service":"websocket-server"}
2026-01-04 00:12:27.036 [INFO ] [DRUG] Sample wait item - visit_q_no: A004, dept_name: รอจัดยา, code_dept_id: 38 {"service":"websocket-server"}
2026-01-04 00:12:27.036 [INFO ] [DRUG] Unique dept_name values in wait data: {"0":"รอจัดยา","service":"websocket-server"}
2026-01-04 00:12:28.938 [INFO ] [DRUG] เริ่มดึงข้อมูลสำหรับ setting_id: 23, date: 2026-01-04 {"service":"websocket-server"}
2026-01-04 00:12:29.005 [INFO ] [DRUG] ดึง settings สำเร็จ - department_load: 38,39, style_voice: 2, voice: 3 {"service":"websocket-server"}
2026-01-04 00:12:29.029 [INFO ] [DRUG] ผลลัพธ์จาก DB - wait: 11, active: 0, call: ไม่มี, skip: 0 {"service":"websocket-server"}
2026-01-04 00:12:29.030 [INFO ] [DRUG] Sample wait item - visit_q_no: A004, dept_name: รอจัดยา, code_dept_id: 38 {"service":"websocket-server"}
2026-01-04 00:12:29.031 [INFO ] [DRUG] Unique dept_name values in wait data: {"0":"รอจัดยา","service":"websocket-server"}
2026-01-04 00:12:30.938 [INFO ] [DRUG] เริ่มดึงข้อมูลสำหรับ setting_id: 23, date: 2026-01-04 {"service":"websocket-server"}
2026-01-04 00:12:31.001 [INFO ] [DRUG] ดึง settings สำเร็จ - department_load: 38,39, style_voice: 2, voice: 3 {"service":"websocket-server"}
2026-01-04 00:12:31.024 [INFO ] [DRUG] ผลลัพธ์จาก DB - wait: 11, active: 0, call: ไม่มี, skip: 0 {"service":"websocket-server"}
2026-01-04 00:12:31.024 [INFO ] [DRUG] Sample wait item - visit_q_no: A004, dept_name: รอจัดยา, code_dept_id: 38 {"service":"websocket-server"}
2026-01-04 00:12:31.024 [INFO ] [DRUG] Unique dept_name values in wait data: {"0":"รอจัดยา","service":"websocket-server"}
2026-01-04 00:12:32.939 [INFO ] [DRUG] เริ่มดึงข้อมูลสำหรับ setting_id: 23, date: 2026-01-04 {"service":"websocket-server"}
2026-01-04 00:12:33.002 [INFO ] [DRUG] ดึง settings สำเร็จ - department_load: 38,39, style_voice: 2, voice: 3 {"service":"websocket-server"}
2026-01-04 00:12:33.025 [INFO ] [DRUG] ผลลัพธ์จาก DB - wait: 11, active: 0, call: ไม่มี, skip: 0 {"service":"websocket-server"}
2026-01-04 00:12:33.025 [INFO ] [DRUG] Sample wait item - visit_q_no: A004, dept_name: รอจัดยา, code_dept_id: 38 {"service":"websocket-server"}
2026-01-04 00:12:33.025 [INFO ] [DRUG] Unique dept_name values in wait data: {"0":"รอจัดยา","service":"websocket-server"}
2026-01-04 00:12:34.939 [INFO ] [DRUG] เริ่มดึงข้อมูลสำหรับ setting_id: 23, date: 2026-01-04 {"service":"websocket-server"}
2026-01-04 00:12:35.001 [INFO ] [DRUG] ดึง settings สำเร็จ - department_load: 38,39, style_voice: 2, voice: 3 {"service":"websocket-server"}
2026-01-04 00:12:35.025 [INFO ] [DRUG] ผลลัพธ์จาก DB - wait: 11, active: 0, call: ไม่มี, skip: 0 {"service":"websocket-server"}
2026-01-04 00:12:35.025 [INFO ] [DRUG] Sample wait item - visit_q_no: A004, dept_name: รอจัดยา, code_dept_id: 38 {"service":"websocket-server"}
2026-01-04 00:12:35.025 [INFO ] [DRUG] Unique dept_name values in wait data: {"0":"รอจัดยา","service":"websocket-server"}
2026-01-04 00:12:36.995 [INFO ] [DRUG] เริ่มดึงข้อมูลสำหรับ setting_id: 23, date: 2026-01-04 {"service":"websocket-server"}
2026-01-04 00:12:37.079 [INFO ] [DRUG] ดึง settings สำเร็จ - department_load: 38,39, style_voice: 2, voice: 3 {"service":"websocket-server"}
2026-01-04 00:12:37.104 [INFO ] [DRUG] ผลลัพธ์จาก DB - wait: 11, active: 0, call: ไม่มี, skip: 0 {"service":"websocket-server"}
2026-01-04 00:12:37.104 [INFO ] [DRUG] Sample wait item - visit_q_no: A004, dept_name: รอจัดยา, code_dept_id: 38 {"service":"websocket-server"}
2026-01-04 00:12:37.104 [INFO ] [DRUG] Unique dept_name values in wait data: {"0":"รอจัดยา","service":"websocket-server"}
2026-01-04 00:12:38.950 [INFO ] [DRUG] เริ่มดึงข้อมูลสำหรับ setting_id: 23, date: 2026-01-04 {"service":"websocket-server"}
2026-01-04 00:12:39.014 [INFO ] [DRUG] ดึง settings สำเร็จ - department_load: 38,39, style_voice: 2, voice: 3 {"service":"websocket-server"}
2026-01-04 00:12:39.038 [INFO ] [DRUG] ผลลัพธ์จาก DB - wait: 11, active: 0, call: ไม่มี, skip: 0 {"service":"websocket-server"}
2026-01-04 00:12:39.038 [INFO ] [DRUG] Sample wait item - visit_q_no: A004, dept_name: รอจัดยา, code_dept_id: 38 {"service":"websocket-server"}
2026-01-04 00:12:39.038 [INFO ] [DRUG] Unique dept_name values in wait data: {"0":"รอจัดยา","service":"websocket-server"}
2026-01-04 00:12:40.951 [INFO ] [DRUG] เริ่มดึงข้อมูลสำหรับ setting_id: 23, date: 2026-01-04 {"service":"websocket-server"}
2026-01-04 00:12:41.014 [INFO ] [DRUG] ดึง settings สำเร็จ - department_load: 38,39, style_voice: 2, voice: 3 {"service":"websocket-server"}
2026-01-04 00:12:41.039 [INFO ] [DRUG] ผลลัพธ์จาก DB - wait: 11, active: 0, call: ไม่มี, skip: 0 {"service":"websocket-server"}
2026-01-04 00:12:41.040 [INFO ] [DRUG] Sample wait item - visit_q_no: A004, dept_name: รอจัดยา, code_dept_id: 38 {"service":"websocket-server"}
2026-01-04 00:12:41.040 [INFO ] [DRUG] Unique dept_name values in wait data: {"0":"รอจัดยา","service":"websocket-server"}
2026-01-04 00:12:42.951 [INFO ] [DRUG] เริ่มดึงข้อมูลสำหรับ setting_id: 23, date: 2026-01-04 {"service":"websocket-server"}
2026-01-04 00:12:43.016 [INFO ] [DRUG] ดึง settings สำเร็จ - department_load: 38,39, style_voice: 2, voice: 3 {"service":"websocket-server"}
2026-01-04 00:12:43.041 [INFO ] [DRUG] ผลลัพธ์จาก DB - wait: 11, active: 0, call: ไม่มี, skip: 0 {"service":"websocket-server"}
2026-01-04 00:12:43.041 [INFO ] [DRUG] Sample wait item - visit_q_no: A004, dept_name: รอจัดยา, code_dept_id: 38 {"service":"websocket-server"}
2026-01-04 00:12:43.041 [INFO ] [DRUG] Unique dept_name values in wait data: {"0":"รอจัดยา","service":"websocket-server"}
2026-01-04 00:12:44.951 [INFO ] [DRUG] เริ่มดึงข้อมูลสำหรับ setting_id: 23, date: 2026-01-04 {"service":"websocket-server"}
2026-01-04 00:12:45.012 [INFO ] [DRUG] ดึง settings สำเร็จ - department_load: 38,39, style_voice: 2, voice: 3 {"service":"websocket-server"}
2026-01-04 00:12:45.037 [INFO ] [DRUG] ผลลัพธ์จาก DB - wait: 11, active: 0, call: ไม่มี, skip: 0 {"service":"websocket-server"}
2026-01-04 00:12:45.038 [INFO ] [DRUG] Sample wait item - visit_q_no: A004, dept_name: รอจัดยา, code_dept_id: 38 {"service":"websocket-server"}
2026-01-04 00:12:45.038 [INFO ] [DRUG] Unique dept_name values in wait data: {"0":"รอจัดยา","service":"websocket-server"}
2026-01-04 00:12:46.952 [INFO ] [DRUG] เริ่มดึงข้อมูลสำหรับ setting_id: 23, date: 2026-01-04 {"service":"websocket-server"}
2026-01-04 00:12:47.014 [INFO ] [DRUG] ดึง settings สำเร็จ - department_load: 38,39, style_voice: 2, voice: 3 {"service":"websocket-server"}
2026-01-04 00:12:47.037 [INFO ] [DRUG] ผลลัพธ์จาก DB - wait: 11, active: 0, call: ไม่มี, skip: 0 {"service":"websocket-server"}
2026-01-04 00:12:47.037 [INFO ] [DRUG] Sample wait item - visit_q_no: A004, dept_name: รอจัดยา, code_dept_id: 38 {"service":"websocket-server"}
2026-01-04 00:12:47.037 [INFO ] [DRUG] Unique dept_name values in wait data: {"0":"รอจัดยา","service":"websocket-server"}
2026-01-04 00:12:48.953 [INFO ] [DRUG] เริ่มดึงข้อมูลสำหรับ setting_id: 23, date: 2026-01-04 {"service":"websocket-server"}
2026-01-04 00:12:49.013 [INFO ] [DRUG] ดึง settings สำเร็จ - department_load: 38,39, style_voice: 2, voice: 3 {"service":"websocket-server"}
2026-01-04 00:12:49.037 [INFO ] [DRUG] ผลลัพธ์จาก DB - wait: 11, active: 0, call: ไม่มี, skip: 0 {"service":"websocket-server"}
2026-01-04 00:12:49.038 [INFO ] [DRUG] Sample wait item - visit_q_no: A004, dept_name: รอจัดยา, code_dept_id: 38 {"service":"websocket-server"}
2026-01-04 00:12:49.038 [INFO ] [DRUG] Unique dept_name values in wait data: {"0":"รอจัดยา","service":"websocket-server"}
2026-01-04 00:12:50.954 [INFO ] [DRUG] เริ่มดึงข้อมูลสำหรับ setting_id: 23, date: 2026-01-04 {"service":"websocket-server"}
2026-01-04 00:12:51.033 [INFO ] [DRUG] ดึง settings สำเร็จ - department_load: 38,39, style_voice: 2, voice: 3 {"service":"websocket-server"}
2026-01-04 00:12:51.057 [INFO ] [DRUG] ผลลัพธ์จาก DB - wait: 11, active: 0, call: ไม่มี, skip: 0 {"service":"websocket-server"}
2026-01-04 00:12:51.057 [INFO ] [DRUG] Sample wait item - visit_q_no: A004, dept_name: รอจัดยา, code_dept_id: 38 {"service":"websocket-server"}
2026-01-04 00:12:51.057 [INFO ] [DRUG] Unique dept_name values in wait data: {"0":"รอจัดยา","service":"websocket-server"}
2026-01-04 00:12:52.954 [INFO ] [DRUG] เริ่มดึงข้อมูลสำหรับ setting_id: 23, date: 2026-01-04 {"service":"websocket-server"}
2026-01-04 00:12:53.017 [INFO ] [DRUG] ดึง settings สำเร็จ - department_load: 38,39, style_voice: 2, voice: 3 {"service":"websocket-server"}
2026-01-04 00:12:53.041 [INFO ] [DRUG] ผลลัพธ์จาก DB - wait: 11, active: 0, call: ไม่มี, skip: 0 {"service":"websocket-server"}
2026-01-04 00:12:53.042 [INFO ] [DRUG] Sample wait item - visit_q_no: A004, dept_name: รอจัดยา, code_dept_id: 38 {"service":"websocket-server"}
2026-01-04 00:12:53.042 [INFO ] [DRUG] Unique dept_name values in wait data: {"0":"รอจัดยา","service":"websocket-server"}
2026-01-04 00:12:54.955 [INFO ] [DRUG] เริ่มดึงข้อมูลสำหรับ setting_id: 23, date: 2026-01-04 {"service":"websocket-server"}
2026-01-04 00:12:55.021 [INFO ] [DRUG] ดึง settings สำเร็จ - department_load: 38,39, style_voice: 2, voice: 3 {"service":"websocket-server"}
2026-01-04 00:12:55.047 [INFO ] [DRUG] ผลลัพธ์จาก DB - wait: 11, active: 0, call: ไม่มี, skip: 0 {"service":"websocket-server"}
2026-01-04 00:12:55.047 [INFO ] [DRUG] Sample wait item - visit_q_no: A004, dept_name: รอจัดยา, code_dept_id: 38 {"service":"websocket-server"}
2026-01-04 00:12:55.048 [INFO ] [DRUG] Unique dept_name values in wait data: {"0":"รอจัดยา","service":"websocket-server"}
2026-01-04 00:12:56.956 [INFO ] [DRUG] เริ่มดึงข้อมูลสำหรับ setting_id: 23, date: 2026-01-04 {"service":"websocket-server"}
2026-01-04 00:12:57.017 [INFO ] [DRUG] ดึง settings สำเร็จ - department_load: 38,39, style_voice: 2, voice: 3 {"service":"websocket-server"}
2026-01-04 00:12:57.040 [INFO ] [DRUG] ผลลัพธ์จาก DB - wait: 11, active: 0, call: ไม่มี, skip: 0 {"service":"websocket-server"}
2026-01-04 00:12:57.040 [INFO ] [DRUG] Sample wait item - visit_q_no: A004, dept_name: รอจัดยา, code_dept_id: 38 {"service":"websocket-server"}
2026-01-04 00:12:57.041 [INFO ] [DRUG] Unique dept_name values in wait data: {"0":"รอจัดยา","service":"websocket-server"}
2026-01-04 00:12:58.957 [INFO ] [DRUG] เริ่มดึงข้อมูลสำหรับ setting_id: 23, date: 2026-01-04 {"service":"websocket-server"}
2026-01-04 00:12:59.020 [INFO ] [DRUG] ดึง settings สำเร็จ - department_load: 38,39, style_voice: 2, voice: 3 {"service":"websocket-server"}
2026-01-04 00:12:59.045 [INFO ] [DRUG] ผลลัพธ์จาก DB - wait: 11, active: 0, call: ไม่มี, skip: 0 {"service":"websocket-server"}
2026-01-04 00:12:59.045 [INFO ] [DRUG] Sample wait item - visit_q_no: A004, dept_name: รอจัดยา, code_dept_id: 38 {"service":"websocket-server"}
2026-01-04 00:12:59.045 [INFO ] [DRUG] Unique dept_name values in wait data: {"0":"รอจัดยา","service":"websocket-server"}
2026-01-04 00:13:00.957 [INFO ] [DRUG] เริ่มดึงข้อมูลสำหรับ setting_id: 23, date: 2026-01-04 {"service":"websocket-server"}
2026-01-04 00:13:01.024 [INFO ] [DRUG] ดึง settings สำเร็จ - department_load: 38,39, style_voice: 2, voice: 3 {"service":"websocket-server"}
2026-01-04 00:13:01.050 [INFO ] [DRUG] ผลลัพธ์จาก DB - wait: 11, active: 0, call: ไม่มี, skip: 0 {"service":"websocket-server"}
2026-01-04 00:13:01.051 [INFO ] [DRUG] Sample wait item - visit_q_no: A004, dept_name: รอจัดยา, code_dept_id: 38 {"service":"websocket-server"}
2026-01-04 00:13:01.051 [INFO ] [DRUG] Unique dept_name values in wait data: {"0":"รอจัดยา","service":"websocket-server"}
2026-01-04 00:13:02.958 [INFO ] [DRUG] เริ่มดึงข้อมูลสำหรับ setting_id: 23, date: 2026-01-04 {"service":"websocket-server"}
2026-01-04 00:13:03.021 [INFO ] [DRUG] ดึง settings สำเร็จ - department_load: 38,39, style_voice: 2, voice: 3 {"service":"websocket-server"}
2026-01-04 00:13:03.044 [INFO ] [DRUG] ผลลัพธ์จาก DB - wait: 11, active: 0, call: ไม่มี, skip: 0 {"service":"websocket-server"}
2026-01-04 00:13:03.044 [INFO ] [DRUG] Sample wait item - visit_q_no: A004, dept_name: รอจัดยา, code_dept_id: 38 {"service":"websocket-server"}
2026-01-04 00:13:03.044 [INFO ] [DRUG] Unique dept_name values in wait data: {"0":"รอจัดยา","service":"websocket-server"}
2026-01-04 00:13:04.959 [INFO ] [DRUG] เริ่มดึงข้อมูลสำหรับ setting_id: 23, date: 2026-01-04 {"service":"websocket-server"}
2026-01-04 00:13:05.022 [INFO ] [DRUG] ดึง settings สำเร็จ - department_load: 38,39, style_voice: 2, voice: 3 {"service":"websocket-server"}
2026-01-04 00:13:05.048 [INFO ] [DRUG] ผลลัพธ์จาก DB - wait: 11, active: 0, call: ไม่มี, skip: 0 {"service":"websocket-server"}
2026-01-04 00:13:05.048 [INFO ] [DRUG] Sample wait item - visit_q_no: A004, dept_name: รอจัดยา, code_dept_id: 38 {"service":"websocket-server"}
2026-01-04 00:13:05.048 [INFO ] [DRUG] Unique dept_name values in wait data: {"0":"รอจัดยา","service":"websocket-server"}
2026-01-04 00:13:06.959 [INFO ] [DRUG] เริ่มดึงข้อมูลสำหรับ setting_id: 23, date: 2026-01-04 {"service":"websocket-server"}
2026-01-04 00:13:07.024 [INFO ] [DRUG] ดึง settings สำเร็จ - department_load: 38,39, style_voice: 2, voice: 3 {"service":"websocket-server"}
2026-01-04 00:13:07.050 [INFO ] [DRUG] ผลลัพธ์จาก DB - wait: 11, active: 0, call: ไม่มี, skip: 0 {"service":"websocket-server"}
2026-01-04 00:13:07.050 [INFO ] [DRUG] Sample wait item - visit_q_no: A004, dept_name: รอจัดยา, code_dept_id: 38 {"service":"websocket-server"}
2026-01-04 00:13:07.050 [INFO ] [DRUG] Unique dept_name values in wait data: {"0":"รอจัดยา","service":"websocket-server"}
2026-01-04 00:13:08.961 [INFO ] [DRUG] เริ่มดึงข้อมูลสำหรับ setting_id: 23, date: 2026-01-04 {"service":"websocket-server"}
2026-01-04 00:13:09.024 [INFO ] [DRUG] ดึง settings สำเร็จ - department_load: 38,39, style_voice: 2, voice: 3 {"service":"websocket-server"}
2026-01-04 00:13:09.050 [INFO ] [DRUG] ผลลัพธ์จาก DB - wait: 11, active: 0, call: ไม่มี, skip: 0 {"service":"websocket-server"}
2026-01-04 00:13:09.050 [INFO ] [DRUG] Sample wait item - visit_q_no: A004, dept_name: รอจัดยา, code_dept_id: 38 {"service":"websocket-server"}
2026-01-04 00:13:09.050 [INFO ] [DRUG] Unique dept_name values in wait data: {"0":"รอจัดยา","service":"websocket-server"}
2026-01-04 00:13:10.962 [INFO ] [DRUG] เริ่มดึงข้อมูลสำหรับ setting_id: 23, date: 2026-01-04 {"service":"websocket-server"}
2026-01-04 00:13:11.024 [INFO ] [DRUG] ดึง settings สำเร็จ - department_load: 38,39, style_voice: 2, voice: 3 {"service":"websocket-server"}
2026-01-04 00:13:11.047 [INFO ] [DRUG] ผลลัพธ์จาก DB - wait: 11, active: 0, call: ไม่มี, skip: 0 {"service":"websocket-server"}
2026-01-04 00:13:11.047 [INFO ] [DRUG] Sample wait item - visit_q_no: A004, dept_name: รอจัดยา, code_dept_id: 38 {"service":"websocket-server"}
2026-01-04 00:13:11.047 [INFO ] [DRUG] Unique dept_name values in wait data: {"0":"รอจัดยา","service":"websocket-server"}
2026-01-04 00:13:12.963 [INFO ] [DRUG] เริ่มดึงข้อมูลสำหรับ setting_id: 23, date: 2026-01-04 {"service":"websocket-server"}
2026-01-04 00:13:13.022 [INFO ] [DRUG] ดึง settings สำเร็จ - department_load: 38,39, style_voice: 2, voice: 3 {"service":"websocket-server"}
2026-01-04 00:13:13.046 [INFO ] [DRUG] ผลลัพธ์จาก DB - wait: 11, active: 0, call: ไม่มี, skip: 0 {"service":"websocket-server"}
2026-01-04 00:13:13.046 [INFO ] [DRUG] Sample wait item - visit_q_no: A004, dept_name: รอจัดยา, code_dept_id: 38 {"service":"websocket-server"}
2026-01-04 00:13:13.046 [INFO ] [DRUG] Unique dept_name values in wait data: {"0":"รอจัดยา","service":"websocket-server"}
2026-01-04 00:13:14.964 [INFO ] [DRUG] เริ่มดึงข้อมูลสำหรับ setting_id: 23, date: 2026-01-04 {"service":"websocket-server"}
2026-01-04 00:13:15.026 [INFO ] [DRUG] ดึง settings สำเร็จ - department_load: 38,39, style_voice: 2, voice: 3 {"service":"websocket-server"}
2026-01-04 00:13:15.050 [INFO ] [DRUG] ผลลัพธ์จาก DB - wait: 11, active: 0, call: ไม่มี, skip: 0 {"service":"websocket-server"}
2026-01-04 00:13:15.051 [INFO ] [DRUG] Sample wait item - visit_q_no: A004, dept_name: รอจัดยา, code_dept_id: 38 {"service":"websocket-server"}
2026-01-04 00:13:15.051 [INFO ] [DRUG] Unique dept_name values in wait data: {"0":"รอจัดยา","service":"websocket-server"}
2026-01-04 00:13:16.965 [INFO ] [DRUG] เริ่มดึงข้อมูลสำหรับ setting_id: 23, date: 2026-01-04 {"service":"websocket-server"}
2026-01-04 00:13:17.027 [INFO ] [DRUG] ดึง settings สำเร็จ - department_load: 38,39, style_voice: 2, voice: 3 {"service":"websocket-server"}
2026-01-04 00:13:17.053 [INFO ] [DRUG] ผลลัพธ์จาก DB - wait: 11, active: 0, call: ไม่มี, skip: 0 {"service":"websocket-server"}
2026-01-04 00:13:17.053 [INFO ] [DRUG] Sample wait item - visit_q_no: A004, dept_name: รอจัดยา, code_dept_id: 38 {"service":"websocket-server"}
2026-01-04 00:13:17.053 [INFO ] [DRUG] Unique dept_name values in wait data: {"0":"รอจัดยา","service":"websocket-server"}
2026-01-04 00:13:18.966 [INFO ] [DRUG] เริ่มดึงข้อมูลสำหรับ setting_id: 23, date: 2026-01-04 {"service":"websocket-server"}
2026-01-04 00:13:19.034 [INFO ] [DRUG] ดึง settings สำเร็จ - department_load: 38,39, style_voice: 2, voice: 3 {"service":"websocket-server"}
2026-01-04 00:13:19.058 [INFO ] [DRUG] ผลลัพธ์จาก DB - wait: 11, active: 0, call: ไม่มี, skip: 0 {"service":"websocket-server"}
2026-01-04 00:13:19.058 [INFO ] [DRUG] Sample wait item - visit_q_no: A004, dept_name: รอจัดยา, code_dept_id: 38 {"service":"websocket-server"}
2026-01-04 00:13:19.059 [INFO ] [DRUG] Unique dept_name values in wait data: {"0":"รอจัดยา","service":"websocket-server"}
2026-01-04 00:13:20.966 [INFO ] [DRUG] เริ่มดึงข้อมูลสำหรับ setting_id: 23, date: 2026-01-04 {"service":"websocket-server"}
2026-01-04 00:13:21.028 [INFO ] [DRUG] ดึง settings สำเร็จ - department_load: 38,39, style_voice: 2, voice: 3 {"service":"websocket-server"}
2026-01-04 00:13:21.050 [INFO ] [DRUG] ผลลัพธ์จาก DB - wait: 11, active: 0, call: ไม่มี, skip: 0 {"service":"websocket-server"}
2026-01-04 00:13:21.050 [INFO ] [DRUG] Sample wait item - visit_q_no: A004, dept_name: รอจัดยา, code_dept_id: 38 {"service":"websocket-server"}
2026-01-04 00:13:21.051 [INFO ] [DRUG] Unique dept_name values in wait data: {"0":"รอจัดยา","service":"websocket-server"}
2026-01-04 00:13:22.968 [INFO ] [DRUG] เริ่มดึงข้อมูลสำหรับ setting_id: 23, date: 2026-01-04 {"service":"websocket-server"}
2026-01-04 00:13:23.031 [INFO ] [DRUG] ดึง settings สำเร็จ - department_load: 38,39, style_voice: 2, voice: 3 {"service":"websocket-server"}
2026-01-04 00:13:23.057 [INFO ] [DRUG] ผลลัพธ์จาก DB - wait: 11, active: 0, call: ไม่มี, skip: 0 {"service":"websocket-server"}
2026-01-04 00:13:23.057 [INFO ] [DRUG] Sample wait item - visit_q_no: A004, dept_name: รอจัดยา, code_dept_id: 38 {"service":"websocket-server"}
2026-01-04 00:13:23.057 [INFO ] [DRUG] Unique dept_name values in wait data: {"0":"รอจัดยา","service":"websocket-server"}
2026-01-04 00:13:24.968 [INFO ] [DRUG] เริ่มดึงข้อมูลสำหรับ setting_id: 23, date: 2026-01-04 {"service":"websocket-server"}
2026-01-04 00:13:25.030 [INFO ] [DRUG] ดึง settings สำเร็จ - department_load: 38,39, style_voice: 2, voice: 3 {"service":"websocket-server"}
2026-01-04 00:13:25.055 [INFO ] [DRUG] ผลลัพธ์จาก DB - wait: 11, active: 0, call: ไม่มี, skip: 0 {"service":"websocket-server"}
2026-01-04 00:13:25.055 [INFO ] [DRUG] Sample wait item - visit_q_no: A004, dept_name: รอจัดยา, code_dept_id: 38 {"service":"websocket-server"}
2026-01-04 00:13:25.055 [INFO ] [DRUG] Unique dept_name values in wait data: {"0":"รอจัดยา","service":"websocket-server"}
2026-01-04 00:13:26.969 [INFO ] [DRUG] เริ่มดึงข้อมูลสำหรับ setting_id: 23, date: 2026-01-04 {"service":"websocket-server"}
2026-01-04 00:13:27.033 [INFO ] [DRUG] ดึง settings สำเร็จ - department_load: 38,39, style_voice: 2, voice: 3 {"service":"websocket-server"}
2026-01-04 00:13:27.055 [INFO ] [DRUG] ผลลัพธ์จาก DB - wait: 11, active: 0, call: ไม่มี, skip: 0 {"service":"websocket-server"}
2026-01-04 00:13:27.056 [INFO ] [DRUG] Sample wait item - visit_q_no: A004, dept_name: รอจัดยา, code_dept_id: 38 {"service":"websocket-server"}
2026-01-04 00:13:27.056 [INFO ] [DRUG] Unique dept_name values in wait data: {"0":"รอจัดยา","service":"websocket-server"}
2026-01-04 00:13:28.970 [INFO ] [DRUG] เริ่มดึงข้อมูลสำหรับ setting_id: 23, date: 2026-01-04 {"service":"websocket-server"}
2026-01-04 00:13:29.034 [INFO ] [DRUG] ดึง settings สำเร็จ - department_load: 38,39, style_voice: 2, voice: 3 {"service":"websocket-server"}
2026-01-04 00:13:29.057 [INFO ] [DRUG] ผลลัพธ์จาก DB - wait: 11, active: 0, call: ไม่มี, skip: 0 {"service":"websocket-server"}
2026-01-04 00:13:29.058 [INFO ] [DRUG] Sample wait item - visit_q_no: A004, dept_name: รอจัดยา, code_dept_id: 38 {"service":"websocket-server"}
2026-01-04 00:13:29.058 [INFO ] [DRUG] Unique dept_name values in wait data: {"0":"รอจัดยา","service":"websocket-server"}
2026-01-04 00:13:30.971 [INFO ] [DRUG] เริ่มดึงข้อมูลสำหรับ setting_id: 23, date: 2026-01-04 {"service":"websocket-server"}
2026-01-04 00:13:31.033 [INFO ] [DRUG] ดึง settings สำเร็จ - department_load: 38,39, style_voice: 2, voice: 3 {"service":"websocket-server"}
2026-01-04 00:13:31.058 [INFO ] [DRUG] ผลลัพธ์จาก DB - wait: 11, active: 0, call: ไม่มี, skip: 0 {"service":"websocket-server"}
2026-01-04 00:13:31.059 [INFO ] [DRUG] Sample wait item - visit_q_no: A004, dept_name: รอจัดยา, code_dept_id: 38 {"service":"websocket-server"}
2026-01-04 00:13:31.059 [INFO ] [DRUG] Unique dept_name values in wait data: {"0":"รอจัดยา","service":"websocket-server"}
2026-01-04 00:13:32.971 [INFO ] [DRUG] เริ่มดึงข้อมูลสำหรับ setting_id: 23, date: 2026-01-04 {"service":"websocket-server"}
2026-01-04 00:13:33.033 [INFO ] [DRUG] ดึง settings สำเร็จ - department_load: 38,39, style_voice: 2, voice: 3 {"service":"websocket-server"}
2026-01-04 00:13:33.057 [INFO ] [DRUG] ผลลัพธ์จาก DB - wait: 11, active: 0, call: ไม่มี, skip: 0 {"service":"websocket-server"}
2026-01-04 00:13:33.057 [INFO ] [DRUG] Sample wait item - visit_q_no: A004, dept_name: รอจัดยา, code_dept_id: 38 {"service":"websocket-server"}
2026-01-04 00:13:33.058 [INFO ] [DRUG] Unique dept_name values in wait data: {"0":"รอจัดยา","service":"websocket-server"}
2026-01-04 00:13:34.971 [INFO ] [DRUG] เริ่มดึงข้อมูลสำหรับ setting_id: 23, date: 2026-01-04 {"service":"websocket-server"}
2026-01-04 00:13:35.034 [INFO ] [DRUG] ดึง settings สำเร็จ - department_load: 38,39, style_voice: 2, voice: 3 {"service":"websocket-server"}
2026-01-04 00:13:35.057 [INFO ] [DRUG] ผลลัพธ์จาก DB - wait: 11, active: 0, call: ไม่มี, skip: 0 {"service":"websocket-server"}
2026-01-04 00:13:35.057 [INFO ] [DRUG] Sample wait item - visit_q_no: A004, dept_name: รอจัดยา, code_dept_id: 38 {"service":"websocket-server"}
2026-01-04 00:13:35.057 [INFO ] [DRUG] Unique dept_name values in wait data: {"0":"รอจัดยา","service":"websocket-server"}
2026-01-04 00:13:36.971 [INFO ] [DRUG] เริ่มดึงข้อมูลสำหรับ setting_id: 23, date: 2026-01-04 {"service":"websocket-server"}
2026-01-04 00:13:37.031 [INFO ] [DRUG] ดึง settings สำเร็จ - department_load: 38,39, style_voice: 2, voice: 3 {"service":"websocket-server"}
2026-01-04 00:13:37.056 [INFO ] [DRUG] ผลลัพธ์จาก DB - wait: 11, active: 0, call: ไม่มี, skip: 0 {"service":"websocket-server"}
2026-01-04 00:13:37.056 [INFO ] [DRUG] Sample wait item - visit_q_no: A004, dept_name: รอจัดยา, code_dept_id: 38 {"service":"websocket-server"}
2026-01-04 00:13:37.057 [INFO ] [DRUG] Unique dept_name values in wait data: {"0":"รอจัดยา","service":"websocket-server"}
2026-01-04 00:13:38.972 [INFO ] [DRUG] เริ่มดึงข้อมูลสำหรับ setting_id: 23, date: 2026-01-04 {"service":"websocket-server"}
2026-01-04 00:13:39.033 [INFO ] [DRUG] ดึง settings สำเร็จ - department_load: 38,39, style_voice: 2, voice: 3 {"service":"websocket-server"}
2026-01-04 00:13:39.056 [INFO ] [DRUG] ผลลัพธ์จาก DB - wait: 11, active: 0, call: ไม่มี, skip: 0 {"service":"websocket-server"}
2026-01-04 00:13:39.057 [INFO ] [DRUG] Sample wait item - visit_q_no: A004, dept_name: รอจัดยา, code_dept_id: 38 {"service":"websocket-server"}
2026-01-04 00:13:39.057 [INFO ] [DRUG] Unique dept_name values in wait data: {"0":"รอจัดยา","service":"websocket-server"}
2026-01-04 00:13:40.972 [INFO ] [DRUG] เริ่มดึงข้อมูลสำหรับ setting_id: 23, date: 2026-01-04 {"service":"websocket-server"}
2026-01-04 00:13:41.033 [INFO ] [DRUG] ดึง settings สำเร็จ - department_load: 38,39, style_voice: 2, voice: 3 {"service":"websocket-server"}
2026-01-04 00:13:41.056 [INFO ] [DRUG] ผลลัพธ์จาก DB - wait: 11, active: 0, call: ไม่มี, skip: 0 {"service":"websocket-server"}
2026-01-04 00:13:41.056 [INFO ] [DRUG] Sample wait item - visit_q_no: A004, dept_name: รอจัดยา, code_dept_id: 38 {"service":"websocket-server"}
2026-01-04 00:13:41.056 [INFO ] [DRUG] Unique dept_name values in wait data: {"0":"รอจัดยา","service":"websocket-server"}
2026-01-04 00:13:42.971 [INFO ] [DRUG] เริ่มดึงข้อมูลสำหรับ setting_id: 23, date: 2026-01-04 {"service":"websocket-server"}
2026-01-04 00:13:43.036 [INFO ] [DRUG] ดึง settings สำเร็จ - department_load: 38,39, style_voice: 2, voice: 3 {"service":"websocket-server"}
2026-01-04 00:13:43.060 [INFO ] [DRUG] ผลลัพธ์จาก DB - wait: 11, active: 0, call: ไม่มี, skip: 0 {"service":"websocket-server"}
2026-01-04 00:13:43.060 [INFO ] [DRUG] Sample wait item - visit_q_no: A004, dept_name: รอจัดยา, code_dept_id: 38 {"service":"websocket-server"}
2026-01-04 00:13:43.060 [INFO ] [DRUG] Unique dept_name values in wait data: {"0":"รอจัดยา","service":"websocket-server"}
2026-01-04 00:13:44.973 [INFO ] [DRUG] เริ่มดึงข้อมูลสำหรับ setting_id: 23, date: 2026-01-04 {"service":"websocket-server"}
2026-01-04 00:13:45.032 [INFO ] [DRUG] ดึง settings สำเร็จ - department_load: 38,39, style_voice: 2, voice: 3 {"service":"websocket-server"}
2026-01-04 00:13:45.055 [INFO ] [DRUG] ผลลัพธ์จาก DB - wait: 11, active: 0, call: ไม่มี, skip: 0 {"service":"websocket-server"}
2026-01-04 00:13:45.055 [INFO ] [DRUG] Sample wait item - visit_q_no: A004, dept_name: รอจัดยา, code_dept_id: 38 {"service":"websocket-server"}
2026-01-04 00:13:45.055 [INFO ] [DRUG] Unique dept_name values in wait data: {"0":"รอจัดยา","service":"websocket-server"}
2026-01-04 00:13:46.974 [INFO ] [DRUG] เริ่มดึงข้อมูลสำหรับ setting_id: 23, date: 2026-01-04 {"service":"websocket-server"}
2026-01-04 00:13:47.038 [INFO ] [DRUG] ดึง settings สำเร็จ - department_load: 38,39, style_voice: 2, voice: 3 {"service":"websocket-server"}
2026-01-04 00:13:47.062 [INFO ] [DRUG] ผลลัพธ์จาก DB - wait: 11, active: 0, call: ไม่มี, skip: 0 {"service":"websocket-server"}
2026-01-04 00:13:47.062 [INFO ] [DRUG] Sample wait item - visit_q_no: A004, dept_name: รอจัดยา, code_dept_id: 38 {"service":"websocket-server"}
2026-01-04 00:13:47.062 [INFO ] [DRUG] Unique dept_name values in wait data: {"0":"รอจัดยา","service":"websocket-server"}
2026-01-04 00:13:48.974 [INFO ] [DRUG] เริ่มดึงข้อมูลสำหรับ setting_id: 23, date: 2026-01-04 {"service":"websocket-server"}
2026-01-04 00:13:49.037 [INFO ] [DRUG] ดึง settings สำเร็จ - department_load: 38,39, style_voice: 2, voice: 3 {"service":"websocket-server"}
2026-01-04 00:13:49.061 [INFO ] [DRUG] ผลลัพธ์จาก DB - wait: 11, active: 0, call: ไม่มี, skip: 0 {"service":"websocket-server"}
2026-01-04 00:13:49.062 [INFO ] [DRUG] Sample wait item - visit_q_no: A004, dept_name: รอจัดยา, code_dept_id: 38 {"service":"websocket-server"}
2026-01-04 00:13:49.062 [INFO ] [DRUG] Unique dept_name values in wait data: {"0":"รอจัดยา","service":"websocket-server"}
2026-01-04 00:13:50.975 [INFO ] [DRUG] เริ่มดึงข้อมูลสำหรับ setting_id: 23, date: 2026-01-04 {"service":"websocket-server"}
2026-01-04 00:13:51.038 [INFO ] [DRUG] ดึง settings สำเร็จ - department_load: 38,39, style_voice: 2, voice: 3 {"service":"websocket-server"}
2026-01-04 00:13:51.063 [INFO ] [DRUG] ผลลัพธ์จาก DB - wait: 11, active: 0, call: ไม่มี, skip: 0 {"service":"websocket-server"}
2026-01-04 00:13:51.063 [INFO ] [DRUG] Sample wait item - visit_q_no: A004, dept_name: รอจัดยา, code_dept_id: 38 {"service":"websocket-server"}
2026-01-04 00:13:51.063 [INFO ] [DRUG] Unique dept_name values in wait data: {"0":"รอจัดยา","service":"websocket-server"}
2026-01-04 00:13:52.976 [INFO ] [DRUG] เริ่มดึงข้อมูลสำหรับ setting_id: 23, date: 2026-01-04 {"service":"websocket-server"}
2026-01-04 00:13:53.042 [INFO ] [DRUG] ดึง settings สำเร็จ - department_load: 38,39, style_voice: 2, voice: 3 {"service":"websocket-server"}
2026-01-04 00:13:53.066 [INFO ] [DRUG] ผลลัพธ์จาก DB - wait: 11, active: 0, call: ไม่มี, skip: 0 {"service":"websocket-server"}
2026-01-04 00:13:53.067 [INFO ] [DRUG] Sample wait item - visit_q_no: A004, dept_name: รอจัดยา, code_dept_id: 38 {"service":"websocket-server"}
2026-01-04 00:13:53.067 [INFO ] [DRUG] Unique dept_name values in wait data: {"0":"รอจัดยา","service":"websocket-server"}
2026-01-04 00:13:54.977 [INFO ] [DRUG] เริ่มดึงข้อมูลสำหรับ setting_id: 23, date: 2026-01-04 {"service":"websocket-server"}
2026-01-04 00:13:55.045 [INFO ] [DRUG] ดึง settings สำเร็จ - department_load: 38,39, style_voice: 2, voice: 3 {"service":"websocket-server"}
2026-01-04 00:13:55.085 [INFO ] [DRUG] ผลลัพธ์จาก DB - wait: 11, active: 0, call: ไม่มี, skip: 0 {"service":"websocket-server"}
2026-01-04 00:13:55.085 [INFO ] [DRUG] Sample wait item - visit_q_no: A004, dept_name: รอจัดยา, code_dept_id: 38 {"service":"websocket-server"}
2026-01-04 00:13:55.085 [INFO ] [DRUG] Unique dept_name values in wait data: {"0":"รอจัดยา","service":"websocket-server"}
2026-01-04 00:13:56.979 [INFO ] [DRUG] เริ่มดึงข้อมูลสำหรับ setting_id: 23, date: 2026-01-04 {"service":"websocket-server"}
2026-01-04 00:13:57.042 [INFO ] [DRUG] ดึง settings สำเร็จ - department_load: 38,39, style_voice: 2, voice: 3 {"service":"websocket-server"}
2026-01-04 00:13:57.067 [INFO ] [DRUG] ผลลัพธ์จาก DB - wait: 11, active: 0, call: ไม่มี, skip: 0 {"service":"websocket-server"}
2026-01-04 00:13:57.068 [INFO ] [DRUG] Sample wait item - visit_q_no: A004, dept_name: รอจัดยา, code_dept_id: 38 {"service":"websocket-server"}
2026-01-04 00:13:57.068 [INFO ] [DRUG] Unique dept_name values in wait data: {"0":"รอจัดยา","service":"websocket-server"}
2026-01-04 00:13:58.978 [INFO ] [DRUG] เริ่มดึงข้อมูลสำหรับ setting_id: 23, date: 2026-01-04 {"service":"websocket-server"}
2026-01-04 00:13:59.042 [INFO ] [DRUG] ดึง settings สำเร็จ - department_load: 38,39, style_voice: 2, voice: 3 {"service":"websocket-server"}
2026-01-04 00:13:59.065 [INFO ] [DRUG] ผลลัพธ์จาก DB - wait: 11, active: 0, call: ไม่มี, skip: 0 {"service":"websocket-server"}
2026-01-04 00:13:59.065 [INFO ] [DRUG] Sample wait item - visit_q_no: A004, dept_name: รอจัดยา, code_dept_id: 38 {"service":"websocket-server"}
2026-01-04 00:13:59.066 [INFO ] [DRUG] Unique dept_name values in wait data: {"0":"รอจัดยา","service":"websocket-server"}
2026-01-04 00:14:00.980 [INFO ] [DRUG] เริ่มดึงข้อมูลสำหรับ setting_id: 23, date: 2026-01-04 {"service":"websocket-server"}
2026-01-04 00:14:01.043 [INFO ] [DRUG] ดึง settings สำเร็จ - department_load: 38,39, style_voice: 2, voice: 3 {"service":"websocket-server"}
2026-01-04 00:14:01.066 [INFO ] [DRUG] ผลลัพธ์จาก DB - wait: 11, active: 0, call: ไม่มี, skip: 0 {"service":"websocket-server"}
2026-01-04 00:14:01.066 [INFO ] [DRUG] Sample wait item - visit_q_no: A004, dept_name: รอจัดยา, code_dept_id: 38 {"service":"websocket-server"}
2026-01-04 00:14:01.066 [INFO ] [DRUG] Unique dept_name values in wait data: {"0":"รอจัดยา","service":"websocket-server"}
2026-01-04 00:14:02.981 [INFO ] [DRUG] เริ่มดึงข้อมูลสำหรับ setting_id: 23, date: 2026-01-04 {"service":"websocket-server"}
2026-01-04 00:14:03.043 [INFO ] [DRUG] ดึง settings สำเร็จ - department_load: 38,39, style_voice: 2, voice: 3 {"service":"websocket-server"}
2026-01-04 00:14:03.067 [INFO ] [DRUG] ผลลัพธ์จาก DB - wait: 11, active: 0, call: ไม่มี, skip: 0 {"service":"websocket-server"}
2026-01-04 00:14:03.067 [INFO ] [DRUG] Sample wait item - visit_q_no: A004, dept_name: รอจัดยา, code_dept_id: 38 {"service":"websocket-server"}
2026-01-04 00:14:03.067 [INFO ] [DRUG] Unique dept_name values in wait data: {"0":"รอจัดยา","service":"websocket-server"}
2026-01-04 00:14:04.981 [INFO ] [DRUG] เริ่มดึงข้อมูลสำหรับ setting_id: 23, date: 2026-01-04 {"service":"websocket-server"}
2026-01-04 00:14:05.047 [INFO ] [DRUG] ดึง settings สำเร็จ - department_load: 38,39, style_voice: 2, voice: 3 {"service":"websocket-server"}
2026-01-04 00:14:05.071 [INFO ] [DRUG] ผลลัพธ์จาก DB - wait: 11, active: 0, call: ไม่มี, skip: 0 {"service":"websocket-server"}
2026-01-04 00:14:05.071 [INFO ] [DRUG] Sample wait item - visit_q_no: A004, dept_name: รอจัดยา, code_dept_id: 38 {"service":"websocket-server"}
2026-01-04 00:14:05.071 [INFO ] [DRUG] Unique dept_name values in wait data: {"0":"รอจัดยา","service":"websocket-server"}
2026-01-04 00:14:06.984 [INFO ] [DRUG] เริ่มดึงข้อมูลสำหรับ setting_id: 23, date: 2026-01-04 {"service":"websocket-server"}
2026-01-04 00:14:07.045 [INFO ] [DRUG] ดึง settings สำเร็จ - department_load: 38,39, style_voice: 2, voice: 3 {"service":"websocket-server"}
2026-01-04 00:14:07.070 [INFO ] [DRUG] ผลลัพธ์จาก DB - wait: 11, active: 0, call: ไม่มี, skip: 0 {"service":"websocket-server"}
2026-01-04 00:14:07.070 [INFO ] [DRUG] Sample wait item - visit_q_no: A004, dept_name: รอจัดยา, code_dept_id: 38 {"service":"websocket-server"}
2026-01-04 00:14:07.070 [INFO ] [DRUG] Unique dept_name values in wait data: {"0":"รอจัดยา","service":"websocket-server"}
2026-01-04 00:14:08.990 [INFO ] [DRUG] เริ่มดึงข้อมูลสำหรับ setting_id: 23, date: 2026-01-04 {"service":"websocket-server"}
2026-01-04 00:14:09.057 [INFO ] [DRUG] ดึง settings สำเร็จ - department_load: 38,39, style_voice: 2, voice: 3 {"service":"websocket-server"}
2026-01-04 00:14:09.082 [INFO ] [DRUG] ผลลัพธ์จาก DB - wait: 11, active: 0, call: ไม่มี, skip: 0 {"service":"websocket-server"}
2026-01-04 00:14:09.082 [INFO ] [DRUG] Sample wait item - visit_q_no: A004, dept_name: รอจัดยา, code_dept_id: 38 {"service":"websocket-server"}
2026-01-04 00:14:09.082 [INFO ] [DRUG] Unique dept_name values in wait data: {"0":"รอจัดยา","service":"websocket-server"}
2026-01-04 00:14:10.988 [INFO ] [DRUG] เริ่มดึงข้อมูลสำหรับ setting_id: 23, date: 2026-01-04 {"service":"websocket-server"}
2026-01-04 00:14:11.052 [INFO ] [DRUG] ดึง settings สำเร็จ - department_load: 38,39, style_voice: 2, voice: 3 {"service":"websocket-server"}
2026-01-04 00:14:11.077 [INFO ] [DRUG] ผลลัพธ์จาก DB - wait: 11, active: 0, call: ไม่มี, skip: 0 {"service":"websocket-server"}
2026-01-04 00:14:11.078 [INFO ] [DRUG] Sample wait item - visit_q_no: A004, dept_name: รอจัดยา, code_dept_id: 38 {"service":"websocket-server"}
2026-01-04 00:14:11.078 [INFO ] [DRUG] Unique dept_name values in wait data: {"0":"รอจัดยา","service":"websocket-server"}
2026-01-04 00:14:12.987 [INFO ] [DRUG] เริ่มดึงข้อมูลสำหรับ setting_id: 23, date: 2026-01-04 {"service":"websocket-server"}
2026-01-04 00:14:13.050 [INFO ] [DRUG] ดึง settings สำเร็จ - department_load: 38,39, style_voice: 2, voice: 3 {"service":"websocket-server"}
2026-01-04 00:14:13.073 [INFO ] [DRUG] ผลลัพธ์จาก DB - wait: 11, active: 0, call: ไม่มี, skip: 0 {"service":"websocket-server"}
2026-01-04 00:14:13.073 [INFO ] [DRUG] Sample wait item - visit_q_no: A004, dept_name: รอจัดยา, code_dept_id: 38 {"service":"websocket-server"}
2026-01-04 00:14:13.074 [INFO ] [DRUG] Unique dept_name values in wait data: {"0":"รอจัดยา","service":"websocket-server"}
2026-01-04 00:14:14.128 [INFO ] Client disconnected {"service":"websocket-server"}
2026-01-04 00:14:14.130 [INFO ] Client connected {"service":"websocket-server"}
2026-01-04 00:14:14.131 [INFO ] Client registered for setting_id: 23 {"service":"websocket-server"}
2026-01-04 00:14:14.131 [INFO ] Client registered for query_type: drug {"service":"websocket-server"}
2026-01-04 00:14:14.988 [INFO ] [DRUG] เริ่มดึงข้อมูลสำหรับ setting_id: 23, date: 2026-01-04 {"service":"websocket-server"}
2026-01-04 00:14:15.051 [INFO ] [DRUG] ดึง settings สำเร็จ - department_load: 38,39, style_voice: 2, voice: 3 {"service":"websocket-server"}
2026-01-04 00:14:15.076 [INFO ] [DRUG] ผลลัพธ์จาก DB - wait: 11, active: 0, call: ไม่มี, skip: 0 {"service":"websocket-server"}
2026-01-04 00:14:15.076 [INFO ] [DRUG] Sample wait item - visit_q_no: A004, dept_name: รอจัดยา, code_dept_id: 38 {"service":"websocket-server"}
2026-01-04 00:14:15.076 [INFO ] [DRUG] Unique dept_name values in wait data: {"0":"รอจัดยา","service":"websocket-server"}
2026-01-04 00:14:15.076 [INFO ] [DRUG] ✅ ส่งข้อมูลกลับไปยัง client สำเร็จ - wait: 11, active: 0, call: ไม่มี {"service":"websocket-server"}
2026-01-04 00:14:16.990 [INFO ] [DRUG] เริ่มดึงข้อมูลสำหรับ setting_id: 23, date: 2026-01-04 {"service":"websocket-server"}
2026-01-04 00:14:17.051 [INFO ] [DRUG] ดึง settings สำเร็จ - department_load: 38,39, style_voice: 2, voice: 3 {"service":"websocket-server"}
2026-01-04 00:14:17.074 [INFO ] [DRUG] ผลลัพธ์จาก DB - wait: 11, active: 0, call: ไม่มี, skip: 0 {"service":"websocket-server"}
2026-01-04 00:14:17.074 [INFO ] [DRUG] Sample wait item - visit_q_no: A004, dept_name: รอจัดยา, code_dept_id: 38 {"service":"websocket-server"}
2026-01-04 00:14:17.074 [INFO ] [DRUG] Unique dept_name values in wait data: {"0":"รอจัดยา","service":"websocket-server"}
2026-01-04 00:14:18.991 [INFO ] [DRUG] เริ่มดึงข้อมูลสำหรับ setting_id: 23, date: 2026-01-04 {"service":"websocket-server"}
2026-01-04 00:14:19.055 [INFO ] [DRUG] ดึง settings สำเร็จ - department_load: 38,39, style_voice: 2, voice: 3 {"service":"websocket-server"}
2026-01-04 00:14:19.078 [INFO ] [DRUG] ผลลัพธ์จาก DB - wait: 11, active: 0, call: ไม่มี, skip: 0 {"service":"websocket-server"}
2026-01-04 00:14:19.078 [INFO ] [DRUG] Sample wait item - visit_q_no: A004, dept_name: รอจัดยา, code_dept_id: 38 {"service":"websocket-server"}
2026-01-04 00:14:19.078 [INFO ] [DRUG] Unique dept_name values in wait data: {"0":"รอจัดยา","service":"websocket-server"}
2026-01-04 00:14:20.991 [INFO ] [DRUG] เริ่มดึงข้อมูลสำหรับ setting_id: 23, date: 2026-01-04 {"service":"websocket-server"}
2026-01-04 00:14:21.052 [INFO ] [DRUG] ดึง settings สำเร็จ - department_load: 38,39, style_voice: 2, voice: 3 {"service":"websocket-server"}
2026-01-04 00:14:21.076 [INFO ] [DRUG] ผลลัพธ์จาก DB - wait: 11, active: 0, call: ไม่มี, skip: 0 {"service":"websocket-server"}
2026-01-04 00:14:21.076 [INFO ] [DRUG] Sample wait item - visit_q_no: A004, dept_name: รอจัดยา, code_dept_id: 38 {"service":"websocket-server"}
2026-01-04 00:14:21.076 [INFO ] [DRUG] Unique dept_name values in wait data: {"0":"รอจัดยา","service":"websocket-server"}
2026-01-04 00:14:22.993 [INFO ] [DRUG] เริ่มดึงข้อมูลสำหรับ setting_id: 23, date: 2026-01-04 {"service":"websocket-server"}
2026-01-04 00:14:23.056 [INFO ] [DRUG] ดึง settings สำเร็จ - department_load: 38,39, style_voice: 2, voice: 3 {"service":"websocket-server"}
2026-01-04 00:14:23.080 [INFO ] [DRUG] ผลลัพธ์จาก DB - wait: 11, active: 0, call: ไม่มี, skip: 0 {"service":"websocket-server"}
2026-01-04 00:14:23.080 [INFO ] [DRUG] Sample wait item - visit_q_no: A004, dept_name: รอจัดยา, code_dept_id: 38 {"service":"websocket-server"}
2026-01-04 00:14:23.080 [INFO ] [DRUG] Unique dept_name values in wait data: {"0":"รอจัดยา","service":"websocket-server"}
2026-01-04 00:14:24.994 [INFO ] [DRUG] เริ่มดึงข้อมูลสำหรับ setting_id: 23, date: 2026-01-04 {"service":"websocket-server"}
2026-01-04 00:14:25.059 [INFO ] [DRUG] ดึง settings สำเร็จ - department_load: 38,39, style_voice: 2, voice: 3 {"service":"websocket-server"}
2026-01-04 00:14:25.082 [INFO ] [DRUG] ผลลัพธ์จาก DB - wait: 11, active: 0, call: ไม่มี, skip: 0 {"service":"websocket-server"}
2026-01-04 00:14:25.083 [INFO ] [DRUG] Sample wait item - visit_q_no: A004, dept_name: รอจัดยา, code_dept_id: 38 {"service":"websocket-server"}
2026-01-04 00:14:25.083 [INFO ] [DRUG] Unique dept_name values in wait data: {"0":"รอจัดยา","service":"websocket-server"}
2026-01-04 00:14:26.995 [INFO ] [DRUG] เริ่มดึงข้อมูลสำหรับ setting_id: 23, date: 2026-01-04 {"service":"websocket-server"}
2026-01-04 00:14:27.058 [INFO ] [DRUG] ดึง settings สำเร็จ - department_load: 38,39, style_voice: 2, voice: 3 {"service":"websocket-server"}
2026-01-04 00:14:27.083 [INFO ] [DRUG] ผลลัพธ์จาก DB - wait: 11, active: 0, call: ไม่มี, skip: 0 {"service":"websocket-server"}
2026-01-04 00:14:27.083 [INFO ] [DRUG] Sample wait item - visit_q_no: A004, dept_name: รอจัดยา, code_dept_id: 38 {"service":"websocket-server"}
2026-01-04 00:14:27.083 [INFO ] [DRUG] Unique dept_name values in wait data: {"0":"รอจัดยา","service":"websocket-server"}
2026-01-04 00:14:28.996 [INFO ] [DRUG] เริ่มดึงข้อมูลสำหรับ setting_id: 23, date: 2026-01-04 {"service":"websocket-server"}
2026-01-04 00:14:29.060 [INFO ] [DRUG] ดึง settings สำเร็จ - department_load: 38,39, style_voice: 2, voice: 3 {"service":"websocket-server"}
2026-01-04 00:14:29.086 [INFO ] [DRUG] ผลลัพธ์จาก DB - wait: 11, active: 0, call: ไม่มี, skip: 0 {"service":"websocket-server"}
2026-01-04 00:14:29.086 [INFO ] [DRUG] Sample wait item - visit_q_no: A004, dept_name: รอจัดยา, code_dept_id: 38 {"service":"websocket-server"}
2026-01-04 00:14:29.086 [INFO ] [DRUG] Unique dept_name values in wait data: {"0":"รอจัดยา","service":"websocket-server"}
2026-01-04 00:14:30.996 [INFO ] [DRUG] เริ่มดึงข้อมูลสำหรับ setting_id: 23, date: 2026-01-04 {"service":"websocket-server"}
2026-01-04 00:14:31.060 [INFO ] [DRUG] ดึง settings สำเร็จ - department_load: 38,39, style_voice: 2, voice: 3 {"service":"websocket-server"}
2026-01-04 00:14:31.085 [INFO ] [DRUG] ผลลัพธ์จาก DB - wait: 11, active: 0, call: ไม่มี, skip: 0 {"service":"websocket-server"}
2026-01-04 00:14:31.085 [INFO ] [DRUG] Sample wait item - visit_q_no: A004, dept_name: รอจัดยา, code_dept_id: 38 {"service":"websocket-server"}
2026-01-04 00:14:31.085 [INFO ] [DRUG] Unique dept_name values in wait data: {"0":"รอจัดยา","service":"websocket-server"}
2026-01-04 00:14:32.998 [INFO ] [DRUG] เริ่มดึงข้อมูลสำหรับ setting_id: 23, date: 2026-01-04 {"service":"websocket-server"}
2026-01-04 00:14:33.060 [INFO ] [DRUG] ดึง settings สำเร็จ - department_load: 38,39, style_voice: 2, voice: 3 {"service":"websocket-server"}
2026-01-04 00:14:33.084 [INFO ] [DRUG] ผลลัพธ์จาก DB - wait: 11, active: 0, call: ไม่มี, skip: 0 {"service":"websocket-server"}
2026-01-04 00:14:33.084 [INFO ] [DRUG] Sample wait item - visit_q_no: A004, dept_name: รอจัดยา, code_dept_id: 38 {"service":"websocket-server"}
2026-01-04 00:14:33.084 [INFO ] [DRUG] Unique dept_name values in wait data: {"0":"รอจัดยา","service":"websocket-server"}
2026-01-04 00:14:34.999 [INFO ] [DRUG] เริ่มดึงข้อมูลสำหรับ setting_id: 23, date: 2026-01-04 {"service":"websocket-server"}
2026-01-04 00:14:35.065 [INFO ] [DRUG] ดึง settings สำเร็จ - department_load: 38,39, style_voice: 2, voice: 3 {"service":"websocket-server"}
2026-01-04 00:14:35.091 [INFO ] [DRUG] ผลลัพธ์จาก DB - wait: 11, active: 0, call: ไม่มี, skip: 0 {"service":"websocket-server"}
2026-01-04 00:14:35.091 [INFO ] [DRUG] Sample wait item - visit_q_no: A004, dept_name: รอจัดยา, code_dept_id: 38 {"service":"websocket-server"}
2026-01-04 00:14:35.091 [INFO ] [DRUG] Unique dept_name values in wait data: {"0":"รอจัดยา","service":"websocket-server"}
2026-01-04 00:14:37.000 [INFO ] [DRUG] เริ่มดึงข้อมูลสำหรับ setting_id: 23, date: 2026-01-04 {"service":"websocket-server"}
2026-01-04 00:14:37.066 [INFO ] [DRUG] ดึง settings สำเร็จ - department_load: 38,39, style_voice: 2, voice: 3 {"service":"websocket-server"}
2026-01-04 00:14:37.088 [INFO ] [DRUG] ผลลัพธ์จาก DB - wait: 11, active: 0, call: ไม่มี, skip: 0 {"service":"websocket-server"}
2026-01-04 00:14:37.088 [INFO ] [DRUG] Sample wait item - visit_q_no: A004, dept_name: รอจัดยา, code_dept_id: 38 {"service":"websocket-server"}
2026-01-04 00:14:37.088 [INFO ] [DRUG] Unique dept_name values in wait data: {"0":"รอจัดยา","service":"websocket-server"}
2026-01-04 00:14:39.001 [INFO ] [DRUG] เริ่มดึงข้อมูลสำหรับ setting_id: 23, date: 2026-01-04 {"service":"websocket-server"}
2026-01-04 00:14:39.063 [INFO ] [DRUG] ดึง settings สำเร็จ - department_load: 38,39, style_voice: 2, voice: 3 {"service":"websocket-server"}
2026-01-04 00:14:39.088 [INFO ] [DRUG] ผลลัพธ์จาก DB - wait: 11, active: 0, call: ไม่มี, skip: 0 {"service":"websocket-server"}
2026-01-04 00:14:39.088 [INFO ] [DRUG] Sample wait item - visit_q_no: A004, dept_name: รอจัดยา, code_dept_id: 38 {"service":"websocket-server"}
2026-01-04 00:14:39.088 [INFO ] [DRUG] Unique dept_name values in wait data: {"0":"รอจัดยา","service":"websocket-server"}
2026-01-04 00:14:41.002 [INFO ] [DRUG] เริ่มดึงข้อมูลสำหรับ setting_id: 23, date: 2026-01-04 {"service":"websocket-server"}
2026-01-04 00:14:41.064 [INFO ] [DRUG] ดึง settings สำเร็จ - department_load: 38,39, style_voice: 2, voice: 3 {"service":"websocket-server"}
2026-01-04 00:14:41.092 [INFO ] [DRUG] ผลลัพธ์จาก DB - wait: 11, active: 0, call: ไม่มี, skip: 0 {"service":"websocket-server"}
2026-01-04 00:14:41.092 [INFO ] [DRUG] Sample wait item - visit_q_no: A004, dept_name: รอจัดยา, code_dept_id: 38 {"service":"websocket-server"}
2026-01-04 00:14:41.092 [INFO ] [DRUG] Unique dept_name values in wait data: {"0":"รอจัดยา","service":"websocket-server"}
2026-01-04 00:14:43.003 [INFO ] [DRUG] เริ่มดึงข้อมูลสำหรับ setting_id: 23, date: 2026-01-04 {"service":"websocket-server"}
2026-01-04 00:14:43.065 [INFO ] [DRUG] ดึง settings สำเร็จ - department_load: 38,39, style_voice: 2, voice: 3 {"service":"websocket-server"}
2026-01-04 00:14:43.087 [INFO ] [DRUG] ผลลัพธ์จาก DB - wait: 11, active: 0, call: ไม่มี, skip: 0 {"service":"websocket-server"}
2026-01-04 00:14:43.087 [INFO ] [DRUG] Sample wait item - visit_q_no: A004, dept_name: รอจัดยา, code_dept_id: 38 {"service":"websocket-server"}
2026-01-04 00:14:43.087 [INFO ] [DRUG] Unique dept_name values in wait data: {"0":"รอจัดยา","service":"websocket-server"}
2026-01-04 00:14:45.005 [INFO ] [DRUG] เริ่มดึงข้อมูลสำหรับ setting_id: 23, date: 2026-01-04 {"service":"websocket-server"}
2026-01-04 00:14:45.069 [INFO ] [DRUG] ดึง settings สำเร็จ - department_load: 38,39, style_voice: 2, voice: 3 {"service":"websocket-server"}
2026-01-04 00:14:45.095 [INFO ] [DRUG] ผลลัพธ์จาก DB - wait: 11, active: 0, call: ไม่มี, skip: 0 {"service":"websocket-server"}
2026-01-04 00:14:45.096 [INFO ] [DRUG] Sample wait item - visit_q_no: A004, dept_name: รอจัดยา, code_dept_id: 38 {"service":"websocket-server"}
2026-01-04 00:14:45.096 [INFO ] [DRUG] Unique dept_name values in wait data: {"0":"รอจัดยา","service":"websocket-server"}
2026-01-04 00:14:47.006 [INFO ] [DRUG] เริ่มดึงข้อมูลสำหรับ setting_id: 23, date: 2026-01-04 {"service":"websocket-server"}
2026-01-04 00:14:47.068 [INFO ] [DRUG] ดึง settings สำเร็จ - department_load: 38,39, style_voice: 2, voice: 3 {"service":"websocket-server"}
2026-01-04 00:14:47.092 [INFO ] [DRUG] ผลลัพธ์จาก DB - wait: 11, active: 0, call: ไม่มี, skip: 0 {"service":"websocket-server"}
2026-01-04 00:14:47.092 [INFO ] [DRUG] Sample wait item - visit_q_no: A004, dept_name: รอจัดยา, code_dept_id: 38 {"service":"websocket-server"}
2026-01-04 00:14:47.093 [INFO ] [DRUG] Unique dept_name values in wait data: {"0":"รอจัดยา","service":"websocket-server"}
2026-01-04 00:14:49.007 [INFO ] [DRUG] เริ่มดึงข้อมูลสำหรับ setting_id: 23, date: 2026-01-04 {"service":"websocket-server"}
2026-01-04 00:14:49.074 [INFO ] [DRUG] ดึง settings สำเร็จ - department_load: 38,39, style_voice: 2, voice: 3 {"service":"websocket-server"}
2026-01-04 00:14:49.098 [INFO ] [DRUG] ผลลัพธ์จาก DB - wait: 11, active: 0, call: ไม่มี, skip: 0 {"service":"websocket-server"}
2026-01-04 00:14:49.098 [INFO ] [DRUG] Sample wait item - visit_q_no: A004, dept_name: รอจัดยา, code_dept_id: 38 {"service":"websocket-server"}
2026-01-04 00:14:49.098 [INFO ] [DRUG] Unique dept_name values in wait data: {"0":"รอจัดยา","service":"websocket-server"}
2026-01-04 00:14:51.008 [INFO ] [DRUG] เริ่มดึงข้อมูลสำหรับ setting_id: 23, date: 2026-01-04 {"service":"websocket-server"}
2026-01-04 00:14:51.070 [INFO ] [DRUG] ดึง settings สำเร็จ - department_load: 38,39, style_voice: 2, voice: 3 {"service":"websocket-server"}
2026-01-04 00:14:51.093 [INFO ] [DRUG] ผลลัพธ์จาก DB - wait: 11, active: 0, call: ไม่มี, skip: 0 {"service":"websocket-server"}
2026-01-04 00:14:51.093 [INFO ] [DRUG] Sample wait item - visit_q_no: A004, dept_name: รอจัดยา, code_dept_id: 38 {"service":"websocket-server"}
2026-01-04 00:14:51.093 [INFO ] [DRUG] Unique dept_name values in wait data: {"0":"รอจัดยา","service":"websocket-server"}
2026-01-04 00:14:53.009 [INFO ] [DRUG] เริ่มดึงข้อมูลสำหรับ setting_id: 23, date: 2026-01-04 {"service":"websocket-server"}
2026-01-04 00:14:53.070 [INFO ] [DRUG] ดึง settings สำเร็จ - department_load: 38,39, style_voice: 2, voice: 3 {"service":"websocket-server"}
2026-01-04 00:14:53.095 [INFO ] [DRUG] ผลลัพธ์จาก DB - wait: 11, active: 0, call: ไม่มี, skip: 0 {"service":"websocket-server"}
2026-01-04 00:14:53.095 [INFO ] [DRUG] Sample wait item - visit_q_no: A004, dept_name: รอจัดยา, code_dept_id: 38 {"service":"websocket-server"}
2026-01-04 00:14:53.095 [INFO ] [DRUG] Unique dept_name values in wait data: {"0":"รอจัดยา","service":"websocket-server"}
2026-01-04 00:14:55.010 [INFO ] [DRUG] เริ่มดึงข้อมูลสำหรับ setting_id: 23, date: 2026-01-04 {"service":"websocket-server"}
2026-01-04 00:14:55.075 [INFO ] [DRUG] ดึง settings สำเร็จ - department_load: 38,39, style_voice: 2, voice: 3 {"service":"websocket-server"}
2026-01-04 00:14:55.098 [INFO ] [DRUG] ผลลัพธ์จาก DB - wait: 11, active: 0, call: ไม่มี, skip: 0 {"service":"websocket-server"}
2026-01-04 00:14:55.098 [INFO ] [DRUG] Sample wait item - visit_q_no: A004, dept_name: รอจัดยา, code_dept_id: 38 {"service":"websocket-server"}
2026-01-04 00:14:55.099 [INFO ] [DRUG] Unique dept_name values in wait data: {"0":"รอจัดยา","service":"websocket-server"}
2026-01-04 00:14:57.011 [INFO ] [DRUG] เริ่มดึงข้อมูลสำหรับ setting_id: 23, date: 2026-01-04 {"service":"websocket-server"}
2026-01-04 00:14:57.076 [INFO ] [DRUG] ดึง settings สำเร็จ - department_load: 38,39, style_voice: 2, voice: 3 {"service":"websocket-server"}
2026-01-04 00:14:57.100 [INFO ] [DRUG] ผลลัพธ์จาก DB - wait: 11, active: 0, call: ไม่มี, skip: 0 {"service":"websocket-server"}
2026-01-04 00:14:57.101 [INFO ] [DRUG] Sample wait item - visit_q_no: A004, dept_name: รอจัดยา, code_dept_id: 38 {"service":"websocket-server"}
2026-01-04 00:14:57.101 [INFO ] [DRUG] Unique dept_name values in wait data: {"0":"รอจัดยา","service":"websocket-server"}
2026-01-04 00:14:59.012 [INFO ] [DRUG] เริ่มดึงข้อมูลสำหรับ setting_id: 23, date: 2026-01-04 {"service":"websocket-server"}
2026-01-04 00:14:59.078 [INFO ] [DRUG] ดึง settings สำเร็จ - department_load: 38,39, style_voice: 2, voice: 3 {"service":"websocket-server"}
2026-01-04 00:14:59.102 [INFO ] [DRUG] ผลลัพธ์จาก DB - wait: 11, active: 0, call: ไม่มี, skip: 0 {"service":"websocket-server"}
2026-01-04 00:14:59.102 [INFO ] [DRUG] Sample wait item - visit_q_no: A004, dept_name: รอจัดยา, code_dept_id: 38 {"service":"websocket-server"}
2026-01-04 00:14:59.102 [INFO ] [DRUG] Unique dept_name values in wait data: {"0":"รอจัดยา","service":"websocket-server"}
2026-01-04 00:15:01.013 [INFO ] [DRUG] เริ่มดึงข้อมูลสำหรับ setting_id: 23, date: 2026-01-04 {"service":"websocket-server"}
2026-01-04 00:15:01.076 [INFO ] [DRUG] ดึง settings สำเร็จ - department_load: 38,39, style_voice: 2, voice: 3 {"service":"websocket-server"}
2026-01-04 00:15:01.099 [INFO ] [DRUG] ผลลัพธ์จาก DB - wait: 11, active: 0, call: ไม่มี, skip: 0 {"service":"websocket-server"}
2026-01-04 00:15:01.099 [INFO ] [DRUG] Sample wait item - visit_q_no: A004, dept_name: รอจัดยา, code_dept_id: 38 {"service":"websocket-server"}
2026-01-04 00:15:01.099 [INFO ] [DRUG] Unique dept_name values in wait data: {"0":"รอจัดยา","service":"websocket-server"}
2026-01-04 00:15:03.014 [INFO ] [DRUG] เริ่มดึงข้อมูลสำหรับ setting_id: 23, date: 2026-01-04 {"service":"websocket-server"}
2026-01-04 00:15:03.077 [INFO ] [DRUG] ดึง settings สำเร็จ - department_load: 38,39, style_voice: 2, voice: 3 {"service":"websocket-server"}
2026-01-04 00:15:03.101 [INFO ] [DRUG] ผลลัพธ์จาก DB - wait: 11, active: 0, call: ไม่มี, skip: 0 {"service":"websocket-server"}
2026-01-04 00:15:03.101 [INFO ] [DRUG] Sample wait item - visit_q_no: A004, dept_name: รอจัดยา, code_dept_id: 38 {"service":"websocket-server"}
2026-01-04 00:15:03.101 [INFO ] [DRUG] Unique dept_name values in wait data: {"0":"รอจัดยา","service":"websocket-server"}
2026-01-04 00:15:05.015 [INFO ] [DRUG] เริ่มดึงข้อมูลสำหรับ setting_id: 23, date: 2026-01-04 {"service":"websocket-server"}
2026-01-04 00:15:05.079 [INFO ] [DRUG] ดึง settings สำเร็จ - department_load: 38,39, style_voice: 2, voice: 3 {"service":"websocket-server"}
2026-01-04 00:15:05.100 [INFO ] [DRUG] ผลลัพธ์จาก DB - wait: 11, active: 0, call: ไม่มี, skip: 0 {"service":"websocket-server"}
2026-01-04 00:15:05.100 [INFO ] [DRUG] Sample wait item - visit_q_no: A004, dept_name: รอจัดยา, code_dept_id: 38 {"service":"websocket-server"}
2026-01-04 00:15:05.100 [INFO ] [DRUG] Unique dept_name values in wait data: {"0":"รอจัดยา","service":"websocket-server"}
2026-01-04 00:15:07.015 [INFO ] [DRUG] เริ่มดึงข้อมูลสำหรับ setting_id: 23, date: 2026-01-04 {"service":"websocket-server"}
2026-01-04 00:15:07.077 [INFO ] [DRUG] ดึง settings สำเร็จ - department_load: 38,39, style_voice: 2, voice: 3 {"service":"websocket-server"}
2026-01-04 00:15:07.099 [INFO ] [DRUG] ผลลัพธ์จาก DB - wait: 11, active: 0, call: ไม่มี, skip: 0 {"service":"websocket-server"}
2026-01-04 00:15:07.099 [INFO ] [DRUG] Sample wait item - visit_q_no: A004, dept_name: รอจัดยา, code_dept_id: 38 {"service":"websocket-server"}
2026-01-04 00:15:07.099 [INFO ] [DRUG] Unique dept_name values in wait data: {"0":"รอจัดยา","service":"websocket-server"}
2026-01-04 00:15:09.017 [INFO ] [DRUG] เริ่มดึงข้อมูลสำหรับ setting_id: 23, date: 2026-01-04 {"service":"websocket-server"}
2026-01-04 00:15:09.080 [INFO ] [DRUG] ดึง settings สำเร็จ - department_load: 38,39, style_voice: 2, voice: 3 {"service":"websocket-server"}
2026-01-04 00:15:09.104 [INFO ] [DRUG] ผลลัพธ์จาก DB - wait: 11, active: 0, call: ไม่มี, skip: 0 {"service":"websocket-server"}
2026-01-04 00:15:09.104 [INFO ] [DRUG] Sample wait item - visit_q_no: A004, dept_name: รอจัดยา, code_dept_id: 38 {"service":"websocket-server"}
2026-01-04 00:15:09.104 [INFO ] [DRUG] Unique dept_name values in wait data: {"0":"รอจัดยา","service":"websocket-server"}
2026-01-04 00:15:11.018 [INFO ] [DRUG] เริ่มดึงข้อมูลสำหรับ setting_id: 23, date: 2026-01-04 {"service":"websocket-server"}
2026-01-04 00:15:11.084 [INFO ] [DRUG] ดึง settings สำเร็จ - department_load: 38,39, style_voice: 2, voice: 3 {"service":"websocket-server"}
2026-01-04 00:15:11.108 [INFO ] [DRUG] ผลลัพธ์จาก DB - wait: 11, active: 0, call: ไม่มี, skip: 0 {"service":"websocket-server"}
2026-01-04 00:15:11.109 [INFO ] [DRUG] Sample wait item - visit_q_no: A004, dept_name: รอจัดยา, code_dept_id: 38 {"service":"websocket-server"}
2026-01-04 00:15:11.109 [INFO ] [DRUG] Unique dept_name values in wait data: {"0":"รอจัดยา","service":"websocket-server"}
2026-01-04 00:15:13.019 [INFO ] [DRUG] เริ่มดึงข้อมูลสำหรับ setting_id: 23, date: 2026-01-04 {"service":"websocket-server"}
2026-01-04 00:15:13.083 [INFO ] [DRUG] ดึง settings สำเร็จ - department_load: 38,39, style_voice: 2, voice: 3 {"service":"websocket-server"}
2026-01-04 00:15:13.107 [INFO ] [DRUG] ผลลัพธ์จาก DB - wait: 11, active: 0, call: ไม่มี, skip: 0 {"service":"websocket-server"}
2026-01-04 00:15:13.107 [INFO ] [DRUG] Sample wait item - visit_q_no: A004, dept_name: รอจัดยา, code_dept_id: 38 {"service":"websocket-server"}
2026-01-04 00:15:13.107 [INFO ] [DRUG] Unique dept_name values in wait data: {"0":"รอจัดยา","service":"websocket-server"}
2026-01-04 00:15:15.019 [INFO ] [DRUG] เริ่มดึงข้อมูลสำหรับ setting_id: 23, date: 2026-01-04 {"service":"websocket-server"}
2026-01-04 00:15:15.082 [INFO ] [DRUG] ดึง settings สำเร็จ - department_load: 38,39, style_voice: 2, voice: 3 {"service":"websocket-server"}
2026-01-04 00:15:15.106 [INFO ] [DRUG] ผลลัพธ์จาก DB - wait: 11, active: 0, call: ไม่มี, skip: 0 {"service":"websocket-server"}
2026-01-04 00:15:15.106 [INFO ] [DRUG] Sample wait item - visit_q_no: A004, dept_name: รอจัดยา, code_dept_id: 38 {"service":"websocket-server"}
2026-01-04 00:15:15.106 [INFO ] [DRUG] Unique dept_name values in wait data: {"0":"รอจัดยา","service":"websocket-server"}
2026-01-04 00:15:17.021 [INFO ] [DRUG] เริ่มดึงข้อมูลสำหรับ setting_id: 23, date: 2026-01-04 {"service":"websocket-server"}
2026-01-04 00:15:17.083 [INFO ] [DRUG] ดึง settings สำเร็จ - department_load: 38,39, style_voice: 2, voice: 3 {"service":"websocket-server"}
2026-01-04 00:15:17.109 [INFO ] [DRUG] ผลลัพธ์จาก DB - wait: 11, active: 0, call: ไม่มี, skip: 0 {"service":"websocket-server"}
2026-01-04 00:15:17.109 [INFO ] [DRUG] Sample wait item - visit_q_no: A004, dept_name: รอจัดยา, code_dept_id: 38 {"service":"websocket-server"}
2026-01-04 00:15:17.109 [INFO ] [DRUG] Unique dept_name values in wait data: {"0":"รอจัดยา","service":"websocket-server"}
2026-01-04 00:15:19.022 [INFO ] [DRUG] เริ่มดึงข้อมูลสำหรับ setting_id: 23, date: 2026-01-04 {"service":"websocket-server"}
2026-01-04 00:15:19.085 [INFO ] [DRUG] ดึง settings สำเร็จ - department_load: 38,39, style_voice: 2, voice: 3 {"service":"websocket-server"}
2026-01-04 00:15:19.111 [INFO ] [DRUG] ผลลัพธ์จาก DB - wait: 11, active: 0, call: ไม่มี, skip: 0 {"service":"websocket-server"}
2026-01-04 00:15:19.111 [INFO ] [DRUG] Sample wait item - visit_q_no: A004, dept_name: รอจัดยา, code_dept_id: 38 {"service":"websocket-server"}
2026-01-04 00:15:19.112 [INFO ] [DRUG] Unique dept_name values in wait data: {"0":"รอจัดยา","service":"websocket-server"}
2026-01-04 00:15:21.022 [INFO ] [DRUG] เริ่มดึงข้อมูลสำหรับ setting_id: 23, date: 2026-01-04 {"service":"websocket-server"}
2026-01-04 00:15:21.088 [INFO ] [DRUG] ดึง settings สำเร็จ - department_load: 38,39, style_voice: 2, voice: 3 {"service":"websocket-server"}
2026-01-04 00:15:21.113 [INFO ] [DRUG] ผลลัพธ์จาก DB - wait: 11, active: 0, call: ไม่มี, skip: 0 {"service":"websocket-server"}
2026-01-04 00:15:21.113 [INFO ] [DRUG] Sample wait item - visit_q_no: A004, dept_name: รอจัดยา, code_dept_id: 38 {"service":"websocket-server"}
2026-01-04 00:15:21.114 [INFO ] [DRUG] Unique dept_name values in wait data: {"0":"รอจัดยา","service":"websocket-server"}
2026-01-04 00:15:23.024 [INFO ] [DRUG] เริ่มดึงข้อมูลสำหรับ setting_id: 23, date: 2026-01-04 {"service":"websocket-server"}
2026-01-04 00:15:23.086 [INFO ] [DRUG] ดึง settings สำเร็จ - department_load: 38,39, style_voice: 2, voice: 3 {"service":"websocket-server"}
2026-01-04 00:15:23.111 [INFO ] [DRUG] ผลลัพธ์จาก DB - wait: 11, active: 0, call: ไม่มี, skip: 0 {"service":"websocket-server"}
2026-01-04 00:15:23.111 [INFO ] [DRUG] Sample wait item - visit_q_no: A004, dept_name: รอจัดยา, code_dept_id: 38 {"service":"websocket-server"}
2026-01-04 00:15:23.111 [INFO ] [DRUG] Unique dept_name values in wait data: {"0":"รอจัดยา","service":"websocket-server"}
2026-01-04 00:15:25.025 [INFO ] [DRUG] เริ่มดึงข้อมูลสำหรับ setting_id: 23, date: 2026-01-04 {"service":"websocket-server"}
2026-01-04 00:15:25.088 [INFO ] [DRUG] ดึง settings สำเร็จ - department_load: 38,39, style_voice: 2, voice: 3 {"service":"websocket-server"}
2026-01-04 00:15:25.113 [INFO ] [DRUG] ผลลัพธ์จาก DB - wait: 11, active: 0, call: ไม่มี, skip: 0 {"service":"websocket-server"}
2026-01-04 00:15:25.114 [INFO ] [DRUG] Sample wait item - visit_q_no: A004, dept_name: รอจัดยา, code_dept_id: 38 {"service":"websocket-server"}
2026-01-04 00:15:25.114 [INFO ] [DRUG] Unique dept_name values in wait data: {"0":"รอจัดยา","service":"websocket-server"}
2026-01-04 00:15:27.026 [INFO ] [DRUG] เริ่มดึงข้อมูลสำหรับ setting_id: 23, date: 2026-01-04 {"service":"websocket-server"}
2026-01-04 00:15:27.085 [INFO ] [DRUG] ดึง settings สำเร็จ - department_load: 38,39, style_voice: 2, voice: 3 {"service":"websocket-server"}
2026-01-04 00:15:27.107 [INFO ] [DRUG] ผลลัพธ์จาก DB - wait: 11, active: 0, call: ไม่มี, skip: 0 {"service":"websocket-server"}
2026-01-04 00:15:27.107 [INFO ] [DRUG] Sample wait item - visit_q_no: A004, dept_name: รอจัดยา, code_dept_id: 38 {"service":"websocket-server"}
2026-01-04 00:15:27.108 [INFO ] [DRUG] Unique dept_name values in wait data: {"0":"รอจัดยา","service":"websocket-server"}
2026-01-04 00:15:29.027 [INFO ] [DRUG] เริ่มดึงข้อมูลสำหรับ setting_id: 23, date: 2026-01-04 {"service":"websocket-server"}
2026-01-04 00:15:29.094 [INFO ] [DRUG] ดึง settings สำเร็จ - department_load: 38,39, style_voice: 2, voice: 3 {"service":"websocket-server"}
2026-01-04 00:15:29.119 [INFO ] [DRUG] ผลลัพธ์จาก DB - wait: 11, active: 0, call: ไม่มี, skip: 0 {"service":"websocket-server"}
2026-01-04 00:15:29.119 [INFO ] [DRUG] Sample wait item - visit_q_no: A004, dept_name: รอจัดยา, code_dept_id: 38 {"service":"websocket-server"}
2026-01-04 00:15:29.120 [INFO ] [DRUG] Unique dept_name values in wait data: {"0":"รอจัดยา","service":"websocket-server"}
2026-01-04 00:15:31.028 [INFO ] [DRUG] เริ่มดึงข้อมูลสำหรับ setting_id: 23, date: 2026-01-04 {"service":"websocket-server"}
2026-01-04 00:15:31.088 [INFO ] [DRUG] ดึง settings สำเร็จ - department_load: 38,39, style_voice: 2, voice: 3 {"service":"websocket-server"}
2026-01-04 00:15:31.110 [INFO ] [DRUG] ผลลัพธ์จาก DB - wait: 11, active: 0, call: ไม่มี, skip: 0 {"service":"websocket-server"}
2026-01-04 00:15:31.110 [INFO ] [DRUG] Sample wait item - visit_q_no: A004, dept_name: รอจัดยา, code_dept_id: 38 {"service":"websocket-server"}
2026-01-04 00:15:31.110 [INFO ] [DRUG] Unique dept_name values in wait data: {"0":"รอจัดยา","service":"websocket-server"}
2026-01-04 00:15:33.029 [INFO ] [DRUG] เริ่มดึงข้อมูลสำหรับ setting_id: 23, date: 2026-01-04 {"service":"websocket-server"}
2026-01-04 00:15:33.094 [INFO ] [DRUG] ดึง settings สำเร็จ - department_load: 38,39, style_voice: 2, voice: 3 {"service":"websocket-server"}
2026-01-04 00:15:33.118 [INFO ] [DRUG] ผลลัพธ์จาก DB - wait: 11, active: 0, call: ไม่มี, skip: 0 {"service":"websocket-server"}
2026-01-04 00:15:33.118 [INFO ] [DRUG] Sample wait item - visit_q_no: A004, dept_name: รอจัดยา, code_dept_id: 38 {"service":"websocket-server"}
2026-01-04 00:15:33.118 [INFO ] [DRUG] Unique dept_name values in wait data: {"0":"รอจัดยา","service":"websocket-server"}
2026-01-04 00:15:35.029 [INFO ] [DRUG] เริ่มดึงข้อมูลสำหรับ setting_id: 23, date: 2026-01-04 {"service":"websocket-server"}
2026-01-04 00:15:35.094 [INFO ] [DRUG] ดึง settings สำเร็จ - department_load: 38,39, style_voice: 2, voice: 3 {"service":"websocket-server"}
2026-01-04 00:15:35.117 [INFO ] [DRUG] ผลลัพธ์จาก DB - wait: 11, active: 0, call: ไม่มี, skip: 0 {"service":"websocket-server"}
2026-01-04 00:15:35.118 [INFO ] [DRUG] Sample wait item - visit_q_no: A004, dept_name: รอจัดยา, code_dept_id: 38 {"service":"websocket-server"}
2026-01-04 00:15:35.118 [INFO ] [DRUG] Unique dept_name values in wait data: {"0":"รอจัดยา","service":"websocket-server"}
2026-01-04 00:15:37.030 [INFO ] [DRUG] เริ่มดึงข้อมูลสำหรับ setting_id: 23, date: 2026-01-04 {"service":"websocket-server"}
2026-01-04 00:15:37.094 [INFO ] [DRUG] ดึง settings สำเร็จ - department_load: 38,39, style_voice: 2, voice: 3 {"service":"websocket-server"}
2026-01-04 00:15:37.120 [INFO ] [DRUG] ผลลัพธ์จาก DB - wait: 11, active: 0, call: ไม่มี, skip: 0 {"service":"websocket-server"}
2026-01-04 00:15:37.120 [INFO ] [DRUG] Sample wait item - visit_q_no: A004, dept_name: รอจัดยา, code_dept_id: 38 {"service":"websocket-server"}
2026-01-04 00:15:37.120 [INFO ] [DRUG] Unique dept_name values in wait data: {"0":"รอจัดยา","service":"websocket-server"}
2026-01-04 00:15:39.032 [INFO ] [DRUG] เริ่มดึงข้อมูลสำหรับ setting_id: 23, date: 2026-01-04 {"service":"websocket-server"}
2026-01-04 00:15:39.092 [INFO ] [DRUG] ดึง settings สำเร็จ - department_load: 38,39, style_voice: 2, voice: 3 {"service":"websocket-server"}
2026-01-04 00:15:39.118 [INFO ] [DRUG] ผลลัพธ์จาก DB - wait: 11, active: 0, call: ไม่มี, skip: 0 {"service":"websocket-server"}
2026-01-04 00:15:39.119 [INFO ] [DRUG] Sample wait item - visit_q_no: A004, dept_name: รอจัดยา, code_dept_id: 38 {"service":"websocket-server"}
2026-01-04 00:15:39.119 [INFO ] [DRUG] Unique dept_name values in wait data: {"0":"รอจัดยา","service":"websocket-server"}
2026-01-04 00:15:41.033 [INFO ] [DRUG] เริ่มดึงข้อมูลสำหรับ setting_id: 23, date: 2026-01-04 {"service":"websocket-server"}
2026-01-04 00:15:41.094 [INFO ] [DRUG] ดึง settings สำเร็จ - department_load: 38,39, style_voice: 2, voice: 3 {"service":"websocket-server"}
2026-01-04 00:15:41.116 [INFO ] [DRUG] ผลลัพธ์จาก DB - wait: 11, active: 0, call: ไม่มี, skip: 0 {"service":"websocket-server"}
2026-01-04 00:15:41.116 [INFO ] [DRUG] Sample wait item - visit_q_no: A004, dept_name: รอจัดยา, code_dept_id: 38 {"service":"websocket-server"}
2026-01-04 00:15:41.116 [INFO ] [DRUG] Unique dept_name values in wait data: {"0":"รอจัดยา","service":"websocket-server"}
2026-01-04 00:15:43.034 [INFO ] [DRUG] เริ่มดึงข้อมูลสำหรับ setting_id: 23, date: 2026-01-04 {"service":"websocket-server"}
2026-01-04 00:15:43.096 [INFO ] [DRUG] ดึง settings สำเร็จ - department_load: 38,39, style_voice: 2, voice: 3 {"service":"websocket-server"}
2026-01-04 00:15:43.120 [INFO ] [DRUG] ผลลัพธ์จาก DB - wait: 11, active: 0, call: ไม่มี, skip: 0 {"service":"websocket-server"}
2026-01-04 00:15:43.120 [INFO ] [DRUG] Sample wait item - visit_q_no: A004, dept_name: รอจัดยา, code_dept_id: 38 {"service":"websocket-server"}
2026-01-04 00:15:43.120 [INFO ] [DRUG] Unique dept_name values in wait data: {"0":"รอจัดยา","service":"websocket-server"}
2026-01-04 00:15:45.034 [INFO ] [DRUG] เริ่มดึงข้อมูลสำหรับ setting_id: 23, date: 2026-01-04 {"service":"websocket-server"}
2026-01-04 00:15:45.096 [INFO ] [DRUG] ดึง settings สำเร็จ - department_load: 38,39, style_voice: 2, voice: 3 {"service":"websocket-server"}
2026-01-04 00:15:45.121 [INFO ] [DRUG] ผลลัพธ์จาก DB - wait: 11, active: 0, call: ไม่มี, skip: 0 {"service":"websocket-server"}
2026-01-04 00:15:45.121 [INFO ] [DRUG] Sample wait item - visit_q_no: A004, dept_name: รอจัดยา, code_dept_id: 38 {"service":"websocket-server"}
2026-01-04 00:15:45.121 [INFO ] [DRUG] Unique dept_name values in wait data: {"0":"รอจัดยา","service":"websocket-server"}
2026-01-04 00:15:47.034 [INFO ] [DRUG] เริ่มดึงข้อมูลสำหรับ setting_id: 23, date: 2026-01-04 {"service":"websocket-server"}
2026-01-04 00:15:47.093 [INFO ] [DRUG] ดึง settings สำเร็จ - department_load: 38,39, style_voice: 2, voice: 3 {"service":"websocket-server"}
2026-01-04 00:15:47.116 [INFO ] [DRUG] ผลลัพธ์จาก DB - wait: 11, active: 0, call: ไม่มี, skip: 0 {"service":"websocket-server"}
2026-01-04 00:15:47.117 [INFO ] [DRUG] Sample wait item - visit_q_no: A004, dept_name: รอจัดยา, code_dept_id: 38 {"service":"websocket-server"}
2026-01-04 00:15:47.117 [INFO ] [DRUG] Unique dept_name values in wait data: {"0":"รอจัดยา","service":"websocket-server"}
2026-01-04 00:15:49.035 [INFO ] [DRUG] เริ่มดึงข้อมูลสำหรับ setting_id: 23, date: 2026-01-04 {"service":"websocket-server"}
2026-01-04 00:15:49.097 [INFO ] [DRUG] ดึง settings สำเร็จ - department_load: 38,39, style_voice: 2, voice: 3 {"service":"websocket-server"}
2026-01-04 00:15:49.124 [INFO ] [DRUG] ผลลัพธ์จาก DB - wait: 11, active: 0, call: ไม่มี, skip: 0 {"service":"websocket-server"}
2026-01-04 00:15:49.125 [INFO ] [DRUG] Sample wait item - visit_q_no: A004, dept_name: รอจัดยา, code_dept_id: 38 {"service":"websocket-server"}
2026-01-04 00:15:49.125 [INFO ] [DRUG] Unique dept_name values in wait data: {"0":"รอจัดยา","service":"websocket-server"}
2026-01-04 00:15:51.036 [INFO ] [DRUG] เริ่มดึงข้อมูลสำหรับ setting_id: 23, date: 2026-01-04 {"service":"websocket-server"}
2026-01-04 00:15:51.098 [INFO ] [DRUG] ดึง settings สำเร็จ - department_load: 38,39, style_voice: 2, voice: 3 {"service":"websocket-server"}
2026-01-04 00:15:51.122 [INFO ] [DRUG] ผลลัพธ์จาก DB - wait: 11, active: 0, call: ไม่มี, skip: 0 {"service":"websocket-server"}
2026-01-04 00:15:51.122 [INFO ] [DRUG] Sample wait item - visit_q_no: A004, dept_name: รอจัดยา, code_dept_id: 38 {"service":"websocket-server"}
2026-01-04 00:15:51.122 [INFO ] [DRUG] Unique dept_name values in wait data: {"0":"รอจัดยา","service":"websocket-server"}
2026-01-04 00:15:53.037 [INFO ] [DRUG] เริ่มดึงข้อมูลสำหรับ setting_id: 23, date: 2026-01-04 {"service":"websocket-server"}
2026-01-04 00:15:53.101 [INFO ] [DRUG] ดึง settings สำเร็จ - department_load: 38,39, style_voice: 2, voice: 3 {"service":"websocket-server"}
2026-01-04 00:15:53.127 [INFO ] [DRUG] ผลลัพธ์จาก DB - wait: 11, active: 0, call: ไม่มี, skip: 0 {"service":"websocket-server"}
2026-01-04 00:15:53.127 [INFO ] [DRUG] Sample wait item - visit_q_no: A004, dept_name: รอจัดยา, code_dept_id: 38 {"service":"websocket-server"}
2026-01-04 00:15:53.127 [INFO ] [DRUG] Unique dept_name values in wait data: {"0":"รอจัดยา","service":"websocket-server"}
2026-01-04 00:15:55.037 [INFO ] [DRUG] เริ่มดึงข้อมูลสำหรับ setting_id: 23, date: 2026-01-04 {"service":"websocket-server"}
2026-01-04 00:15:55.100 [INFO ] [DRUG] ดึง settings สำเร็จ - department_load: 38,39, style_voice: 2, voice: 3 {"service":"websocket-server"}
2026-01-04 00:15:55.125 [INFO ] [DRUG] ผลลัพธ์จาก DB - wait: 11, active: 0, call: ไม่มี, skip: 0 {"service":"websocket-server"}
2026-01-04 00:15:55.126 [INFO ] [DRUG] Sample wait item - visit_q_no: A004, dept_name: รอจัดยา, code_dept_id: 38 {"service":"websocket-server"}
2026-01-04 00:15:55.126 [INFO ] [DRUG] Unique dept_name values in wait data: {"0":"รอจัดยา","service":"websocket-server"}
2026-01-04 00:15:57.037 [INFO ] [DRUG] เริ่มดึงข้อมูลสำหรับ setting_id: 23, date: 2026-01-04 {"service":"websocket-server"}
2026-01-04 00:15:57.096 [INFO ] [DRUG] ดึง settings สำเร็จ - department_load: 38,39, style_voice: 2, voice: 3 {"service":"websocket-server"}
2026-01-04 00:15:57.119 [INFO ] [DRUG] ผลลัพธ์จาก DB - wait: 11, active: 0, call: ไม่มี, skip: 0 {"service":"websocket-server"}
2026-01-04 00:15:57.119 [INFO ] [DRUG] Sample wait item - visit_q_no: A004, dept_name: รอจัดยา, code_dept_id: 38 {"service":"websocket-server"}
2026-01-04 00:15:57.119 [INFO ] [DRUG] Unique dept_name values in wait data: {"0":"รอจัดยา","service":"websocket-server"}
2026-01-04 00:15:59.037 [INFO ] [DRUG] เริ่มดึงข้อมูลสำหรับ setting_id: 23, date: 2026-01-04 {"service":"websocket-server"}
2026-01-04 00:15:59.099 [INFO ] [DRUG] ดึง settings สำเร็จ - department_load: 38,39, style_voice: 2, voice: 3 {"service":"websocket-server"}
2026-01-04 00:15:59.125 [INFO ] [DRUG] ผลลัพธ์จาก DB - wait: 11, active: 0, call: ไม่มี, skip: 0 {"service":"websocket-server"}
2026-01-04 00:15:59.125 [INFO ] [DRUG] Sample wait item - visit_q_no: A004, dept_name: รอจัดยา, code_dept_id: 38 {"service":"websocket-server"}
2026-01-04 00:15:59.125 [INFO ] [DRUG] Unique dept_name values in wait data: {"0":"รอจัดยา","service":"websocket-server"}
2026-01-04 00:16:01.038 [INFO ] [DRUG] เริ่มดึงข้อมูลสำหรับ setting_id: 23, date: 2026-01-04 {"service":"websocket-server"}
2026-01-04 00:16:01.097 [INFO ] [DRUG] ดึง settings สำเร็จ - department_load: 38,39, style_voice: 2, voice: 3 {"service":"websocket-server"}
2026-01-04 00:16:01.119 [INFO ] [DRUG] ผลลัพธ์จาก DB - wait: 11, active: 0, call: ไม่มี, skip: 0 {"service":"websocket-server"}
2026-01-04 00:16:01.119 [INFO ] [DRUG] Sample wait item - visit_q_no: A004, dept_name: รอจัดยา, code_dept_id: 38 {"service":"websocket-server"}
2026-01-04 00:16:01.119 [INFO ] [DRUG] Unique dept_name values in wait data: {"0":"รอจัดยา","service":"websocket-server"}
2026-01-04 00:16:03.039 [INFO ] [DRUG] เริ่มดึงข้อมูลสำหรับ setting_id: 23, date: 2026-01-04 {"service":"websocket-server"}
2026-01-04 00:16:03.097 [INFO ] [DRUG] ดึง settings สำเร็จ - department_load: 38,39, style_voice: 2, voice: 3 {"service":"websocket-server"}
2026-01-04 00:16:03.122 [INFO ] [DRUG] ผลลัพธ์จาก DB - wait: 11, active: 0, call: ไม่มี, skip: 0 {"service":"websocket-server"}
2026-01-04 00:16:03.122 [INFO ] [DRUG] Sample wait item - visit_q_no: A004, dept_name: รอจัดยา, code_dept_id: 38 {"service":"websocket-server"}
2026-01-04 00:16:03.122 [INFO ] [DRUG] Unique dept_name values in wait data: {"0":"รอจัดยา","service":"websocket-server"}
2026-01-04 00:16:05.039 [INFO ] [DRUG] เริ่มดึงข้อมูลสำหรับ setting_id: 23, date: 2026-01-04 {"service":"websocket-server"}
2026-01-04 00:16:05.102 [INFO ] [DRUG] ดึง settings สำเร็จ - department_load: 38,39, style_voice: 2, voice: 3 {"service":"websocket-server"}
2026-01-04 00:16:05.126 [INFO ] [DRUG] ผลลัพธ์จาก DB - wait: 11, active: 0, call: ไม่มี, skip: 0 {"service":"websocket-server"}
2026-01-04 00:16:05.126 [INFO ] [DRUG] Sample wait item - visit_q_no: A004, dept_name: รอจัดยา, code_dept_id: 38 {"service":"websocket-server"}
2026-01-04 00:16:05.126 [INFO ] [DRUG] Unique dept_name values in wait data: {"0":"รอจัดยา","service":"websocket-server"}
2026-01-04 00:16:07.039 [INFO ] [DRUG] เริ่มดึงข้อมูลสำหรับ setting_id: 23, date: 2026-01-04 {"service":"websocket-server"}
2026-01-04 00:16:07.104 [INFO ] [DRUG] ดึง settings สำเร็จ - department_load: 38,39, style_voice: 2, voice: 3 {"service":"websocket-server"}
2026-01-04 00:16:07.126 [INFO ] [DRUG] ผลลัพธ์จาก DB - wait: 11, active: 0, call: ไม่มี, skip: 0 {"service":"websocket-server"}
2026-01-04 00:16:07.127 [INFO ] [DRUG] Sample wait item - visit_q_no: A004, dept_name: รอจัดยา, code_dept_id: 38 {"service":"websocket-server"}
2026-01-04 00:16:07.127 [INFO ] [DRUG] Unique dept_name values in wait data: {"0":"รอจัดยา","service":"websocket-server"}
2026-01-04 00:16:09.041 [INFO ] [DRUG] เริ่มดึงข้อมูลสำหรับ setting_id: 23, date: 2026-01-04 {"service":"websocket-server"}
2026-01-04 00:16:09.099 [INFO ] [DRUG] ดึง settings สำเร็จ - department_load: 38,39, style_voice: 2, voice: 3 {"service":"websocket-server"}
2026-01-04 00:16:09.120 [INFO ] [DRUG] ผลลัพธ์จาก DB - wait: 11, active: 0, call: ไม่มี, skip: 0 {"service":"websocket-server"}
2026-01-04 00:16:09.120 [INFO ] [DRUG] Sample wait item - visit_q_no: A004, dept_name: รอจัดยา, code_dept_id: 38 {"service":"websocket-server"}
2026-01-04 00:16:09.120 [INFO ] [DRUG] Unique dept_name values in wait data: {"0":"รอจัดยา","service":"websocket-server"}
2026-01-04 00:16:11.042 [INFO ] [DRUG] เริ่มดึงข้อมูลสำหรับ setting_id: 23, date: 2026-01-04 {"service":"websocket-server"}
2026-01-04 00:16:11.106 [INFO ] [DRUG] ดึง settings สำเร็จ - department_load: 38,39, style_voice: 2, voice: 3 {"service":"websocket-server"}
2026-01-04 00:16:11.131 [INFO ] [DRUG] ผลลัพธ์จาก DB - wait: 11, active: 0, call: ไม่มี, skip: 0 {"service":"websocket-server"}
2026-01-04 00:16:11.132 [INFO ] [DRUG] Sample wait item - visit_q_no: A004, dept_name: รอจัดยา, code_dept_id: 38 {"service":"websocket-server"}
2026-01-04 00:16:11.132 [INFO ] [DRUG] Unique dept_name values in wait data: {"0":"รอจัดยา","service":"websocket-server"}
2026-01-04 00:16:13.043 [INFO ] [DRUG] เริ่มดึงข้อมูลสำหรับ setting_id: 23, date: 2026-01-04 {"service":"websocket-server"}
2026-01-04 00:16:13.106 [INFO ] [DRUG] ดึง settings สำเร็จ - department_load: 38,39, style_voice: 2, voice: 3 {"service":"websocket-server"}
2026-01-04 00:16:13.128 [INFO ] [DRUG] ผลลัพธ์จาก DB - wait: 11, active: 0, call: ไม่มี, skip: 0 {"service":"websocket-server"}
2026-01-04 00:16:13.128 [INFO ] [DRUG] Sample wait item - visit_q_no: A004, dept_name: รอจัดยา, code_dept_id: 38 {"service":"websocket-server"}
2026-01-04 00:16:13.128 [INFO ] [DRUG] Unique dept_name values in wait data: {"0":"รอจัดยา","service":"websocket-server"}
2026-01-04 00:16:15.046 [INFO ] [DRUG] เริ่มดึงข้อมูลสำหรับ setting_id: 23, date: 2026-01-04 {"service":"websocket-server"}
2026-01-04 00:16:15.113 [INFO ] [DRUG] ดึง settings สำเร็จ - department_load: 38,39, style_voice: 2, voice: 3 {"service":"websocket-server"}
2026-01-04 00:16:15.136 [INFO ] [DRUG] ผลลัพธ์จาก DB - wait: 11, active: 0, call: ไม่มี, skip: 0 {"service":"websocket-server"}
2026-01-04 00:16:15.136 [INFO ] [DRUG] Sample wait item - visit_q_no: A004, dept_name: รอจัดยา, code_dept_id: 38 {"service":"websocket-server"}
2026-01-04 00:16:15.137 [INFO ] [DRUG] Unique dept_name values in wait data: {"0":"รอจัดยา","service":"websocket-server"}
2026-01-04 00:16:17.045 [INFO ] [DRUG] เริ่มดึงข้อมูลสำหรับ setting_id: 23, date: 2026-01-04 {"service":"websocket-server"}
2026-01-04 00:16:17.109 [INFO ] [DRUG] ดึง settings สำเร็จ - department_load: 38,39, style_voice: 2, voice: 3 {"service":"websocket-server"}
2026-01-04 00:16:17.131 [INFO ] [DRUG] ผลลัพธ์จาก DB - wait: 11, active: 0, call: ไม่มี, skip: 0 {"service":"websocket-server"}
2026-01-04 00:16:17.132 [INFO ] [DRUG] Sample wait item - visit_q_no: A004, dept_name: รอจัดยา, code_dept_id: 38 {"service":"websocket-server"}
2026-01-04 00:16:17.132 [INFO ] [DRUG] Unique dept_name values in wait data: {"0":"รอจัดยา","service":"websocket-server"}
2026-01-04 00:16:19.045 [INFO ] [DRUG] เริ่มดึงข้อมูลสำหรับ setting_id: 23, date: 2026-01-04 {"service":"websocket-server"}
2026-01-04 00:16:19.108 [INFO ] [DRUG] ดึง settings สำเร็จ - department_load: 38,39, style_voice: 2, voice: 3 {"service":"websocket-server"}
2026-01-04 00:16:19.131 [INFO ] [DRUG] ผลลัพธ์จาก DB - wait: 11, active: 0, call: ไม่มี, skip: 0 {"service":"websocket-server"}
2026-01-04 00:16:19.131 [INFO ] [DRUG] Sample wait item - visit_q_no: A004, dept_name: รอจัดยา, code_dept_id: 38 {"service":"websocket-server"}
2026-01-04 00:16:19.131 [INFO ] [DRUG] Unique dept_name values in wait data: {"0":"รอจัดยา","service":"websocket-server"}
2026-01-04 00:16:21.046 [INFO ] [DRUG] เริ่มดึงข้อมูลสำหรับ setting_id: 23, date: 2026-01-04 {"service":"websocket-server"}
2026-01-04 00:16:21.110 [INFO ] [DRUG] ดึง settings สำเร็จ - department_load: 38,39, style_voice: 2, voice: 3 {"service":"websocket-server"}
2026-01-04 00:16:21.135 [INFO ] [DRUG] ผลลัพธ์จาก DB - wait: 11, active: 0, call: ไม่มี, skip: 0 {"service":"websocket-server"}
2026-01-04 00:16:21.136 [INFO ] [DRUG] Sample wait item - visit_q_no: A004, dept_name: รอจัดยา, code_dept_id: 38 {"service":"websocket-server"}
2026-01-04 00:16:21.136 [INFO ] [DRUG] Unique dept_name values in wait data: {"0":"รอจัดยา","service":"websocket-server"}
2026-01-04 00:16:23.048 [INFO ] [DRUG] เริ่มดึงข้อมูลสำหรับ setting_id: 23, date: 2026-01-04 {"service":"websocket-server"}
2026-01-04 00:16:23.111 [INFO ] [DRUG] ดึง settings สำเร็จ - department_load: 38,39, style_voice: 2, voice: 3 {"service":"websocket-server"}
2026-01-04 00:16:23.132 [INFO ] [DRUG] ผลลัพธ์จาก DB - wait: 11, active: 0, call: ไม่มี, skip: 0 {"service":"websocket-server"}
2026-01-04 00:16:23.132 [INFO ] [DRUG] Sample wait item - visit_q_no: A004, dept_name: รอจัดยา, code_dept_id: 38 {"service":"websocket-server"}
2026-01-04 00:16:23.132 [INFO ] [DRUG] Unique dept_name values in wait data: {"0":"รอจัดยา","service":"websocket-server"}
2026-01-04 00:16:25.050 [INFO ] [DRUG] เริ่มดึงข้อมูลสำหรับ setting_id: 23, date: 2026-01-04 {"service":"websocket-server"}
2026-01-04 00:16:25.110 [INFO ] [DRUG] ดึง settings สำเร็จ - department_load: 38,39, style_voice: 2, voice: 3 {"service":"websocket-server"}
2026-01-04 00:16:25.134 [INFO ] [DRUG] ผลลัพธ์จาก DB - wait: 11, active: 0, call: ไม่มี, skip: 0 {"service":"websocket-server"}
2026-01-04 00:16:25.134 [INFO ] [DRUG] Sample wait item - visit_q_no: A004, dept_name: รอจัดยา, code_dept_id: 38 {"service":"websocket-server"}
2026-01-04 00:16:25.135 [INFO ] [DRUG] Unique dept_name values in wait data: {"0":"รอจัดยา","service":"websocket-server"}
2026-01-04 00:16:27.051 [INFO ] [DRUG] เริ่มดึงข้อมูลสำหรับ setting_id: 23, date: 2026-01-04 {"service":"websocket-server"}
2026-01-04 00:16:27.113 [INFO ] [DRUG] ดึง settings สำเร็จ - department_load: 38,39, style_voice: 2, voice: 3 {"service":"websocket-server"}
2026-01-04 00:16:27.137 [INFO ] [DRUG] ผลลัพธ์จาก DB - wait: 11, active: 0, call: ไม่มี, skip: 0 {"service":"websocket-server"}
2026-01-04 00:16:27.137 [INFO ] [DRUG] Sample wait item - visit_q_no: A004, dept_name: รอจัดยา, code_dept_id: 38 {"service":"websocket-server"}
2026-01-04 00:16:27.137 [INFO ] [DRUG] Unique dept_name values in wait data: {"0":"รอจัดยา","service":"websocket-server"}
2026-01-04 00:16:29.051 [INFO ] [DRUG] เริ่มดึงข้อมูลสำหรับ setting_id: 23, date: 2026-01-04 {"service":"websocket-server"}
2026-01-04 00:16:29.113 [INFO ] [DRUG] ดึง settings สำเร็จ - department_load: 38,39, style_voice: 2, voice: 3 {"service":"websocket-server"}
2026-01-04 00:16:29.137 [INFO ] [DRUG] ผลลัพธ์จาก DB - wait: 11, active: 0, call: ไม่มี, skip: 0 {"service":"websocket-server"}
2026-01-04 00:16:29.138 [INFO ] [DRUG] Sample wait item - visit_q_no: A004, dept_name: รอจัดยา, code_dept_id: 38 {"service":"websocket-server"}
2026-01-04 00:16:29.138 [INFO ] [DRUG] Unique dept_name values in wait data: {"0":"รอจัดยา","service":"websocket-server"}
2026-01-04 00:16:31.053 [INFO ] [DRUG] เริ่มดึงข้อมูลสำหรับ setting_id: 23, date: 2026-01-04 {"service":"websocket-server"}
2026-01-04 00:16:31.116 [INFO ] [DRUG] ดึง settings สำเร็จ - department_load: 38,39, style_voice: 2, voice: 3 {"service":"websocket-server"}
2026-01-04 00:16:31.141 [INFO ] [DRUG] ผลลัพธ์จาก DB - wait: 11, active: 0, call: ไม่มี, skip: 0 {"service":"websocket-server"}
2026-01-04 00:16:31.141 [INFO ] [DRUG] Sample wait item - visit_q_no: A004, dept_name: รอจัดยา, code_dept_id: 38 {"service":"websocket-server"}
2026-01-04 00:16:31.141 [INFO ] [DRUG] Unique dept_name values in wait data: {"0":"รอจัดยา","service":"websocket-server"}
2026-01-04 00:16:33.054 [INFO ] [DRUG] เริ่มดึงข้อมูลสำหรับ setting_id: 23, date: 2026-01-04 {"service":"websocket-server"}
2026-01-04 00:16:33.115 [INFO ] [DRUG] ดึง settings สำเร็จ - department_load: 38,39, style_voice: 2, voice: 3 {"service":"websocket-server"}
2026-01-04 00:16:33.137 [INFO ] [DRUG] ผลลัพธ์จาก DB - wait: 11, active: 0, call: ไม่มี, skip: 0 {"service":"websocket-server"}
2026-01-04 00:16:33.138 [INFO ] [DRUG] Sample wait item - visit_q_no: A004, dept_name: รอจัดยา, code_dept_id: 38 {"service":"websocket-server"}
2026-01-04 00:16:33.138 [INFO ] [DRUG] Unique dept_name values in wait data: {"0":"รอจัดยา","service":"websocket-server"}
2026-01-04 00:16:35.056 [INFO ] [DRUG] เริ่มดึงข้อมูลสำหรับ setting_id: 23, date: 2026-01-04 {"service":"websocket-server"}
2026-01-04 00:16:35.116 [INFO ] [DRUG] ดึง settings สำเร็จ - department_load: 38,39, style_voice: 2, voice: 3 {"service":"websocket-server"}
2026-01-04 00:16:35.140 [INFO ] [DRUG] ผลลัพธ์จาก DB - wait: 11, active: 0, call: ไม่มี, skip: 0 {"service":"websocket-server"}
2026-01-04 00:16:35.140 [INFO ] [DRUG] Sample wait item - visit_q_no: A004, dept_name: รอจัดยา, code_dept_id: 38 {"service":"websocket-server"}
2026-01-04 00:16:35.140 [INFO ] [DRUG] Unique dept_name values in wait data: {"0":"รอจัดยา","service":"websocket-server"}
2026-01-04 00:16:37.057 [INFO ] [DRUG] เริ่มดึงข้อมูลสำหรับ setting_id: 23, date: 2026-01-04 {"service":"websocket-server"}
2026-01-04 00:16:37.120 [INFO ] [DRUG] ดึง settings สำเร็จ - department_load: 38,39, style_voice: 2, voice: 3 {"service":"websocket-server"}
2026-01-04 00:16:37.145 [INFO ] [DRUG] ผลลัพธ์จาก DB - wait: 11, active: 0, call: ไม่มี, skip: 0 {"service":"websocket-server"}
2026-01-04 00:16:37.146 [INFO ] [DRUG] Sample wait item - visit_q_no: A004, dept_name: รอจัดยา, code_dept_id: 38 {"service":"websocket-server"}
2026-01-04 00:16:37.146 [INFO ] [DRUG] Unique dept_name values in wait data: {"0":"รอจัดยา","service":"websocket-server"}
2026-01-04 00:16:39.058 [INFO ] [DRUG] เริ่มดึงข้อมูลสำหรับ setting_id: 23, date: 2026-01-04 {"service":"websocket-server"}
2026-01-04 00:16:39.119 [INFO ] [DRUG] ดึง settings สำเร็จ - department_load: 38,39, style_voice: 2, voice: 3 {"service":"websocket-server"}
2026-01-04 00:16:39.142 [INFO ] [DRUG] ผลลัพธ์จาก DB - wait: 11, active: 0, call: ไม่มี, skip: 0 {"service":"websocket-server"}
2026-01-04 00:16:39.143 [INFO ] [DRUG] Sample wait item - visit_q_no: A004, dept_name: รอจัดยา, code_dept_id: 38 {"service":"websocket-server"}
2026-01-04 00:16:39.143 [INFO ] [DRUG] Unique dept_name values in wait data: {"0":"รอจัดยา","service":"websocket-server"}
2026-01-04 00:16:41.059 [INFO ] [DRUG] เริ่มดึงข้อมูลสำหรับ setting_id: 23, date: 2026-01-04 {"service":"websocket-server"}
2026-01-04 00:16:41.119 [INFO ] [DRUG] ดึง settings สำเร็จ - department_load: 38,39, style_voice: 2, voice: 3 {"service":"websocket-server"}
2026-01-04 00:16:41.144 [INFO ] [DRUG] ผลลัพธ์จาก DB - wait: 11, active: 0, call: ไม่มี, skip: 0 {"service":"websocket-server"}
2026-01-04 00:16:41.144 [INFO ] [DRUG] Sample wait item - visit_q_no: A004, dept_name: รอจัดยา, code_dept_id: 38 {"service":"websocket-server"}
2026-01-04 00:16:41.144 [INFO ] [DRUG] Unique dept_name values in wait data: {"0":"รอจัดยา","service":"websocket-server"}
2026-01-04 00:16:43.060 [INFO ] [DRUG] เริ่มดึงข้อมูลสำหรับ setting_id: 23, date: 2026-01-04 {"service":"websocket-server"}
2026-01-04 00:16:43.123 [INFO ] [DRUG] ดึง settings สำเร็จ - department_load: 38,39, style_voice: 2, voice: 3 {"service":"websocket-server"}
2026-01-04 00:16:43.146 [INFO ] [DRUG] ผลลัพธ์จาก DB - wait: 11, active: 0, call: ไม่มี, skip: 0 {"service":"websocket-server"}
2026-01-04 00:16:43.146 [INFO ] [DRUG] Sample wait item - visit_q_no: A004, dept_name: รอจัดยา, code_dept_id: 38 {"service":"websocket-server"}
2026-01-04 00:16:43.146 [INFO ] [DRUG] Unique dept_name values in wait data: {"0":"รอจัดยา","service":"websocket-server"}
2026-01-04 00:16:45.061 [INFO ] [DRUG] เริ่มดึงข้อมูลสำหรับ setting_id: 23, date: 2026-01-04 {"service":"websocket-server"}
2026-01-04 00:16:45.123 [INFO ] [DRUG] ดึง settings สำเร็จ - department_load: 38,39, style_voice: 2, voice: 3 {"service":"websocket-server"}
2026-01-04 00:16:45.147 [INFO ] [DRUG] ผลลัพธ์จาก DB - wait: 11, active: 0, call: ไม่มี, skip: 0 {"service":"websocket-server"}
2026-01-04 00:16:45.148 [INFO ] [DRUG] Sample wait item - visit_q_no: A004, dept_name: รอจัดยา, code_dept_id: 38 {"service":"websocket-server"}
2026-01-04 00:16:45.148 [INFO ] [DRUG] Unique dept_name values in wait data: {"0":"รอจัดยา","service":"websocket-server"}
2026-01-04 00:16:47.063 [INFO ] [DRUG] เริ่มดึงข้อมูลสำหรับ setting_id: 23, date: 2026-01-04 {"service":"websocket-server"}
2026-01-04 00:16:47.124 [INFO ] [DRUG] ดึง settings สำเร็จ - department_load: 38,39, style_voice: 2, voice: 3 {"service":"websocket-server"}
2026-01-04 00:16:47.149 [INFO ] [DRUG] ผลลัพธ์จาก DB - wait: 11, active: 0, call: ไม่มี, skip: 0 {"service":"websocket-server"}
2026-01-04 00:16:47.149 [INFO ] [DRUG] Sample wait item - visit_q_no: A004, dept_name: รอจัดยา, code_dept_id: 38 {"service":"websocket-server"}
2026-01-04 00:16:47.149 [INFO ] [DRUG] Unique dept_name values in wait data: {"0":"รอจัดยา","service":"websocket-server"}
2026-01-04 00:16:49.064 [INFO ] [DRUG] เริ่มดึงข้อมูลสำหรับ setting_id: 23, date: 2026-01-04 {"service":"websocket-server"}
2026-01-04 00:16:49.133 [INFO ] [DRUG] ดึง settings สำเร็จ - department_load: 38,39, style_voice: 2, voice: 3 {"service":"websocket-server"}
2026-01-04 00:16:49.157 [INFO ] [DRUG] ผลลัพธ์จาก DB - wait: 11, active: 0, call: ไม่มี, skip: 0 {"service":"websocket-server"}
2026-01-04 00:16:49.158 [INFO ] [DRUG] Sample wait item - visit_q_no: A004, dept_name: รอจัดยา, code_dept_id: 38 {"service":"websocket-server"}
2026-01-04 00:16:49.158 [INFO ] [DRUG] Unique dept_name values in wait data: {"0":"รอจัดยา","service":"websocket-server"}
2026-01-04 00:16:51.066 [INFO ] [DRUG] เริ่มดึงข้อมูลสำหรับ setting_id: 23, date: 2026-01-04 {"service":"websocket-server"}
2026-01-04 00:16:51.127 [INFO ] [DRUG] ดึง settings สำเร็จ - department_load: 38,39, style_voice: 2, voice: 3 {"service":"websocket-server"}
2026-01-04 00:16:51.150 [INFO ] [DRUG] ผลลัพธ์จาก DB - wait: 11, active: 0, call: ไม่มี, skip: 0 {"service":"websocket-server"}
2026-01-04 00:16:51.151 [INFO ] [DRUG] Sample wait item - visit_q_no: A004, dept_name: รอจัดยา, code_dept_id: 38 {"service":"websocket-server"}
2026-01-04 00:16:51.151 [INFO ] [DRUG] Unique dept_name values in wait data: {"0":"รอจัดยา","service":"websocket-server"}
2026-01-04 00:16:53.067 [INFO ] [DRUG] เริ่มดึงข้อมูลสำหรับ setting_id: 23, date: 2026-01-04 {"service":"websocket-server"}
2026-01-04 00:16:53.129 [INFO ] [DRUG] ดึง settings สำเร็จ - department_load: 38,39, style_voice: 2, voice: 3 {"service":"websocket-server"}
2026-01-04 00:16:53.151 [INFO ] [DRUG] ผลลัพธ์จาก DB - wait: 11, active: 0, call: ไม่มี, skip: 0 {"service":"websocket-server"}
2026-01-04 00:16:53.152 [INFO ] [DRUG] Sample wait item - visit_q_no: A004, dept_name: รอจัดยา, code_dept_id: 38 {"service":"websocket-server"}
2026-01-04 00:16:53.152 [INFO ] [DRUG] Unique dept_name values in wait data: {"0":"รอจัดยา","service":"websocket-server"}
2026-01-04 00:16:55.068 [INFO ] [DRUG] เริ่มดึงข้อมูลสำหรับ setting_id: 23, date: 2026-01-04 {"service":"websocket-server"}
2026-01-04 00:16:55.133 [INFO ] [DRUG] ดึง settings สำเร็จ - department_load: 38,39, style_voice: 2, voice: 3 {"service":"websocket-server"}
2026-01-04 00:16:55.156 [INFO ] [DRUG] ผลลัพธ์จาก DB - wait: 11, active: 0, call: ไม่มี, skip: 0 {"service":"websocket-server"}
2026-01-04 00:16:55.156 [INFO ] [DRUG] Sample wait item - visit_q_no: A004, dept_name: รอจัดยา, code_dept_id: 38 {"service":"websocket-server"}
2026-01-04 00:16:55.156 [INFO ] [DRUG] Unique dept_name values in wait data: {"0":"รอจัดยา","service":"websocket-server"}
2026-01-04 00:16:57.069 [INFO ] [DRUG] เริ่มดึงข้อมูลสำหรับ setting_id: 23, date: 2026-01-04 {"service":"websocket-server"}
2026-01-04 00:16:57.131 [INFO ] [DRUG] ดึง settings สำเร็จ - department_load: 38,39, style_voice: 2, voice: 3 {"service":"websocket-server"}
2026-01-04 00:16:57.155 [INFO ] [DRUG] ผลลัพธ์จาก DB - wait: 11, active: 0, call: ไม่มี, skip: 0 {"service":"websocket-server"}
2026-01-04 00:16:57.155 [INFO ] [DRUG] Sample wait item - visit_q_no: A004, dept_name: รอจัดยา, code_dept_id: 38 {"service":"websocket-server"}
2026-01-04 00:16:57.155 [INFO ] [DRUG] Unique dept_name values in wait data: {"0":"รอจัดยา","service":"websocket-server"}
2026-01-04 00:16:59.070 [INFO ] [DRUG] เริ่มดึงข้อมูลสำหรับ setting_id: 23, date: 2026-01-04 {"service":"websocket-server"}
2026-01-04 00:16:59.135 [INFO ] [DRUG] ดึง settings สำเร็จ - department_load: 38,39, style_voice: 2, voice: 3 {"service":"websocket-server"}
2026-01-04 00:16:59.160 [INFO ] [DRUG] ผลลัพธ์จาก DB - wait: 11, active: 0, call: ไม่มี, skip: 0 {"service":"websocket-server"}
2026-01-04 00:16:59.160 [INFO ] [DRUG] Sample wait item - visit_q_no: A004, dept_name: รอจัดยา, code_dept_id: 38 {"service":"websocket-server"}
2026-01-04 00:16:59.161 [INFO ] [DRUG] Unique dept_name values in wait data: {"0":"รอจัดยา","service":"websocket-server"}
2026-01-04 00:17:01.071 [INFO ] [DRUG] เริ่มดึงข้อมูลสำหรับ setting_id: 23, date: 2026-01-04 {"service":"websocket-server"}
2026-01-04 00:17:01.134 [INFO ] [DRUG] ดึง settings สำเร็จ - department_load: 38,39, style_voice: 2, voice: 3 {"service":"websocket-server"}
2026-01-04 00:17:01.155 [INFO ] [DRUG] ผลลัพธ์จาก DB - wait: 11, active: 0, call: ไม่มี, skip: 0 {"service":"websocket-server"}
2026-01-04 00:17:01.155 [INFO ] [DRUG] Sample wait item - visit_q_no: A004, dept_name: รอจัดยา, code_dept_id: 38 {"service":"websocket-server"}
2026-01-04 00:17:01.155 [INFO ] [DRUG] Unique dept_name values in wait data: {"0":"รอจัดยา","service":"websocket-server"}
2026-01-04 00:17:03.072 [INFO ] [DRUG] เริ่มดึงข้อมูลสำหรับ setting_id: 23, date: 2026-01-04 {"service":"websocket-server"}
2026-01-04 00:17:03.134 [INFO ] [DRUG] ดึง settings สำเร็จ - department_load: 38,39, style_voice: 2, voice: 3 {"service":"websocket-server"}
2026-01-04 00:17:03.158 [INFO ] [DRUG] ผลลัพธ์จาก DB - wait: 11, active: 0, call: ไม่มี, skip: 0 {"service":"websocket-server"}
2026-01-04 00:17:03.158 [INFO ] [DRUG] Sample wait item - visit_q_no: A004, dept_name: รอจัดยา, code_dept_id: 38 {"service":"websocket-server"}
2026-01-04 00:17:03.158 [INFO ] [DRUG] Unique dept_name values in wait data: {"0":"รอจัดยา","service":"websocket-server"}
2026-01-04 00:17:05.072 [INFO ] [DRUG] เริ่มดึงข้อมูลสำหรับ setting_id: 23, date: 2026-01-04 {"service":"websocket-server"}
2026-01-04 00:17:05.135 [INFO ] [DRUG] ดึง settings สำเร็จ - department_load: 38,39, style_voice: 2, voice: 3 {"service":"websocket-server"}
2026-01-04 00:17:05.157 [INFO ] [DRUG] ผลลัพธ์จาก DB - wait: 11, active: 0, call: ไม่มี, skip: 0 {"service":"websocket-server"}
2026-01-04 00:17:05.157 [INFO ] [DRUG] Sample wait item - visit_q_no: A004, dept_name: รอจัดยา, code_dept_id: 38 {"service":"websocket-server"}
2026-01-04 00:17:05.157 [INFO ] [DRUG] Unique dept_name values in wait data: {"0":"รอจัดยา","service":"websocket-server"}
2026-01-04 00:17:07.072 [INFO ] [DRUG] เริ่มดึงข้อมูลสำหรับ setting_id: 23, date: 2026-01-04 {"service":"websocket-server"}
2026-01-04 00:17:07.135 [INFO ] [DRUG] ดึง settings สำเร็จ - department_load: 38,39, style_voice: 2, voice: 3 {"service":"websocket-server"}
2026-01-04 00:17:07.158 [INFO ] [DRUG] ผลลัพธ์จาก DB - wait: 11, active: 0, call: ไม่มี, skip: 0 {"service":"websocket-server"}
2026-01-04 00:17:07.158 [INFO ] [DRUG] Sample wait item - visit_q_no: A004, dept_name: รอจัดยา, code_dept_id: 38 {"service":"websocket-server"}
2026-01-04 00:17:07.159 [INFO ] [DRUG] Unique dept_name values in wait data: {"0":"รอจัดยา","service":"websocket-server"}
2026-01-04 00:17:09.074 [INFO ] [DRUG] เริ่มดึงข้อมูลสำหรับ setting_id: 23, date: 2026-01-04 {"service":"websocket-server"}
2026-01-04 00:17:09.135 [INFO ] [DRUG] ดึง settings สำเร็จ - department_load: 38,39, style_voice: 2, voice: 3 {"service":"websocket-server"}
2026-01-04 00:17:09.157 [INFO ] [DRUG] ผลลัพธ์จาก DB - wait: 11, active: 0, call: ไม่มี, skip: 0 {"service":"websocket-server"}
2026-01-04 00:17:09.157 [INFO ] [DRUG] Sample wait item - visit_q_no: A004, dept_name: รอจัดยา, code_dept_id: 38 {"service":"websocket-server"}
2026-01-04 00:17:09.157 [INFO ] [DRUG] Unique dept_name values in wait data: {"0":"รอจัดยา","service":"websocket-server"}
2026-01-04 00:17:11.074 [INFO ] [DRUG] เริ่มดึงข้อมูลสำหรับ setting_id: 23, date: 2026-01-04 {"service":"websocket-server"}
2026-01-04 00:17:11.136 [INFO ] [DRUG] ดึง settings สำเร็จ - department_load: 38,39, style_voice: 2, voice: 3 {"service":"websocket-server"}
2026-01-04 00:17:11.160 [INFO ] [DRUG] ผลลัพธ์จาก DB - wait: 11, active: 0, call: ไม่มี, skip: 0 {"service":"websocket-server"}
2026-01-04 00:17:11.160 [INFO ] [DRUG] Sample wait item - visit_q_no: A004, dept_name: รอจัดยา, code_dept_id: 38 {"service":"websocket-server"}
2026-01-04 00:17:11.160 [INFO ] [DRUG] Unique dept_name values in wait data: {"0":"รอจัดยา","service":"websocket-server"}
2026-01-04 00:17:13.076 [INFO ] [DRUG] เริ่มดึงข้อมูลสำหรับ setting_id: 23, date: 2026-01-04 {"service":"websocket-server"}
2026-01-04 00:17:13.138 [INFO ] [DRUG] ดึง settings สำเร็จ - department_load: 38,39, style_voice: 2, voice: 3 {"service":"websocket-server"}
2026-01-04 00:17:13.160 [INFO ] [DRUG] ผลลัพธ์จาก DB - wait: 11, active: 0, call: ไม่มี, skip: 0 {"service":"websocket-server"}
2026-01-04 00:17:13.160 [INFO ] [DRUG] Sample wait item - visit_q_no: A004, dept_name: รอจัดยา, code_dept_id: 38 {"service":"websocket-server"}
2026-01-04 00:17:13.160 [INFO ] [DRUG] Unique dept_name values in wait data: {"0":"รอจัดยา","service":"websocket-server"}
2026-01-04 00:17:15.077 [INFO ] [DRUG] เริ่มดึงข้อมูลสำหรับ setting_id: 23, date: 2026-01-04 {"service":"websocket-server"}
2026-01-04 00:17:15.140 [INFO ] [DRUG] ดึง settings สำเร็จ - department_load: 38,39, style_voice: 2, voice: 3 {"service":"websocket-server"}
2026-01-04 00:17:15.164 [INFO ] [DRUG] ผลลัพธ์จาก DB - wait: 11, active: 0, call: ไม่มี, skip: 0 {"service":"websocket-server"}
2026-01-04 00:17:15.164 [INFO ] [DRUG] Sample wait item - visit_q_no: A004, dept_name: รอจัดยา, code_dept_id: 38 {"service":"websocket-server"}
2026-01-04 00:17:15.165 [INFO ] [DRUG] Unique dept_name values in wait data: {"0":"รอจัดยา","service":"websocket-server"}
2026-01-04 00:17:16.854 [INFO ] Client disconnected {"service":"websocket-server"}
2026-01-04 00:17:16.855 [INFO ] Client connected {"service":"websocket-server"}
2026-01-04 00:17:16.860 [INFO ] Client registered for setting_id: 23 {"service":"websocket-server"}
2026-01-04 00:17:16.860 [INFO ] Client registered for query_type: drug {"service":"websocket-server"}
2026-01-04 00:17:17.078 [INFO ] [DRUG] เริ่มดึงข้อมูลสำหรับ setting_id: 23, date: 2026-01-04 {"service":"websocket-server"}
2026-01-04 00:17:17.139 [INFO ] [DRUG] ดึง settings สำเร็จ - department_load: 38,39, style_voice: 2, voice: 3 {"service":"websocket-server"}
2026-01-04 00:17:17.163 [INFO ] [DRUG] ผลลัพธ์จาก DB - wait: 11, active: 0, call: ไม่มี, skip: 0 {"service":"websocket-server"}
2026-01-04 00:17:17.163 [INFO ] [DRUG] Sample wait item - visit_q_no: A004, dept_name: รอจัดยา, code_dept_id: 38 {"service":"websocket-server"}
2026-01-04 00:17:17.163 [INFO ] [DRUG] Unique dept_name values in wait data: {"0":"รอจัดยา","service":"websocket-server"}
2026-01-04 00:17:17.163 [INFO ] [DRUG] ✅ ส่งข้อมูลกลับไปยัง client สำเร็จ - wait: 11, active: 0, call: ไม่มี {"service":"websocket-server"}
2026-01-04 00:17:19.079 [INFO ] [DRUG] เริ่มดึงข้อมูลสำหรับ setting_id: 23, date: 2026-01-04 {"service":"websocket-server"}
2026-01-04 00:17:19.142 [INFO ] [DRUG] ดึง settings สำเร็จ - department_load: 38,39, style_voice: 2, voice: 3 {"service":"websocket-server"}
2026-01-04 00:17:19.165 [INFO ] [DRUG] ผลลัพธ์จาก DB - wait: 11, active: 0, call: ไม่มี, skip: 0 {"service":"websocket-server"}
2026-01-04 00:17:19.165 [INFO ] [DRUG] Sample wait item - visit_q_no: A004, dept_name: รอจัดยา, code_dept_id: 38 {"service":"websocket-server"}
2026-01-04 00:17:19.166 [INFO ] [DRUG] Unique dept_name values in wait data: {"0":"รอจัดยา","service":"websocket-server"}
2026-01-04 00:17:21.080 [INFO ] [DRUG] เริ่มดึงข้อมูลสำหรับ setting_id: 23, date: 2026-01-04 {"service":"websocket-server"}
2026-01-04 00:17:21.143 [INFO ] [DRUG] ดึง settings สำเร็จ - department_load: 38,39, style_voice: 2, voice: 3 {"service":"websocket-server"}
2026-01-04 00:17:21.165 [INFO ] [DRUG] ผลลัพธ์จาก DB - wait: 11, active: 0, call: ไม่มี, skip: 0 {"service":"websocket-server"}
2026-01-04 00:17:21.165 [INFO ] [DRUG] Sample wait item - visit_q_no: A004, dept_name: รอจัดยา, code_dept_id: 38 {"service":"websocket-server"}
2026-01-04 00:17:21.165 [INFO ] [DRUG] Unique dept_name values in wait data: {"0":"รอจัดยา","service":"websocket-server"}
2026-01-04 00:17:23.081 [INFO ] [DRUG] เริ่มดึงข้อมูลสำหรับ setting_id: 23, date: 2026-01-04 {"service":"websocket-server"}
2026-01-04 00:17:23.146 [INFO ] [DRUG] ดึง settings สำเร็จ - department_load: 38,39, style_voice: 2, voice: 3 {"service":"websocket-server"}
2026-01-04 00:17:23.170 [INFO ] [DRUG] ผลลัพธ์จาก DB - wait: 11, active: 0, call: ไม่มี, skip: 0 {"service":"websocket-server"}
2026-01-04 00:17:23.171 [INFO ] [DRUG] Sample wait item - visit_q_no: A004, dept_name: รอจัดยา, code_dept_id: 38 {"service":"websocket-server"}
2026-01-04 00:17:23.171 [INFO ] [DRUG] Unique dept_name values in wait data: {"0":"รอจัดยา","service":"websocket-server"}
2026-01-04 00:17:25.081 [INFO ] [DRUG] เริ่มดึงข้อมูลสำหรับ setting_id: 23, date: 2026-01-04 {"service":"websocket-server"}
2026-01-04 00:17:25.149 [INFO ] [DRUG] ดึง settings สำเร็จ - department_load: 38,39, style_voice: 2, voice: 3 {"service":"websocket-server"}
2026-01-04 00:17:25.173 [INFO ] [DRUG] ผลลัพธ์จาก DB - wait: 11, active: 0, call: ไม่มี, skip: 0 {"service":"websocket-server"}
2026-01-04 00:17:25.173 [INFO ] [DRUG] Sample wait item - visit_q_no: A004, dept_name: รอจัดยา, code_dept_id: 38 {"service":"websocket-server"}
2026-01-04 00:17:25.173 [INFO ] [DRUG] Unique dept_name values in wait data: {"0":"รอจัดยา","service":"websocket-server"}
2026-01-04 00:17:27.082 [INFO ] [DRUG] เริ่มดึงข้อมูลสำหรับ setting_id: 23, date: 2026-01-04 {"service":"websocket-server"}
2026-01-04 00:17:27.144 [INFO ] [DRUG] ดึง settings สำเร็จ - department_load: 38,39, style_voice: 2, voice: 3 {"service":"websocket-server"}
2026-01-04 00:17:27.167 [INFO ] [DRUG] ผลลัพธ์จาก DB - wait: 11, active: 0, call: ไม่มี, skip: 0 {"service":"websocket-server"}
2026-01-04 00:17:27.167 [INFO ] [DRUG] Sample wait item - visit_q_no: A004, dept_name: รอจัดยา, code_dept_id: 38 {"service":"websocket-server"}
2026-01-04 00:17:27.167 [INFO ] [DRUG] Unique dept_name values in wait data: {"0":"รอจัดยา","service":"websocket-server"}
2026-01-04 00:17:29.083 [INFO ] [DRUG] เริ่มดึงข้อมูลสำหรับ setting_id: 23, date: 2026-01-04 {"service":"websocket-server"}
2026-01-04 00:17:29.146 [INFO ] [DRUG] ดึง settings สำเร็จ - department_load: 38,39, style_voice: 2, voice: 3 {"service":"websocket-server"}
2026-01-04 00:17:29.171 [INFO ] [DRUG] ผลลัพธ์จาก DB - wait: 11, active: 0, call: ไม่มี, skip: 0 {"service":"websocket-server"}
2026-01-04 00:17:29.171 [INFO ] [DRUG] Sample wait item - visit_q_no: A004, dept_name: รอจัดยา, code_dept_id: 38 {"service":"websocket-server"}
2026-01-04 00:17:29.171 [INFO ] [DRUG] Unique dept_name values in wait data: {"0":"รอจัดยา","service":"websocket-server"}
2026-01-04 00:17:31.084 [INFO ] [DRUG] เริ่มดึงข้อมูลสำหรับ setting_id: 23, date: 2026-01-04 {"service":"websocket-server"}
2026-01-04 00:17:31.148 [INFO ] [DRUG] ดึง settings สำเร็จ - department_load: 38,39, style_voice: 2, voice: 3 {"service":"websocket-server"}
2026-01-04 00:17:31.171 [INFO ] [DRUG] ผลลัพธ์จาก DB - wait: 11, active: 0, call: ไม่มี, skip: 0 {"service":"websocket-server"}
2026-01-04 00:17:31.171 [INFO ] [DRUG] Sample wait item - visit_q_no: A004, dept_name: รอจัดยา, code_dept_id: 38 {"service":"websocket-server"}
2026-01-04 00:17:31.171 [INFO ] [DRUG] Unique dept_name values in wait data: {"0":"รอจัดยา","service":"websocket-server"}
2026-01-04 00:17:33.085 [INFO ] [DRUG] เริ่มดึงข้อมูลสำหรับ setting_id: 23, date: 2026-01-04 {"service":"websocket-server"}
2026-01-04 00:17:33.152 [INFO ] [DRUG] ดึง settings สำเร็จ - department_load: 38,39, style_voice: 2, voice: 3 {"service":"websocket-server"}
2026-01-04 00:17:33.175 [INFO ] [DRUG] ผลลัพธ์จาก DB - wait: 11, active: 0, call: ไม่มี, skip: 0 {"service":"websocket-server"}
2026-01-04 00:17:33.175 [INFO ] [DRUG] Sample wait item - visit_q_no: A004, dept_name: รอจัดยา, code_dept_id: 38 {"service":"websocket-server"}
2026-01-04 00:17:33.176 [INFO ] [DRUG] Unique dept_name values in wait data: {"0":"รอจัดยา","service":"websocket-server"}
2026-01-04 00:17:35.087 [INFO ] [DRUG] เริ่มดึงข้อมูลสำหรับ setting_id: 23, date: 2026-01-04 {"service":"websocket-server"}
2026-01-04 00:17:35.149 [INFO ] [DRUG] ดึง settings สำเร็จ - department_load: 38,39, style_voice: 2, voice: 3 {"service":"websocket-server"}
2026-01-04 00:17:35.172 [INFO ] [DRUG] ผลลัพธ์จาก DB - wait: 11, active: 0, call: ไม่มี, skip: 0 {"service":"websocket-server"}
2026-01-04 00:17:35.172 [INFO ] [DRUG] Sample wait item - visit_q_no: A004, dept_name: รอจัดยา, code_dept_id: 38 {"service":"websocket-server"}
2026-01-04 00:17:35.172 [INFO ] [DRUG] Unique dept_name values in wait data: {"0":"รอจัดยา","service":"websocket-server"}
2026-01-04 00:17:37.088 [INFO ] [DRUG] เริ่มดึงข้อมูลสำหรับ setting_id: 23, date: 2026-01-04 {"service":"websocket-server"}
2026-01-04 00:17:37.151 [INFO ] [DRUG] ดึง settings สำเร็จ - department_load: 38,39, style_voice: 2, voice: 3 {"service":"websocket-server"}
2026-01-04 00:17:37.176 [INFO ] [DRUG] ผลลัพธ์จาก DB - wait: 11, active: 0, call: ไม่มี, skip: 0 {"service":"websocket-server"}
2026-01-04 00:17:37.176 [INFO ] [DRUG] Sample wait item - visit_q_no: A004, dept_name: รอจัดยา, code_dept_id: 38 {"service":"websocket-server"}
2026-01-04 00:17:37.176 [INFO ] [DRUG] Unique dept_name values in wait data: {"0":"รอจัดยา","service":"websocket-server"}
2026-01-04 00:17:39.089 [INFO ] [DRUG] เริ่มดึงข้อมูลสำหรับ setting_id: 23, date: 2026-01-04 {"service":"websocket-server"}
2026-01-04 00:17:39.151 [INFO ] [DRUG] ดึง settings สำเร็จ - department_load: 38,39, style_voice: 2, voice: 3 {"service":"websocket-server"}
2026-01-04 00:17:39.175 [INFO ] [DRUG] ผลลัพธ์จาก DB - wait: 11, active: 0, call: ไม่มี, skip: 0 {"service":"websocket-server"}
2026-01-04 00:17:39.175 [INFO ] [DRUG] Sample wait item - visit_q_no: A004, dept_name: รอจัดยา, code_dept_id: 38 {"service":"websocket-server"}
2026-01-04 00:17:39.175 [INFO ] [DRUG] Unique dept_name values in wait data: {"0":"รอจัดยา","service":"websocket-server"}
2026-01-04 00:17:41.090 [INFO ] [DRUG] เริ่มดึงข้อมูลสำหรับ setting_id: 23, date: 2026-01-04 {"service":"websocket-server"}
2026-01-04 00:17:41.153 [INFO ] [DRUG] ดึง settings สำเร็จ - department_load: 38,39, style_voice: 2, voice: 3 {"service":"websocket-server"}
2026-01-04 00:17:41.177 [INFO ] [DRUG] ผลลัพธ์จาก DB - wait: 11, active: 0, call: ไม่มี, skip: 0 {"service":"websocket-server"}
2026-01-04 00:17:41.177 [INFO ] [DRUG] Sample wait item - visit_q_no: A004, dept_name: รอจัดยา, code_dept_id: 38 {"service":"websocket-server"}
2026-01-04 00:17:41.177 [INFO ] [DRUG] Unique dept_name values in wait data: {"0":"รอจัดยา","service":"websocket-server"}
2026-01-04 00:17:43.091 [INFO ] [DRUG] เริ่มดึงข้อมูลสำหรับ setting_id: 23, date: 2026-01-04 {"service":"websocket-server"}
2026-01-04 00:17:43.150 [INFO ] [DRUG] ดึง settings สำเร็จ - department_load: 38,39, style_voice: 2, voice: 3 {"service":"websocket-server"}
2026-01-04 00:17:43.175 [INFO ] [DRUG] ผลลัพธ์จาก DB - wait: 11, active: 0, call: ไม่มี, skip: 0 {"service":"websocket-server"}
2026-01-04 00:17:43.175 [INFO ] [DRUG] Sample wait item - visit_q_no: A004, dept_name: รอจัดยา, code_dept_id: 38 {"service":"websocket-server"}
2026-01-04 00:17:43.175 [INFO ] [DRUG] Unique dept_name values in wait data: {"0":"รอจัดยา","service":"websocket-server"}
2026-01-04 00:17:45.091 [INFO ] [DRUG] เริ่มดึงข้อมูลสำหรับ setting_id: 23, date: 2026-01-04 {"service":"websocket-server"}
2026-01-04 00:17:45.153 [INFO ] [DRUG] ดึง settings สำเร็จ - department_load: 38,39, style_voice: 2, voice: 3 {"service":"websocket-server"}
2026-01-04 00:17:45.177 [INFO ] [DRUG] ผลลัพธ์จาก DB - wait: 11, active: 0, call: ไม่มี, skip: 0 {"service":"websocket-server"}
2026-01-04 00:17:45.178 [INFO ] [DRUG] Sample wait item - visit_q_no: A004, dept_name: รอจัดยา, code_dept_id: 38 {"service":"websocket-server"}
2026-01-04 00:17:45.178 [INFO ] [DRUG] Unique dept_name values in wait data: {"0":"รอจัดยา","service":"websocket-server"}
2026-01-04 00:17:47.091 [INFO ] [DRUG] เริ่มดึงข้อมูลสำหรับ setting_id: 23, date: 2026-01-04 {"service":"websocket-server"}
2026-01-04 00:17:47.156 [INFO ] [DRUG] ดึง settings สำเร็จ - department_load: 38,39, style_voice: 2, voice: 3 {"service":"websocket-server"}
2026-01-04 00:17:47.178 [INFO ] [DRUG] ผลลัพธ์จาก DB - wait: 11, active: 0, call: ไม่มี, skip: 0 {"service":"websocket-server"}
2026-01-04 00:17:47.178 [INFO ] [DRUG] Sample wait item - visit_q_no: A004, dept_name: รอจัดยา, code_dept_id: 38 {"service":"websocket-server"}
2026-01-04 00:17:47.178 [INFO ] [DRUG] Unique dept_name values in wait data: {"0":"รอจัดยา","service":"websocket-server"}
2026-01-04 00:17:49.093 [INFO ] [DRUG] เริ่มดึงข้อมูลสำหรับ setting_id: 23, date: 2026-01-04 {"service":"websocket-server"}
2026-01-04 00:17:49.156 [INFO ] [DRUG] ดึง settings สำเร็จ - department_load: 38,39, style_voice: 2, voice: 3 {"service":"websocket-server"}
2026-01-04 00:17:49.180 [INFO ] [DRUG] ผลลัพธ์จาก DB - wait: 11, active: 0, call: ไม่มี, skip: 0 {"service":"websocket-server"}
2026-01-04 00:17:49.180 [INFO ] [DRUG] Sample wait item - visit_q_no: A004, dept_name: รอจัดยา, code_dept_id: 38 {"service":"websocket-server"}
2026-01-04 00:17:49.180 [INFO ] [DRUG] Unique dept_name values in wait data: {"0":"รอจัดยา","service":"websocket-server"}
2026-01-04 00:17:51.093 [INFO ] [DRUG] เริ่มดึงข้อมูลสำหรับ setting_id: 23, date: 2026-01-04 {"service":"websocket-server"}
2026-01-04 00:17:51.156 [INFO ] [DRUG] ดึง settings สำเร็จ - department_load: 38,39, style_voice: 2, voice: 3 {"service":"websocket-server"}
2026-01-04 00:17:51.184 [INFO ] [DRUG] ผลลัพธ์จาก DB - wait: 11, active: 0, call: ไม่มี, skip: 0 {"service":"websocket-server"}
2026-01-04 00:17:51.184 [INFO ] [DRUG] Sample wait item - visit_q_no: A004, dept_name: รอจัดยา, code_dept_id: 38 {"service":"websocket-server"}
2026-01-04 00:17:51.184 [INFO ] [DRUG] Unique dept_name values in wait data: {"0":"รอจัดยา","service":"websocket-server"}
2026-01-04 00:17:53.094 [INFO ] [DRUG] เริ่มดึงข้อมูลสำหรับ setting_id: 23, date: 2026-01-04 {"service":"websocket-server"}
2026-01-04 00:17:53.154 [INFO ] [DRUG] ดึง settings สำเร็จ - department_load: 38,39, style_voice: 2, voice: 3 {"service":"websocket-server"}
2026-01-04 00:17:53.176 [INFO ] [DRUG] ผลลัพธ์จาก DB - wait: 11, active: 0, call: ไม่มี, skip: 0 {"service":"websocket-server"}
2026-01-04 00:17:53.176 [INFO ] [DRUG] Sample wait item - visit_q_no: A004, dept_name: รอจัดยา, code_dept_id: 38 {"service":"websocket-server"}
2026-01-04 00:17:53.176 [INFO ] [DRUG] Unique dept_name values in wait data: {"0":"รอจัดยา","service":"websocket-server"}
2026-01-04 00:17:55.095 [INFO ] [DRUG] เริ่มดึงข้อมูลสำหรับ setting_id: 23, date: 2026-01-04 {"service":"websocket-server"}
2026-01-04 00:17:55.156 [INFO ] [DRUG] ดึง settings สำเร็จ - department_load: 38,39, style_voice: 2, voice: 3 {"service":"websocket-server"}
2026-01-04 00:17:55.180 [INFO ] [DRUG] ผลลัพธ์จาก DB - wait: 11, active: 0, call: ไม่มี, skip: 0 {"service":"websocket-server"}
2026-01-04 00:17:55.180 [INFO ] [DRUG] Sample wait item - visit_q_no: A004, dept_name: รอจัดยา, code_dept_id: 38 {"service":"websocket-server"}
2026-01-04 00:17:55.180 [INFO ] [DRUG] Unique dept_name values in wait data: {"0":"รอจัดยา","service":"websocket-server"}
2026-01-04 00:17:57.095 [INFO ] [DRUG] เริ่มดึงข้อมูลสำหรับ setting_id: 23, date: 2026-01-04 {"service":"websocket-server"}
2026-01-04 00:17:57.156 [INFO ] [DRUG] ดึง settings สำเร็จ - department_load: 38,39, style_voice: 2, voice: 3 {"service":"websocket-server"}
2026-01-04 00:17:57.181 [INFO ] [DRUG] ผลลัพธ์จาก DB - wait: 11, active: 0, call: ไม่มี, skip: 0 {"service":"websocket-server"}
2026-01-04 00:17:57.181 [INFO ] [DRUG] Sample wait item - visit_q_no: A004, dept_name: รอจัดยา, code_dept_id: 38 {"service":"websocket-server"}
2026-01-04 00:17:57.181 [INFO ] [DRUG] Unique dept_name values in wait data: {"0":"รอจัดยา","service":"websocket-server"}
2026-01-04 00:17:59.097 [INFO ] [DRUG] เริ่มดึงข้อมูลสำหรับ setting_id: 23, date: 2026-01-04 {"service":"websocket-server"}
2026-01-04 00:17:59.159 [INFO ] [DRUG] ดึง settings สำเร็จ - department_load: 38,39, style_voice: 2, voice: 3 {"service":"websocket-server"}
2026-01-04 00:17:59.182 [INFO ] [DRUG] ผลลัพธ์จาก DB - wait: 11, active: 0, call: ไม่มี, skip: 0 {"service":"websocket-server"}
2026-01-04 00:17:59.182 [INFO ] [DRUG] Sample wait item - visit_q_no: A004, dept_name: รอจัดยา, code_dept_id: 38 {"service":"websocket-server"}
2026-01-04 00:17:59.183 [INFO ] [DRUG] Unique dept_name values in wait data: {"0":"รอจัดยา","service":"websocket-server"}
2026-01-04 00:18:01.098 [INFO ] [DRUG] เริ่มดึงข้อมูลสำหรับ setting_id: 23, date: 2026-01-04 {"service":"websocket-server"}
2026-01-04 00:18:01.156 [INFO ] [DRUG] ดึง settings สำเร็จ - department_load: 38,39, style_voice: 2, voice: 3 {"service":"websocket-server"}
2026-01-04 00:18:01.178 [INFO ] [DRUG] ผลลัพธ์จาก DB - wait: 11, active: 0, call: ไม่มี, skip: 0 {"service":"websocket-server"}
2026-01-04 00:18:01.179 [INFO ] [DRUG] Sample wait item - visit_q_no: A004, dept_name: รอจัดยา, code_dept_id: 38 {"service":"websocket-server"}
2026-01-04 00:18:01.179 [INFO ] [DRUG] Unique dept_name values in wait data: {"0":"รอจัดยา","service":"websocket-server"}
2026-01-04 00:18:03.098 [INFO ] [DRUG] เริ่มดึงข้อมูลสำหรับ setting_id: 23, date: 2026-01-04 {"service":"websocket-server"}
2026-01-04 00:18:03.162 [INFO ] [DRUG] ดึง settings สำเร็จ - department_load: 38,39, style_voice: 2, voice: 3 {"service":"websocket-server"}
2026-01-04 00:18:03.185 [INFO ] [DRUG] ผลลัพธ์จาก DB - wait: 11, active: 0, call: ไม่มี, skip: 0 {"service":"websocket-server"}
2026-01-04 00:18:03.185 [INFO ] [DRUG] Sample wait item - visit_q_no: A004, dept_name: รอจัดยา, code_dept_id: 38 {"service":"websocket-server"}
2026-01-04 00:18:03.185 [INFO ] [DRUG] Unique dept_name values in wait data: {"0":"รอจัดยา","service":"websocket-server"}
2026-01-04 00:18:05.099 [INFO ] [DRUG] เริ่มดึงข้อมูลสำหรับ setting_id: 23, date: 2026-01-04 {"service":"websocket-server"}
2026-01-04 00:18:05.164 [INFO ] [DRUG] ดึง settings สำเร็จ - department_load: 38,39, style_voice: 2, voice: 3 {"service":"websocket-server"}
2026-01-04 00:18:05.187 [INFO ] [DRUG] ผลลัพธ์จาก DB - wait: 11, active: 0, call: ไม่มี, skip: 0 {"service":"websocket-server"}
2026-01-04 00:18:05.187 [INFO ] [DRUG] Sample wait item - visit_q_no: A004, dept_name: รอจัดยา, code_dept_id: 38 {"service":"websocket-server"}
2026-01-04 00:18:05.187 [INFO ] [DRUG] Unique dept_name values in wait data: {"0":"รอจัดยา","service":"websocket-server"}
2026-01-04 00:18:07.100 [INFO ] [DRUG] เริ่มดึงข้อมูลสำหรับ setting_id: 23, date: 2026-01-04 {"service":"websocket-server"}
2026-01-04 00:18:07.167 [INFO ] [DRUG] ดึง settings สำเร็จ - department_load: 38,39, style_voice: 2, voice: 3 {"service":"websocket-server"}
2026-01-04 00:18:07.189 [INFO ] [DRUG] ผลลัพธ์จาก DB - wait: 11, active: 0, call: ไม่มี, skip: 0 {"service":"websocket-server"}
2026-01-04 00:18:07.189 [INFO ] [DRUG] Sample wait item - visit_q_no: A004, dept_name: รอจัดยา, code_dept_id: 38 {"service":"websocket-server"}
2026-01-04 00:18:07.190 [INFO ] [DRUG] Unique dept_name values in wait data: {"0":"รอจัดยา","service":"websocket-server"}
2026-01-04 00:18:09.101 [INFO ] [DRUG] เริ่มดึงข้อมูลสำหรับ setting_id: 23, date: 2026-01-04 {"service":"websocket-server"}
2026-01-04 00:18:09.163 [INFO ] [DRUG] ดึง settings สำเร็จ - department_load: 38,39, style_voice: 2, voice: 3 {"service":"websocket-server"}
2026-01-04 00:18:09.185 [INFO ] [DRUG] ผลลัพธ์จาก DB - wait: 11, active: 0, call: ไม่มี, skip: 0 {"service":"websocket-server"}
2026-01-04 00:18:09.186 [INFO ] [DRUG] Sample wait item - visit_q_no: A004, dept_name: รอจัดยา, code_dept_id: 38 {"service":"websocket-server"}
2026-01-04 00:18:09.186 [INFO ] [DRUG] Unique dept_name values in wait data: {"0":"รอจัดยา","service":"websocket-server"}
2026-01-04 00:18:11.101 [INFO ] [DRUG] เริ่มดึงข้อมูลสำหรับ setting_id: 23, date: 2026-01-04 {"service":"websocket-server"}
2026-01-04 00:18:11.165 [INFO ] [DRUG] ดึง settings สำเร็จ - department_load: 38,39, style_voice: 2, voice: 3 {"service":"websocket-server"}
2026-01-04 00:18:11.188 [INFO ] [DRUG] ผลลัพธ์จาก DB - wait: 11, active: 0, call: ไม่มี, skip: 0 {"service":"websocket-server"}
2026-01-04 00:18:11.188 [INFO ] [DRUG] Sample wait item - visit_q_no: A004, dept_name: รอจัดยา, code_dept_id: 38 {"service":"websocket-server"}
2026-01-04 00:18:11.188 [INFO ] [DRUG] Unique dept_name values in wait data: {"0":"รอจัดยา","service":"websocket-server"}
2026-01-04 00:18:13.101 [INFO ] [DRUG] เริ่มดึงข้อมูลสำหรับ setting_id: 23, date: 2026-01-04 {"service":"websocket-server"}
2026-01-04 00:18:13.165 [INFO ] [DRUG] ดึง settings สำเร็จ - department_load: 38,39, style_voice: 2, voice: 3 {"service":"websocket-server"}
2026-01-04 00:18:13.189 [INFO ] [DRUG] ผลลัพธ์จาก DB - wait: 11, active: 0, call: ไม่มี, skip: 0 {"service":"websocket-server"}
2026-01-04 00:18:13.189 [INFO ] [DRUG] Sample wait item - visit_q_no: A004, dept_name: รอจัดยา, code_dept_id: 38 {"service":"websocket-server"}
2026-01-04 00:18:13.189 [INFO ] [DRUG] Unique dept_name values in wait data: {"0":"รอจัดยา","service":"websocket-server"}
2026-01-04 00:18:15.103 [INFO ] [DRUG] เริ่มดึงข้อมูลสำหรับ setting_id: 23, date: 2026-01-04 {"service":"websocket-server"}
2026-01-04 00:18:15.164 [INFO ] [DRUG] ดึง settings สำเร็จ - department_load: 38,39, style_voice: 2, voice: 3 {"service":"websocket-server"}
2026-01-04 00:18:15.190 [INFO ] [DRUG] ผลลัพธ์จาก DB - wait: 11, active: 0, call: ไม่มี, skip: 0 {"service":"websocket-server"}
2026-01-04 00:18:15.190 [INFO ] [DRUG] Sample wait item - visit_q_no: A004, dept_name: รอจัดยา, code_dept_id: 38 {"service":"websocket-server"}
2026-01-04 00:18:15.190 [INFO ] [DRUG] Unique dept_name values in wait data: {"0":"รอจัดยา","service":"websocket-server"}
2026-01-04 00:18:17.104 [INFO ] [DRUG] เริ่มดึงข้อมูลสำหรับ setting_id: 23, date: 2026-01-04 {"service":"websocket-server"}
2026-01-04 00:18:17.163 [INFO ] [DRUG] ดึง settings สำเร็จ - department_load: 38,39, style_voice: 2, voice: 3 {"service":"websocket-server"}
2026-01-04 00:18:17.186 [INFO ] [DRUG] ผลลัพธ์จาก DB - wait: 11, active: 0, call: ไม่มี, skip: 0 {"service":"websocket-server"}
2026-01-04 00:18:17.186 [INFO ] [DRUG] Sample wait item - visit_q_no: A004, dept_name: รอจัดยา, code_dept_id: 38 {"service":"websocket-server"}
2026-01-04 00:18:17.186 [INFO ] [DRUG] Unique dept_name values in wait data: {"0":"รอจัดยา","service":"websocket-server"}
2026-01-04 00:18:19.105 [INFO ] [DRUG] เริ่มดึงข้อมูลสำหรับ setting_id: 23, date: 2026-01-04 {"service":"websocket-server"}
2026-01-04 00:18:19.164 [INFO ] [DRUG] ดึง settings สำเร็จ - department_load: 38,39, style_voice: 2, voice: 3 {"service":"websocket-server"}
2026-01-04 00:18:19.186 [INFO ] [DRUG] ผลลัพธ์จาก DB - wait: 11, active: 0, call: ไม่มี, skip: 0 {"service":"websocket-server"}
2026-01-04 00:18:19.186 [INFO ] [DRUG] Sample wait item - visit_q_no: A004, dept_name: รอจัดยา, code_dept_id: 38 {"service":"websocket-server"}
2026-01-04 00:18:19.186 [INFO ] [DRUG] Unique dept_name values in wait data: {"0":"รอจัดยา","service":"websocket-server"}
2026-01-04 00:18:21.106 [INFO ] [DRUG] เริ่มดึงข้อมูลสำหรับ setting_id: 23, date: 2026-01-04 {"service":"websocket-server"}
2026-01-04 00:18:21.168 [INFO ] [DRUG] ดึง settings สำเร็จ - department_load: 38,39, style_voice: 2, voice: 3 {"service":"websocket-server"}
2026-01-04 00:18:21.193 [INFO ] [DRUG] ผลลัพธ์จาก DB - wait: 11, active: 0, call: ไม่มี, skip: 0 {"service":"websocket-server"}
2026-01-04 00:18:21.194 [INFO ] [DRUG] Sample wait item - visit_q_no: A004, dept_name: รอจัดยา, code_dept_id: 38 {"service":"websocket-server"}
2026-01-04 00:18:21.194 [INFO ] [DRUG] Unique dept_name values in wait data: {"0":"รอจัดยา","service":"websocket-server"}
2026-01-04 00:18:23.109 [INFO ] [DRUG] เริ่มดึงข้อมูลสำหรับ setting_id: 23, date: 2026-01-04 {"service":"websocket-server"}
2026-01-04 00:18:23.179 [INFO ] [DRUG] ดึง settings สำเร็จ - department_load: 38,39, style_voice: 2, voice: 3 {"service":"websocket-server"}
2026-01-04 00:18:23.203 [INFO ] [DRUG] ผลลัพธ์จาก DB - wait: 11, active: 0, call: ไม่มี, skip: 0 {"service":"websocket-server"}
2026-01-04 00:18:23.203 [INFO ] [DRUG] Sample wait item - visit_q_no: A004, dept_name: รอจัดยา, code_dept_id: 38 {"service":"websocket-server"}
2026-01-04 00:18:23.204 [INFO ] [DRUG] Unique dept_name values in wait data: {"0":"รอจัดยา","service":"websocket-server"}
2026-01-04 00:18:25.108 [INFO ] [DRUG] เริ่มดึงข้อมูลสำหรับ setting_id: 23, date: 2026-01-04 {"service":"websocket-server"}
2026-01-04 00:18:25.174 [INFO ] [DRUG] ดึง settings สำเร็จ - department_load: 38,39, style_voice: 2, voice: 3 {"service":"websocket-server"}
2026-01-04 00:18:25.198 [INFO ] [DRUG] ผลลัพธ์จาก DB - wait: 11, active: 0, call: ไม่มี, skip: 0 {"service":"websocket-server"}
2026-01-04 00:18:25.198 [INFO ] [DRUG] Sample wait item - visit_q_no: A004, dept_name: รอจัดยา, code_dept_id: 38 {"service":"websocket-server"}
2026-01-04 00:18:25.198 [INFO ] [DRUG] Unique dept_name values in wait data: {"0":"รอจัดยา","service":"websocket-server"}
2026-01-04 00:18:27.109 [INFO ] [DRUG] เริ่มดึงข้อมูลสำหรับ setting_id: 23, date: 2026-01-04 {"service":"websocket-server"}
2026-01-04 00:18:27.171 [INFO ] [DRUG] ดึง settings สำเร็จ - department_load: 38,39, style_voice: 2, voice: 3 {"service":"websocket-server"}
2026-01-04 00:18:27.196 [INFO ] [DRUG] ผลลัพธ์จาก DB - wait: 11, active: 0, call: ไม่มี, skip: 0 {"service":"websocket-server"}
2026-01-04 00:18:27.196 [INFO ] [DRUG] Sample wait item - visit_q_no: A004, dept_name: รอจัดยา, code_dept_id: 38 {"service":"websocket-server"}
2026-01-04 00:18:27.196 [INFO ] [DRUG] Unique dept_name values in wait data: {"0":"รอจัดยา","service":"websocket-server"}
2026-01-04 00:18:29.110 [INFO ] [DRUG] เริ่มดึงข้อมูลสำหรับ setting_id: 23, date: 2026-01-04 {"service":"websocket-server"}
2026-01-04 00:18:29.175 [INFO ] [DRUG] ดึง settings สำเร็จ - department_load: 38,39, style_voice: 2, voice: 3 {"service":"websocket-server"}
2026-01-04 00:18:29.200 [INFO ] [DRUG] ผลลัพธ์จาก DB - wait: 11, active: 0, call: ไม่มี, skip: 0 {"service":"websocket-server"}
2026-01-04 00:18:29.200 [INFO ] [DRUG] Sample wait item - visit_q_no: A004, dept_name: รอจัดยา, code_dept_id: 38 {"service":"websocket-server"}
2026-01-04 00:18:29.200 [INFO ] [DRUG] Unique dept_name values in wait data: {"0":"รอจัดยา","service":"websocket-server"}
2026-01-04 00:18:31.111 [INFO ] [DRUG] เริ่มดึงข้อมูลสำหรับ setting_id: 23, date: 2026-01-04 {"service":"websocket-server"}
2026-01-04 00:18:31.174 [INFO ] [DRUG] ดึง settings สำเร็จ - department_load: 38,39, style_voice: 2, voice: 3 {"service":"websocket-server"}
2026-01-04 00:18:31.200 [INFO ] [DRUG] ผลลัพธ์จาก DB - wait: 11, active: 0, call: ไม่มี, skip: 0 {"service":"websocket-server"}
2026-01-04 00:18:31.200 [INFO ] [DRUG] Sample wait item - visit_q_no: A004, dept_name: รอจัดยา, code_dept_id: 38 {"service":"websocket-server"}
2026-01-04 00:18:31.200 [INFO ] [DRUG] Unique dept_name values in wait data: {"0":"รอจัดยา","service":"websocket-server"}
2026-01-04 00:18:33.112 [INFO ] [DRUG] เริ่มดึงข้อมูลสำหรับ setting_id: 23, date: 2026-01-04 {"service":"websocket-server"}
2026-01-04 00:18:33.182 [INFO ] [DRUG] ดึง settings สำเร็จ - department_load: 38,39, style_voice: 2, voice: 3 {"service":"websocket-server"}
2026-01-04 00:18:33.207 [INFO ] [DRUG] ผลลัพธ์จาก DB - wait: 11, active: 0, call: ไม่มี, skip: 0 {"service":"websocket-server"}
2026-01-04 00:18:33.207 [INFO ] [DRUG] Sample wait item - visit_q_no: A004, dept_name: รอจัดยา, code_dept_id: 38 {"service":"websocket-server"}
2026-01-04 00:18:33.207 [INFO ] [DRUG] Unique dept_name values in wait data: {"0":"รอจัดยา","service":"websocket-server"}
2026-01-04 00:18:35.112 [INFO ] [DRUG] เริ่มดึงข้อมูลสำหรับ setting_id: 23, date: 2026-01-04 {"service":"websocket-server"}
2026-01-04 00:18:35.173 [INFO ] [DRUG] ดึง settings สำเร็จ - department_load: 38,39, style_voice: 2, voice: 3 {"service":"websocket-server"}
2026-01-04 00:18:35.197 [INFO ] [DRUG] ผลลัพธ์จาก DB - wait: 11, active: 0, call: ไม่มี, skip: 0 {"service":"websocket-server"}
2026-01-04 00:18:35.198 [INFO ] [DRUG] Sample wait item - visit_q_no: A004, dept_name: รอจัดยา, code_dept_id: 38 {"service":"websocket-server"}
2026-01-04 00:18:35.198 [INFO ] [DRUG] Unique dept_name values in wait data: {"0":"รอจัดยา","service":"websocket-server"}
2026-01-04 00:18:37.114 [INFO ] [DRUG] เริ่มดึงข้อมูลสำหรับ setting_id: 23, date: 2026-01-04 {"service":"websocket-server"}
2026-01-04 00:18:37.176 [INFO ] [DRUG] ดึง settings สำเร็จ - department_load: 38,39, style_voice: 2, voice: 3 {"service":"websocket-server"}
2026-01-04 00:18:37.200 [INFO ] [DRUG] ผลลัพธ์จาก DB - wait: 11, active: 0, call: ไม่มี, skip: 0 {"service":"websocket-server"}
2026-01-04 00:18:37.200 [INFO ] [DRUG] Sample wait item - visit_q_no: A004, dept_name: รอจัดยา, code_dept_id: 38 {"service":"websocket-server"}
2026-01-04 00:18:37.200 [INFO ] [DRUG] Unique dept_name values in wait data: {"0":"รอจัดยา","service":"websocket-server"}
2026-01-04 00:18:39.114 [INFO ] [DRUG] เริ่มดึงข้อมูลสำหรับ setting_id: 23, date: 2026-01-04 {"service":"websocket-server"}
2026-01-04 00:18:39.173 [INFO ] [DRUG] ดึง settings สำเร็จ - department_load: 38,39, style_voice: 2, voice: 3 {"service":"websocket-server"}
2026-01-04 00:18:39.196 [INFO ] [DRUG] ผลลัพธ์จาก DB - wait: 11, active: 0, call: ไม่มี, skip: 0 {"service":"websocket-server"}
2026-01-04 00:18:39.196 [INFO ] [DRUG] Sample wait item - visit_q_no: A004, dept_name: รอจัดยา, code_dept_id: 38 {"service":"websocket-server"}
2026-01-04 00:18:39.196 [INFO ] [DRUG] Unique dept_name values in wait data: {"0":"รอจัดยา","service":"websocket-server"}
2026-01-04 00:18:41.116 [INFO ] [DRUG] เริ่มดึงข้อมูลสำหรับ setting_id: 23, date: 2026-01-04 {"service":"websocket-server"}
2026-01-04 00:18:41.177 [INFO ] [DRUG] ดึง settings สำเร็จ - department_load: 38,39, style_voice: 2, voice: 3 {"service":"websocket-server"}
2026-01-04 00:18:41.203 [INFO ] [DRUG] ผลลัพธ์จาก DB - wait: 11, active: 0, call: ไม่มี, skip: 0 {"service":"websocket-server"}
2026-01-04 00:18:41.203 [INFO ] [DRUG] Sample wait item - visit_q_no: A004, dept_name: รอจัดยา, code_dept_id: 38 {"service":"websocket-server"}
2026-01-04 00:18:41.203 [INFO ] [DRUG] Unique dept_name values in wait data: {"0":"รอจัดยา","service":"websocket-server"}
2026-01-04 00:18:43.117 [INFO ] [DRUG] เริ่มดึงข้อมูลสำหรับ setting_id: 23, date: 2026-01-04 {"service":"websocket-server"}
2026-01-04 00:18:43.175 [INFO ] [DRUG] ดึง settings สำเร็จ - department_load: 38,39, style_voice: 2, voice: 3 {"service":"websocket-server"}
2026-01-04 00:18:43.198 [INFO ] [DRUG] ผลลัพธ์จาก DB - wait: 11, active: 0, call: ไม่มี, skip: 0 {"service":"websocket-server"}
2026-01-04 00:18:43.198 [INFO ] [DRUG] Sample wait item - visit_q_no: A004, dept_name: รอจัดยา, code_dept_id: 38 {"service":"websocket-server"}
2026-01-04 00:18:43.198 [INFO ] [DRUG] Unique dept_name values in wait data: {"0":"รอจัดยา","service":"websocket-server"}
2026-01-04 00:18:45.118 [INFO ] [DRUG] เริ่มดึงข้อมูลสำหรับ setting_id: 23, date: 2026-01-04 {"service":"websocket-server"}
2026-01-04 00:18:45.177 [INFO ] [DRUG] ดึง settings สำเร็จ - department_load: 38,39, style_voice: 2, voice: 3 {"service":"websocket-server"}
2026-01-04 00:18:45.200 [INFO ] [DRUG] ผลลัพธ์จาก DB - wait: 11, active: 0, call: ไม่มี, skip: 0 {"service":"websocket-server"}
2026-01-04 00:18:45.200 [INFO ] [DRUG] Sample wait item - visit_q_no: A004, dept_name: รอจัดยา, code_dept_id: 38 {"service":"websocket-server"}
2026-01-04 00:18:45.200 [INFO ] [DRUG] Unique dept_name values in wait data: {"0":"รอจัดยา","service":"websocket-server"}
2026-01-04 00:18:47.118 [INFO ] [DRUG] เริ่มดึงข้อมูลสำหรับ setting_id: 23, date: 2026-01-04 {"service":"websocket-server"}
2026-01-04 00:18:47.183 [INFO ] [DRUG] ดึง settings สำเร็จ - department_load: 38,39, style_voice: 2, voice: 3 {"service":"websocket-server"}
2026-01-04 00:18:47.208 [INFO ] [DRUG] ผลลัพธ์จาก DB - wait: 11, active: 0, call: ไม่มี, skip: 0 {"service":"websocket-server"}
2026-01-04 00:18:47.208 [INFO ] [DRUG] Sample wait item - visit_q_no: A004, dept_name: รอจัดยา, code_dept_id: 38 {"service":"websocket-server"}
2026-01-04 00:18:47.208 [INFO ] [DRUG] Unique dept_name values in wait data: {"0":"รอจัดยา","service":"websocket-server"}
2026-01-04 00:18:49.118 [INFO ] [DRUG] เริ่มดึงข้อมูลสำหรับ setting_id: 23, date: 2026-01-04 {"service":"websocket-server"}
2026-01-04 00:18:49.179 [INFO ] [DRUG] ดึง settings สำเร็จ - department_load: 38,39, style_voice: 2, voice: 3 {"service":"websocket-server"}
2026-01-04 00:18:49.205 [INFO ] [DRUG] ผลลัพธ์จาก DB - wait: 11, active: 0, call: ไม่มี, skip: 0 {"service":"websocket-server"}
2026-01-04 00:18:49.205 [INFO ] [DRUG] Sample wait item - visit_q_no: A004, dept_name: รอจัดยา, code_dept_id: 38 {"service":"websocket-server"}
2026-01-04 00:18:49.205 [INFO ] [DRUG] Unique dept_name values in wait data: {"0":"รอจัดยา","service":"websocket-server"}
2026-01-04 00:18:51.118 [INFO ] [DRUG] เริ่มดึงข้อมูลสำหรับ setting_id: 23, date: 2026-01-04 {"service":"websocket-server"}
2026-01-04 00:18:51.183 [INFO ] [DRUG] ดึง settings สำเร็จ - department_load: 38,39, style_voice: 2, voice: 3 {"service":"websocket-server"}
2026-01-04 00:18:51.205 [INFO ] [DRUG] ผลลัพธ์จาก DB - wait: 11, active: 0, call: ไม่มี, skip: 0 {"service":"websocket-server"}
2026-01-04 00:18:51.205 [INFO ] [DRUG] Sample wait item - visit_q_no: A004, dept_name: รอจัดยา, code_dept_id: 38 {"service":"websocket-server"}
2026-01-04 00:18:51.205 [INFO ] [DRUG] Unique dept_name values in wait data: {"0":"รอจัดยา","service":"websocket-server"}
2026-01-04 00:18:53.119 [INFO ] [DRUG] เริ่มดึงข้อมูลสำหรับ setting_id: 23, date: 2026-01-04 {"service":"websocket-server"}
2026-01-04 00:18:53.179 [INFO ] [DRUG] ดึง settings สำเร็จ - department_load: 38,39, style_voice: 2, voice: 3 {"service":"websocket-server"}
2026-01-04 00:18:53.202 [INFO ] [DRUG] ผลลัพธ์จาก DB - wait: 11, active: 0, call: ไม่มี, skip: 0 {"service":"websocket-server"}
2026-01-04 00:18:53.202 [INFO ] [DRUG] Sample wait item - visit_q_no: A004, dept_name: รอจัดยา, code_dept_id: 38 {"service":"websocket-server"}
2026-01-04 00:18:53.202 [INFO ] [DRUG] Unique dept_name values in wait data: {"0":"รอจัดยา","service":"websocket-server"}
2026-01-04 00:18:55.120 [INFO ] [DRUG] เริ่มดึงข้อมูลสำหรับ setting_id: 23, date: 2026-01-04 {"service":"websocket-server"}
2026-01-04 00:18:55.182 [INFO ] [DRUG] ดึง settings สำเร็จ - department_load: 38,39, style_voice: 2, voice: 3 {"service":"websocket-server"}
2026-01-04 00:18:55.205 [INFO ] [DRUG] ผลลัพธ์จาก DB - wait: 11, active: 0, call: ไม่มี, skip: 0 {"service":"websocket-server"}
2026-01-04 00:18:55.206 [INFO ] [DRUG] Sample wait item - visit_q_no: A004, dept_name: รอจัดยา, code_dept_id: 38 {"service":"websocket-server"}
2026-01-04 00:18:55.206 [INFO ] [DRUG] Unique dept_name values in wait data: {"0":"รอจัดยา","service":"websocket-server"}
2026-01-04 00:18:57.122 [INFO ] [DRUG] เริ่มดึงข้อมูลสำหรับ setting_id: 23, date: 2026-01-04 {"service":"websocket-server"}
2026-01-04 00:18:57.181 [INFO ] [DRUG] ดึง settings สำเร็จ - department_load: 38,39, style_voice: 2, voice: 3 {"service":"websocket-server"}
2026-01-04 00:18:57.209 [INFO ] [DRUG] ผลลัพธ์จาก DB - wait: 11, active: 0, call: ไม่มี, skip: 0 {"service":"websocket-server"}
2026-01-04 00:18:57.209 [INFO ] [DRUG] Sample wait item - visit_q_no: A004, dept_name: รอจัดยา, code_dept_id: 38 {"service":"websocket-server"}
2026-01-04 00:18:57.209 [INFO ] [DRUG] Unique dept_name values in wait data: {"0":"รอจัดยา","service":"websocket-server"}
2026-01-04 00:18:59.123 [INFO ] [DRUG] เริ่มดึงข้อมูลสำหรับ setting_id: 23, date: 2026-01-04 {"service":"websocket-server"}
2026-01-04 00:18:59.188 [INFO ] [DRUG] ดึง settings สำเร็จ - department_load: 38,39, style_voice: 2, voice: 3 {"service":"websocket-server"}
2026-01-04 00:18:59.212 [INFO ] [DRUG] ผลลัพธ์จาก DB - wait: 11, active: 0, call: ไม่มี, skip: 0 {"service":"websocket-server"}
2026-01-04 00:18:59.213 [INFO ] [DRUG] Sample wait item - visit_q_no: A004, dept_name: รอจัดยา, code_dept_id: 38 {"service":"websocket-server"}
2026-01-04 00:18:59.213 [INFO ] [DRUG] Unique dept_name values in wait data: {"0":"รอจัดยา","service":"websocket-server"}
2026-01-04 00:19:01.123 [INFO ] [DRUG] เริ่มดึงข้อมูลสำหรับ setting_id: 23, date: 2026-01-04 {"service":"websocket-server"}
2026-01-04 00:19:01.188 [INFO ] [DRUG] ดึง settings สำเร็จ - department_load: 38,39, style_voice: 2, voice: 3 {"service":"websocket-server"}
2026-01-04 00:19:01.214 [INFO ] [DRUG] ผลลัพธ์จาก DB - wait: 11, active: 0, call: ไม่มี, skip: 0 {"service":"websocket-server"}
2026-01-04 00:19:01.214 [INFO ] [DRUG] Sample wait item - visit_q_no: A004, dept_name: รอจัดยา, code_dept_id: 38 {"service":"websocket-server"}
2026-01-04 00:19:01.214 [INFO ] [DRUG] Unique dept_name values in wait data: {"0":"รอจัดยา","service":"websocket-server"}
2026-01-04 00:19:03.125 [INFO ] [DRUG] เริ่มดึงข้อมูลสำหรับ setting_id: 23, date: 2026-01-04 {"service":"websocket-server"}
2026-01-04 00:19:03.190 [INFO ] [DRUG] ดึง settings สำเร็จ - department_load: 38,39, style_voice: 2, voice: 3 {"service":"websocket-server"}
2026-01-04 00:19:03.212 [INFO ] [DRUG] ผลลัพธ์จาก DB - wait: 11, active: 0, call: ไม่มี, skip: 0 {"service":"websocket-server"}
2026-01-04 00:19:03.213 [INFO ] [DRUG] Sample wait item - visit_q_no: A004, dept_name: รอจัดยา, code_dept_id: 38 {"service":"websocket-server"}
2026-01-04 00:19:03.213 [INFO ] [DRUG] Unique dept_name values in wait data: {"0":"รอจัดยา","service":"websocket-server"}
2026-01-04 00:19:05.126 [INFO ] [DRUG] เริ่มดึงข้อมูลสำหรับ setting_id: 23, date: 2026-01-04 {"service":"websocket-server"}
2026-01-04 00:19:05.190 [INFO ] [DRUG] ดึง settings สำเร็จ - department_load: 38,39, style_voice: 2, voice: 3 {"service":"websocket-server"}
2026-01-04 00:19:05.216 [INFO ] [DRUG] ผลลัพธ์จาก DB - wait: 11, active: 0, call: ไม่มี, skip: 0 {"service":"websocket-server"}
2026-01-04 00:19:05.216 [INFO ] [DRUG] Sample wait item - visit_q_no: A004, dept_name: รอจัดยา, code_dept_id: 38 {"service":"websocket-server"}
2026-01-04 00:19:05.216 [INFO ] [DRUG] Unique dept_name values in wait data: {"0":"รอจัดยา","service":"websocket-server"}
2026-01-04 00:19:07.126 [INFO ] [DRUG] เริ่มดึงข้อมูลสำหรับ setting_id: 23, date: 2026-01-04 {"service":"websocket-server"}
2026-01-04 00:19:07.188 [INFO ] [DRUG] ดึง settings สำเร็จ - department_load: 38,39, style_voice: 2, voice: 3 {"service":"websocket-server"}
2026-01-04 00:19:07.214 [INFO ] [DRUG] ผลลัพธ์จาก DB - wait: 11, active: 0, call: ไม่มี, skip: 0 {"service":"websocket-server"}
2026-01-04 00:19:07.214 [INFO ] [DRUG] Sample wait item - visit_q_no: A004, dept_name: รอจัดยา, code_dept_id: 38 {"service":"websocket-server"}
2026-01-04 00:19:07.215 [INFO ] [DRUG] Unique dept_name values in wait data: {"0":"รอจัดยา","service":"websocket-server"}
2026-01-04 00:19:09.127 [INFO ] [DRUG] เริ่มดึงข้อมูลสำหรับ setting_id: 23, date: 2026-01-04 {"service":"websocket-server"}
2026-01-04 00:19:09.188 [INFO ] [DRUG] ดึง settings สำเร็จ - department_load: 38,39, style_voice: 2, voice: 3 {"service":"websocket-server"}
2026-01-04 00:19:09.212 [INFO ] [DRUG] ผลลัพธ์จาก DB - wait: 11, active: 0, call: ไม่มี, skip: 0 {"service":"websocket-server"}
2026-01-04 00:19:09.213 [INFO ] [DRUG] Sample wait item - visit_q_no: A004, dept_name: รอจัดยา, code_dept_id: 38 {"service":"websocket-server"}
2026-01-04 00:19:09.213 [INFO ] [DRUG] Unique dept_name values in wait data: {"0":"รอจัดยา","service":"websocket-server"}
2026-01-04 00:19:11.128 [INFO ] [DRUG] เริ่มดึงข้อมูลสำหรับ setting_id: 23, date: 2026-01-04 {"service":"websocket-server"}
2026-01-04 00:19:11.190 [INFO ] [DRUG] ดึง settings สำเร็จ - department_load: 38,39, style_voice: 2, voice: 3 {"service":"websocket-server"}
2026-01-04 00:19:11.215 [INFO ] [DRUG] ผลลัพธ์จาก DB - wait: 11, active: 0, call: ไม่มี, skip: 0 {"service":"websocket-server"}
2026-01-04 00:19:11.216 [INFO ] [DRUG] Sample wait item - visit_q_no: A004, dept_name: รอจัดยา, code_dept_id: 38 {"service":"websocket-server"}
2026-01-04 00:19:11.216 [INFO ] [DRUG] Unique dept_name values in wait data: {"0":"รอจัดยา","service":"websocket-server"}
2026-01-04 00:19:13.128 [INFO ] [DRUG] เริ่มดึงข้อมูลสำหรับ setting_id: 23, date: 2026-01-04 {"service":"websocket-server"}
2026-01-04 00:19:13.189 [INFO ] [DRUG] ดึง settings สำเร็จ - department_load: 38,39, style_voice: 2, voice: 3 {"service":"websocket-server"}
2026-01-04 00:19:13.212 [INFO ] [DRUG] ผลลัพธ์จาก DB - wait: 11, active: 0, call: ไม่มี, skip: 0 {"service":"websocket-server"}
2026-01-04 00:19:13.212 [INFO ] [DRUG] Sample wait item - visit_q_no: A004, dept_name: รอจัดยา, code_dept_id: 38 {"service":"websocket-server"}
2026-01-04 00:19:13.212 [INFO ] [DRUG] Unique dept_name values in wait data: {"0":"รอจัดยา","service":"websocket-server"}
2026-01-04 00:19:15.129 [INFO ] [DRUG] เริ่มดึงข้อมูลสำหรับ setting_id: 23, date: 2026-01-04 {"service":"websocket-server"}
2026-01-04 00:19:15.193 [INFO ] [DRUG] ดึง settings สำเร็จ - department_load: 38,39, style_voice: 2, voice: 3 {"service":"websocket-server"}
2026-01-04 00:19:15.217 [INFO ] [DRUG] ผลลัพธ์จาก DB - wait: 11, active: 0, call: ไม่มี, skip: 0 {"service":"websocket-server"}
2026-01-04 00:19:15.217 [INFO ] [DRUG] Sample wait item - visit_q_no: A004, dept_name: รอจัดยา, code_dept_id: 38 {"service":"websocket-server"}
2026-01-04 00:19:15.217 [INFO ] [DRUG] Unique dept_name values in wait data: {"0":"รอจัดยา","service":"websocket-server"}
2026-01-04 00:19:17.131 [INFO ] [DRUG] เริ่มดึงข้อมูลสำหรับ setting_id: 23, date: 2026-01-04 {"service":"websocket-server"}
2026-01-04 00:19:17.200 [INFO ] [DRUG] ดึง settings สำเร็จ - department_load: 38,39, style_voice: 2, voice: 3 {"service":"websocket-server"}
2026-01-04 00:19:17.225 [INFO ] [DRUG] ผลลัพธ์จาก DB - wait: 11, active: 0, call: ไม่มี, skip: 0 {"service":"websocket-server"}
2026-01-04 00:19:17.225 [INFO ] [DRUG] Sample wait item - visit_q_no: A004, dept_name: รอจัดยา, code_dept_id: 38 {"service":"websocket-server"}
2026-01-04 00:19:17.226 [INFO ] [DRUG] Unique dept_name values in wait data: {"0":"รอจัดยา","service":"websocket-server"}
2026-01-04 00:19:19.132 [INFO ] [DRUG] เริ่มดึงข้อมูลสำหรับ setting_id: 23, date: 2026-01-04 {"service":"websocket-server"}
2026-01-04 00:19:19.193 [INFO ] [DRUG] ดึง settings สำเร็จ - department_load: 38,39, style_voice: 2, voice: 3 {"service":"websocket-server"}
2026-01-04 00:19:19.219 [INFO ] [DRUG] ผลลัพธ์จาก DB - wait: 11, active: 0, call: ไม่มี, skip: 0 {"service":"websocket-server"}
2026-01-04 00:19:19.220 [INFO ] [DRUG] Sample wait item - visit_q_no: A004, dept_name: รอจัดยา, code_dept_id: 38 {"service":"websocket-server"}
2026-01-04 00:19:19.220 [INFO ] [DRUG] Unique dept_name values in wait data: {"0":"รอจัดยา","service":"websocket-server"}
2026-01-04 00:19:21.133 [INFO ] [DRUG] เริ่มดึงข้อมูลสำหรับ setting_id: 23, date: 2026-01-04 {"service":"websocket-server"}
2026-01-04 00:19:21.196 [INFO ] [DRUG] ดึง settings สำเร็จ - department_load: 38,39, style_voice: 2, voice: 3 {"service":"websocket-server"}
2026-01-04 00:19:21.218 [INFO ] [DRUG] ผลลัพธ์จาก DB - wait: 11, active: 0, call: ไม่มี, skip: 0 {"service":"websocket-server"}
2026-01-04 00:19:21.218 [INFO ] [DRUG] Sample wait item - visit_q_no: A004, dept_name: รอจัดยา, code_dept_id: 38 {"service":"websocket-server"}
2026-01-04 00:19:21.218 [INFO ] [DRUG] Unique dept_name values in wait data: {"0":"รอจัดยา","service":"websocket-server"}
2026-01-04 00:19:23.134 [INFO ] [DRUG] เริ่มดึงข้อมูลสำหรับ setting_id: 23, date: 2026-01-04 {"service":"websocket-server"}
2026-01-04 00:19:23.202 [INFO ] [DRUG] ดึง settings สำเร็จ - department_load: 38,39, style_voice: 2, voice: 3 {"service":"websocket-server"}
2026-01-04 00:19:23.224 [INFO ] [DRUG] ผลลัพธ์จาก DB - wait: 11, active: 0, call: ไม่มี, skip: 0 {"service":"websocket-server"}
2026-01-04 00:19:23.225 [INFO ] [DRUG] Sample wait item - visit_q_no: A004, dept_name: รอจัดยา, code_dept_id: 38 {"service":"websocket-server"}
2026-01-04 00:19:23.225 [INFO ] [DRUG] Unique dept_name values in wait data: {"0":"รอจัดยา","service":"websocket-server"}
2026-01-04 00:19:25.135 [INFO ] [DRUG] เริ่มดึงข้อมูลสำหรับ setting_id: 23, date: 2026-01-04 {"service":"websocket-server"}
2026-01-04 00:19:25.200 [INFO ] [DRUG] ดึง settings สำเร็จ - department_load: 38,39, style_voice: 2, voice: 3 {"service":"websocket-server"}
2026-01-04 00:19:25.223 [INFO ] [DRUG] ผลลัพธ์จาก DB - wait: 11, active: 0, call: ไม่มี, skip: 0 {"service":"websocket-server"}
2026-01-04 00:19:25.223 [INFO ] [DRUG] Sample wait item - visit_q_no: A004, dept_name: รอจัดยา, code_dept_id: 38 {"service":"websocket-server"}
2026-01-04 00:19:25.224 [INFO ] [DRUG] Unique dept_name values in wait data: {"0":"รอจัดยา","service":"websocket-server"}
2026-01-04 00:19:27.136 [INFO ] [DRUG] เริ่มดึงข้อมูลสำหรับ setting_id: 23, date: 2026-01-04 {"service":"websocket-server"}
2026-01-04 00:19:27.197 [INFO ] [DRUG] ดึง settings สำเร็จ - department_load: 38,39, style_voice: 2, voice: 3 {"service":"websocket-server"}
2026-01-04 00:19:27.221 [INFO ] [DRUG] ผลลัพธ์จาก DB - wait: 11, active: 0, call: ไม่มี, skip: 0 {"service":"websocket-server"}
2026-01-04 00:19:27.221 [INFO ] [DRUG] Sample wait item - visit_q_no: A004, dept_name: รอจัดยา, code_dept_id: 38 {"service":"websocket-server"}
2026-01-04 00:19:27.221 [INFO ] [DRUG] Unique dept_name values in wait data: {"0":"รอจัดยา","service":"websocket-server"}
2026-01-04 00:19:29.137 [INFO ] [DRUG] เริ่มดึงข้อมูลสำหรับ setting_id: 23, date: 2026-01-04 {"service":"websocket-server"}
2026-01-04 00:19:29.203 [INFO ] [DRUG] ดึง settings สำเร็จ - department_load: 38,39, style_voice: 2, voice: 3 {"service":"websocket-server"}
2026-01-04 00:19:29.229 [INFO ] [DRUG] ผลลัพธ์จาก DB - wait: 11, active: 0, call: ไม่มี, skip: 0 {"service":"websocket-server"}
2026-01-04 00:19:29.229 [INFO ] [DRUG] Sample wait item - visit_q_no: A004, dept_name: รอจัดยา, code_dept_id: 38 {"service":"websocket-server"}
2026-01-04 00:19:29.229 [INFO ] [DRUG] Unique dept_name values in wait data: {"0":"รอจัดยา","service":"websocket-server"}
2026-01-04 00:19:31.138 [INFO ] [DRUG] เริ่มดึงข้อมูลสำหรับ setting_id: 23, date: 2026-01-04 {"service":"websocket-server"}
2026-01-04 00:19:31.202 [INFO ] [DRUG] ดึง settings สำเร็จ - department_load: 38,39, style_voice: 2, voice: 3 {"service":"websocket-server"}
2026-01-04 00:19:31.227 [INFO ] [DRUG] ผลลัพธ์จาก DB - wait: 11, active: 0, call: ไม่มี, skip: 0 {"service":"websocket-server"}
2026-01-04 00:19:31.228 [INFO ] [DRUG] Sample wait item - visit_q_no: A004, dept_name: รอจัดยา, code_dept_id: 38 {"service":"websocket-server"}
2026-01-04 00:19:31.228 [INFO ] [DRUG] Unique dept_name values in wait data: {"0":"รอจัดยา","service":"websocket-server"}
2026-01-04 00:19:33.139 [INFO ] [DRUG] เริ่มดึงข้อมูลสำหรับ setting_id: 23, date: 2026-01-04 {"service":"websocket-server"}
2026-01-04 00:19:33.202 [INFO ] [DRUG] ดึง settings สำเร็จ - department_load: 38,39, style_voice: 2, voice: 3 {"service":"websocket-server"}
2026-01-04 00:19:33.228 [INFO ] [DRUG] ผลลัพธ์จาก DB - wait: 11, active: 0, call: ไม่มี, skip: 0 {"service":"websocket-server"}
2026-01-04 00:19:33.228 [INFO ] [DRUG] Sample wait item - visit_q_no: A004, dept_name: รอจัดยา, code_dept_id: 38 {"service":"websocket-server"}
2026-01-04 00:19:33.228 [INFO ] [DRUG] Unique dept_name values in wait data: {"0":"รอจัดยา","service":"websocket-server"}
2026-01-04 00:19:35.140 [INFO ] [DRUG] เริ่มดึงข้อมูลสำหรับ setting_id: 23, date: 2026-01-04 {"service":"websocket-server"}
2026-01-04 00:19:35.204 [INFO ] [DRUG] ดึง settings สำเร็จ - department_load: 38,39, style_voice: 2, voice: 3 {"service":"websocket-server"}
2026-01-04 00:19:35.227 [INFO ] [DRUG] ผลลัพธ์จาก DB - wait: 11, active: 0, call: ไม่มี, skip: 0 {"service":"websocket-server"}
2026-01-04 00:19:35.227 [INFO ] [DRUG] Sample wait item - visit_q_no: A004, dept_name: รอจัดยา, code_dept_id: 38 {"service":"websocket-server"}
2026-01-04 00:19:35.227 [INFO ] [DRUG] Unique dept_name values in wait data: {"0":"รอจัดยา","service":"websocket-server"}
2026-01-04 00:19:37.141 [INFO ] [DRUG] เริ่มดึงข้อมูลสำหรับ setting_id: 23, date: 2026-01-04 {"service":"websocket-server"}
2026-01-04 00:19:37.205 [INFO ] [DRUG] ดึง settings สำเร็จ - department_load: 38,39, style_voice: 2, voice: 3 {"service":"websocket-server"}
2026-01-04 00:19:37.229 [INFO ] [DRUG] ผลลัพธ์จาก DB - wait: 11, active: 0, call: ไม่มี, skip: 0 {"service":"websocket-server"}
2026-01-04 00:19:37.229 [INFO ] [DRUG] Sample wait item - visit_q_no: A004, dept_name: รอจัดยา, code_dept_id: 38 {"service":"websocket-server"}
2026-01-04 00:19:37.230 [INFO ] [DRUG] Unique dept_name values in wait data: {"0":"รอจัดยา","service":"websocket-server"}
2026-01-04 00:19:39.142 [INFO ] [DRUG] เริ่มดึงข้อมูลสำหรับ setting_id: 23, date: 2026-01-04 {"service":"websocket-server"}
2026-01-04 00:19:39.204 [INFO ] [DRUG] ดึง settings สำเร็จ - department_load: 38,39, style_voice: 2, voice: 3 {"service":"websocket-server"}
2026-01-04 00:19:39.227 [INFO ] [DRUG] ผลลัพธ์จาก DB - wait: 11, active: 0, call: ไม่มี, skip: 0 {"service":"websocket-server"}
2026-01-04 00:19:39.228 [INFO ] [DRUG] Sample wait item - visit_q_no: A004, dept_name: รอจัดยา, code_dept_id: 38 {"service":"websocket-server"}
2026-01-04 00:19:39.228 [INFO ] [DRUG] Unique dept_name values in wait data: {"0":"รอจัดยา","service":"websocket-server"}
2026-01-04 00:19:41.143 [INFO ] [DRUG] เริ่มดึงข้อมูลสำหรับ setting_id: 23, date: 2026-01-04 {"service":"websocket-server"}
2026-01-04 00:19:41.207 [INFO ] [DRUG] ดึง settings สำเร็จ - department_load: 38,39, style_voice: 2, voice: 3 {"service":"websocket-server"}
2026-01-04 00:19:41.231 [INFO ] [DRUG] ผลลัพธ์จาก DB - wait: 11, active: 0, call: ไม่มี, skip: 0 {"service":"websocket-server"}
2026-01-04 00:19:41.232 [INFO ] [DRUG] Sample wait item - visit_q_no: A004, dept_name: รอจัดยา, code_dept_id: 38 {"service":"websocket-server"}
2026-01-04 00:19:41.232 [INFO ] [DRUG] Unique dept_name values in wait data: {"0":"รอจัดยา","service":"websocket-server"}
2026-01-04 00:19:43.144 [INFO ] [DRUG] เริ่มดึงข้อมูลสำหรับ setting_id: 23, date: 2026-01-04 {"service":"websocket-server"}
2026-01-04 00:19:43.212 [INFO ] [DRUG] ดึง settings สำเร็จ - department_load: 38,39, style_voice: 2, voice: 3 {"service":"websocket-server"}
2026-01-04 00:19:43.238 [INFO ] [DRUG] ผลลัพธ์จาก DB - wait: 11, active: 0, call: ไม่มี, skip: 0 {"service":"websocket-server"}
2026-01-04 00:19:43.238 [INFO ] [DRUG] Sample wait item - visit_q_no: A004, dept_name: รอจัดยา, code_dept_id: 38 {"service":"websocket-server"}
2026-01-04 00:19:43.238 [INFO ] [DRUG] Unique dept_name values in wait data: {"0":"รอจัดยา","service":"websocket-server"}
2026-01-04 00:19:45.145 [INFO ] [DRUG] เริ่มดึงข้อมูลสำหรับ setting_id: 23, date: 2026-01-04 {"service":"websocket-server"}
2026-01-04 00:19:45.208 [INFO ] [DRUG] ดึง settings สำเร็จ - department_load: 38,39, style_voice: 2, voice: 3 {"service":"websocket-server"}
2026-01-04 00:19:45.232 [INFO ] [DRUG] ผลลัพธ์จาก DB - wait: 11, active: 0, call: ไม่มี, skip: 0 {"service":"websocket-server"}
2026-01-04 00:19:45.232 [INFO ] [DRUG] Sample wait item - visit_q_no: A004, dept_name: รอจัดยา, code_dept_id: 38 {"service":"websocket-server"}
2026-01-04 00:19:45.232 [INFO ] [DRUG] Unique dept_name values in wait data: {"0":"รอจัดยา","service":"websocket-server"}
2026-01-04 00:19:47.146 [INFO ] [DRUG] เริ่มดึงข้อมูลสำหรับ setting_id: 23, date: 2026-01-04 {"service":"websocket-server"}
2026-01-04 00:19:47.208 [INFO ] [DRUG] ดึง settings สำเร็จ - department_load: 38,39, style_voice: 2, voice: 3 {"service":"websocket-server"}
2026-01-04 00:19:47.232 [INFO ] [DRUG] ผลลัพธ์จาก DB - wait: 11, active: 0, call: ไม่มี, skip: 0 {"service":"websocket-server"}
2026-01-04 00:19:47.232 [INFO ] [DRUG] Sample wait item - visit_q_no: A004, dept_name: รอจัดยา, code_dept_id: 38 {"service":"websocket-server"}
2026-01-04 00:19:47.233 [INFO ] [DRUG] Unique dept_name values in wait data: {"0":"รอจัดยา","service":"websocket-server"}
2026-01-04 00:19:49.147 [INFO ] [DRUG] เริ่มดึงข้อมูลสำหรับ setting_id: 23, date: 2026-01-04 {"service":"websocket-server"}
2026-01-04 00:19:49.210 [INFO ] [DRUG] ดึง settings สำเร็จ - department_load: 38,39, style_voice: 2, voice: 3 {"service":"websocket-server"}
2026-01-04 00:19:49.236 [INFO ] [DRUG] ผลลัพธ์จาก DB - wait: 11, active: 0, call: ไม่มี, skip: 0 {"service":"websocket-server"}
2026-01-04 00:19:49.236 [INFO ] [DRUG] Sample wait item - visit_q_no: A004, dept_name: รอจัดยา, code_dept_id: 38 {"service":"websocket-server"}
2026-01-04 00:19:49.236 [INFO ] [DRUG] Unique dept_name values in wait data: {"0":"รอจัดยา","service":"websocket-server"}
2026-01-04 00:19:51.148 [INFO ] [DRUG] เริ่มดึงข้อมูลสำหรับ setting_id: 23, date: 2026-01-04 {"service":"websocket-server"}
2026-01-04 00:19:51.213 [INFO ] [DRUG] ดึง settings สำเร็จ - department_load: 38,39, style_voice: 2, voice: 3 {"service":"websocket-server"}
2026-01-04 00:19:51.237 [INFO ] [DRUG] ผลลัพธ์จาก DB - wait: 11, active: 0, call: ไม่มี, skip: 0 {"service":"websocket-server"}
2026-01-04 00:19:51.237 [INFO ] [DRUG] Sample wait item - visit_q_no: A004, dept_name: รอจัดยา, code_dept_id: 38 {"service":"websocket-server"}
2026-01-04 00:19:51.237 [INFO ] [DRUG] Unique dept_name values in wait data: {"0":"รอจัดยา","service":"websocket-server"}
2026-01-04 00:19:53.149 [INFO ] [DRUG] เริ่มดึงข้อมูลสำหรับ setting_id: 23, date: 2026-01-04 {"service":"websocket-server"}
2026-01-04 00:19:53.216 [INFO ] [DRUG] ดึง settings สำเร็จ - department_load: 38,39, style_voice: 2, voice: 3 {"service":"websocket-server"}
2026-01-04 00:19:53.239 [INFO ] [DRUG] ผลลัพธ์จาก DB - wait: 11, active: 0, call: ไม่มี, skip: 0 {"service":"websocket-server"}
2026-01-04 00:19:53.239 [INFO ] [DRUG] Sample wait item - visit_q_no: A004, dept_name: รอจัดยา, code_dept_id: 38 {"service":"websocket-server"}
2026-01-04 00:19:53.240 [INFO ] [DRUG] Unique dept_name values in wait data: {"0":"รอจัดยา","service":"websocket-server"}
2026-01-04 00:19:55.150 [INFO ] [DRUG] เริ่มดึงข้อมูลสำหรับ setting_id: 23, date: 2026-01-04 {"service":"websocket-server"}
2026-01-04 00:19:55.213 [INFO ] [DRUG] ดึง settings สำเร็จ - department_load: 38,39, style_voice: 2, voice: 3 {"service":"websocket-server"}
2026-01-04 00:19:55.239 [INFO ] [DRUG] ผลลัพธ์จาก DB - wait: 11, active: 0, call: ไม่มี, skip: 0 {"service":"websocket-server"}
2026-01-04 00:19:55.239 [INFO ] [DRUG] Sample wait item - visit_q_no: A004, dept_name: รอจัดยา, code_dept_id: 38 {"service":"websocket-server"}
2026-01-04 00:19:55.239 [INFO ] [DRUG] Unique dept_name values in wait data: {"0":"รอจัดยา","service":"websocket-server"}
2026-01-04 00:19:57.150 [INFO ] [DRUG] เริ่มดึงข้อมูลสำหรับ setting_id: 23, date: 2026-01-04 {"service":"websocket-server"}
2026-01-04 00:19:57.219 [INFO ] [DRUG] ดึง settings สำเร็จ - department_load: 38,39, style_voice: 2, voice: 3 {"service":"websocket-server"}
2026-01-04 00:19:57.245 [INFO ] [DRUG] ผลลัพธ์จาก DB - wait: 11, active: 0, call: ไม่มี, skip: 0 {"service":"websocket-server"}
2026-01-04 00:19:57.245 [INFO ] [DRUG] Sample wait item - visit_q_no: A004, dept_name: รอจัดยา, code_dept_id: 38 {"service":"websocket-server"}
2026-01-04 00:19:57.245 [INFO ] [DRUG] Unique dept_name values in wait data: {"0":"รอจัดยา","service":"websocket-server"}
2026-01-04 00:19:59.151 [INFO ] [DRUG] เริ่มดึงข้อมูลสำหรับ setting_id: 23, date: 2026-01-04 {"service":"websocket-server"}
2026-01-04 00:19:59.215 [INFO ] [DRUG] ดึง settings สำเร็จ - department_load: 38,39, style_voice: 2, voice: 3 {"service":"websocket-server"}
2026-01-04 00:19:59.240 [INFO ] [DRUG] ผลลัพธ์จาก DB - wait: 11, active: 0, call: ไม่มี, skip: 0 {"service":"websocket-server"}
2026-01-04 00:19:59.241 [INFO ] [DRUG] Sample wait item - visit_q_no: A004, dept_name: รอจัดยา, code_dept_id: 38 {"service":"websocket-server"}
2026-01-04 00:19:59.241 [INFO ] [DRUG] Unique dept_name values in wait data: {"0":"รอจัดยา","service":"websocket-server"}
2026-01-04 00:20:01.152 [INFO ] [DRUG] เริ่มดึงข้อมูลสำหรับ setting_id: 23, date: 2026-01-04 {"service":"websocket-server"}
2026-01-04 00:20:01.217 [INFO ] [DRUG] ดึง settings สำเร็จ - department_load: 38,39, style_voice: 2, voice: 3 {"service":"websocket-server"}
2026-01-04 00:20:01.242 [INFO ] [DRUG] ผลลัพธ์จาก DB - wait: 11, active: 0, call: ไม่มี, skip: 0 {"service":"websocket-server"}
2026-01-04 00:20:01.243 [INFO ] [DRUG] Sample wait item - visit_q_no: A004, dept_name: รอจัดยา, code_dept_id: 38 {"service":"websocket-server"}
2026-01-04 00:20:01.243 [INFO ] [DRUG] Unique dept_name values in wait data: {"0":"รอจัดยา","service":"websocket-server"}
2026-01-04 00:20:03.153 [INFO ] [DRUG] เริ่มดึงข้อมูลสำหรับ setting_id: 23, date: 2026-01-04 {"service":"websocket-server"}
2026-01-04 00:20:03.220 [INFO ] [DRUG] ดึง settings สำเร็จ - department_load: 38,39, style_voice: 2, voice: 3 {"service":"websocket-server"}
2026-01-04 00:20:03.243 [INFO ] [DRUG] ผลลัพธ์จาก DB - wait: 11, active: 0, call: ไม่มี, skip: 0 {"service":"websocket-server"}
2026-01-04 00:20:03.244 [INFO ] [DRUG] Sample wait item - visit_q_no: A004, dept_name: รอจัดยา, code_dept_id: 38 {"service":"websocket-server"}
2026-01-04 00:20:03.244 [INFO ] [DRUG] Unique dept_name values in wait data: {"0":"รอจัดยา","service":"websocket-server"}
2026-01-04 00:20:05.154 [INFO ] [DRUG] เริ่มดึงข้อมูลสำหรับ setting_id: 23, date: 2026-01-04 {"service":"websocket-server"}
2026-01-04 00:20:05.217 [INFO ] [DRUG] ดึง settings สำเร็จ - department_load: 38,39, style_voice: 2, voice: 3 {"service":"websocket-server"}
2026-01-04 00:20:05.240 [INFO ] [DRUG] ผลลัพธ์จาก DB - wait: 11, active: 0, call: ไม่มี, skip: 0 {"service":"websocket-server"}
2026-01-04 00:20:05.240 [INFO ] [DRUG] Sample wait item - visit_q_no: A004, dept_name: รอจัดยา, code_dept_id: 38 {"service":"websocket-server"}
2026-01-04 00:20:05.240 [INFO ] [DRUG] Unique dept_name values in wait data: {"0":"รอจัดยา","service":"websocket-server"}
2026-01-04 00:20:07.154 [INFO ] [DRUG] เริ่มดึงข้อมูลสำหรับ setting_id: 23, date: 2026-01-04 {"service":"websocket-server"}
2026-01-04 00:20:07.217 [INFO ] [DRUG] ดึง settings สำเร็จ - department_load: 38,39, style_voice: 2, voice: 3 {"service":"websocket-server"}
2026-01-04 00:20:07.244 [INFO ] [DRUG] ผลลัพธ์จาก DB - wait: 11, active: 0, call: ไม่มี, skip: 0 {"service":"websocket-server"}
2026-01-04 00:20:07.244 [INFO ] [DRUG] Sample wait item - visit_q_no: A004, dept_name: รอจัดยา, code_dept_id: 38 {"service":"websocket-server"}
2026-01-04 00:20:07.244 [INFO ] [DRUG] Unique dept_name values in wait data: {"0":"รอจัดยา","service":"websocket-server"}
2026-01-04 00:20:09.155 [INFO ] [DRUG] เริ่มดึงข้อมูลสำหรับ setting_id: 23, date: 2026-01-04 {"service":"websocket-server"}
2026-01-04 00:20:09.218 [INFO ] [DRUG] ดึง settings สำเร็จ - department_load: 38,39, style_voice: 2, voice: 3 {"service":"websocket-server"}
2026-01-04 00:20:09.239 [INFO ] [DRUG] ผลลัพธ์จาก DB - wait: 11, active: 0, call: ไม่มี, skip: 0 {"service":"websocket-server"}
2026-01-04 00:20:09.239 [INFO ] [DRUG] Sample wait item - visit_q_no: A004, dept_name: รอจัดยา, code_dept_id: 38 {"service":"websocket-server"}
2026-01-04 00:20:09.239 [INFO ] [DRUG] Unique dept_name values in wait data: {"0":"รอจัดยา","service":"websocket-server"}
2026-01-04 00:20:11.155 [INFO ] [DRUG] เริ่มดึงข้อมูลสำหรับ setting_id: 23, date: 2026-01-04 {"service":"websocket-server"}
2026-01-04 00:20:11.218 [INFO ] [DRUG] ดึง settings สำเร็จ - department_load: 38,39, style_voice: 2, voice: 3 {"service":"websocket-server"}
2026-01-04 00:20:11.242 [INFO ] [DRUG] ผลลัพธ์จาก DB - wait: 11, active: 0, call: ไม่มี, skip: 0 {"service":"websocket-server"}
2026-01-04 00:20:11.242 [INFO ] [DRUG] Sample wait item - visit_q_no: A004, dept_name: รอจัดยา, code_dept_id: 38 {"service":"websocket-server"}
2026-01-04 00:20:11.242 [INFO ] [DRUG] Unique dept_name values in wait data: {"0":"รอจัดยา","service":"websocket-server"}
2026-01-04 00:20:13.157 [INFO ] [DRUG] เริ่มดึงข้อมูลสำหรับ setting_id: 23, date: 2026-01-04 {"service":"websocket-server"}
2026-01-04 00:20:13.222 [INFO ] [DRUG] ดึง settings สำเร็จ - department_load: 38,39, style_voice: 2, voice: 3 {"service":"websocket-server"}
2026-01-04 00:20:13.245 [INFO ] [DRUG] ผลลัพธ์จาก DB - wait: 11, active: 0, call: ไม่มี, skip: 0 {"service":"websocket-server"}
2026-01-04 00:20:13.245 [INFO ] [DRUG] Sample wait item - visit_q_no: A004, dept_name: รอจัดยา, code_dept_id: 38 {"service":"websocket-server"}
2026-01-04 00:20:13.245 [INFO ] [DRUG] Unique dept_name values in wait data: {"0":"รอจัดยา","service":"websocket-server"}
2026-01-04 00:20:15.158 [INFO ] [DRUG] เริ่มดึงข้อมูลสำหรับ setting_id: 23, date: 2026-01-04 {"service":"websocket-server"}
2026-01-04 00:20:15.220 [INFO ] [DRUG] ดึง settings สำเร็จ - department_load: 38,39, style_voice: 2, voice: 3 {"service":"websocket-server"}
2026-01-04 00:20:15.242 [INFO ] [DRUG] ผลลัพธ์จาก DB - wait: 11, active: 0, call: ไม่มี, skip: 0 {"service":"websocket-server"}
2026-01-04 00:20:15.242 [INFO ] [DRUG] Sample wait item - visit_q_no: A004, dept_name: รอจัดยา, code_dept_id: 38 {"service":"websocket-server"}
2026-01-04 00:20:15.243 [INFO ] [DRUG] Unique dept_name values in wait data: {"0":"รอจัดยา","service":"websocket-server"}
2026-01-04 00:20:17.159 [INFO ] [DRUG] เริ่มดึงข้อมูลสำหรับ setting_id: 23, date: 2026-01-04 {"service":"websocket-server"}
2026-01-04 00:20:17.220 [INFO ] [DRUG] ดึง settings สำเร็จ - department_load: 38,39, style_voice: 2, voice: 3 {"service":"websocket-server"}
2026-01-04 00:20:17.243 [INFO ] [DRUG] ผลลัพธ์จาก DB - wait: 11, active: 0, call: ไม่มี, skip: 0 {"service":"websocket-server"}
2026-01-04 00:20:17.244 [INFO ] [DRUG] Sample wait item - visit_q_no: A004, dept_name: รอจัดยา, code_dept_id: 38 {"service":"websocket-server"}
2026-01-04 00:20:17.244 [INFO ] [DRUG] Unique dept_name values in wait data: {"0":"รอจัดยา","service":"websocket-server"}
2026-01-04 00:20:19.160 [INFO ] [DRUG] เริ่มดึงข้อมูลสำหรับ setting_id: 23, date: 2026-01-04 {"service":"websocket-server"}
2026-01-04 00:20:19.222 [INFO ] [DRUG] ดึง settings สำเร็จ - department_load: 38,39, style_voice: 2, voice: 3 {"service":"websocket-server"}
2026-01-04 00:20:19.246 [INFO ] [DRUG] ผลลัพธ์จาก DB - wait: 11, active: 0, call: ไม่มี, skip: 0 {"service":"websocket-server"}
2026-01-04 00:20:19.246 [INFO ] [DRUG] Sample wait item - visit_q_no: A004, dept_name: รอจัดยา, code_dept_id: 38 {"service":"websocket-server"}
2026-01-04 00:20:19.246 [INFO ] [DRUG] Unique dept_name values in wait data: {"0":"รอจัดยา","service":"websocket-server"}
2026-01-04 00:20:19.916 [INFO ] Client disconnected {"service":"websocket-server"}
2026-01-04 00:20:19.917 [INFO ] Client connected {"service":"websocket-server"}
2026-01-04 00:20:19.920 [INFO ] Client registered for setting_id: 23 {"service":"websocket-server"}
2026-01-04 00:20:19.920 [INFO ] Client registered for query_type: drug {"service":"websocket-server"}
2026-01-04 00:20:21.161 [INFO ] [DRUG] เริ่มดึงข้อมูลสำหรับ setting_id: 23, date: 2026-01-04 {"service":"websocket-server"}
2026-01-04 00:20:21.243 [INFO ] [DRUG] ดึง settings สำเร็จ - department_load: 38,39, style_voice: 2, voice: 3 {"service":"websocket-server"}
2026-01-04 00:20:21.268 [INFO ] [DRUG] ผลลัพธ์จาก DB - wait: 11, active: 0, call: ไม่มี, skip: 0 {"service":"websocket-server"}
2026-01-04 00:20:21.268 [INFO ] [DRUG] Sample wait item - visit_q_no: A004, dept_name: รอจัดยา, code_dept_id: 38 {"service":"websocket-server"}
2026-01-04 00:20:21.268 [INFO ] [DRUG] Unique dept_name values in wait data: {"0":"รอจัดยา","service":"websocket-server"}
2026-01-04 00:20:21.268 [INFO ] [DRUG] ✅ ส่งข้อมูลกลับไปยัง client สำเร็จ - wait: 11, active: 0, call: ไม่มี {"service":"websocket-server"}
2026-01-04 00:20:23.161 [INFO ] [DRUG] เริ่มดึงข้อมูลสำหรับ setting_id: 23, date: 2026-01-04 {"service":"websocket-server"}
2026-01-04 00:20:23.230 [INFO ] [DRUG] ดึง settings สำเร็จ - department_load: 38,39, style_voice: 2, voice: 3 {"service":"websocket-server"}
2026-01-04 00:20:23.253 [INFO ] [DRUG] ผลลัพธ์จาก DB - wait: 11, active: 0, call: ไม่มี, skip: 0 {"service":"websocket-server"}
2026-01-04 00:20:23.253 [INFO ] [DRUG] Sample wait item - visit_q_no: A004, dept_name: รอจัดยา, code_dept_id: 38 {"service":"websocket-server"}
2026-01-04 00:20:23.253 [INFO ] [DRUG] Unique dept_name values in wait data: {"0":"รอจัดยา","service":"websocket-server"}
2026-01-04 00:20:25.162 [INFO ] [DRUG] เริ่มดึงข้อมูลสำหรับ setting_id: 23, date: 2026-01-04 {"service":"websocket-server"}
2026-01-04 00:20:25.226 [INFO ] [DRUG] ดึง settings สำเร็จ - department_load: 38,39, style_voice: 2, voice: 3 {"service":"websocket-server"}
2026-01-04 00:20:25.249 [INFO ] [DRUG] ผลลัพธ์จาก DB - wait: 11, active: 0, call: ไม่มี, skip: 0 {"service":"websocket-server"}
2026-01-04 00:20:25.249 [INFO ] [DRUG] Sample wait item - visit_q_no: A004, dept_name: รอจัดยา, code_dept_id: 38 {"service":"websocket-server"}
2026-01-04 00:20:25.250 [INFO ] [DRUG] Unique dept_name values in wait data: {"0":"รอจัดยา","service":"websocket-server"}
2026-01-04 00:20:27.164 [INFO ] [DRUG] เริ่มดึงข้อมูลสำหรับ setting_id: 23, date: 2026-01-04 {"service":"websocket-server"}
2026-01-04 00:20:27.226 [INFO ] [DRUG] ดึง settings สำเร็จ - department_load: 38,39, style_voice: 2, voice: 3 {"service":"websocket-server"}
2026-01-04 00:20:27.250 [INFO ] [DRUG] ผลลัพธ์จาก DB - wait: 11, active: 0, call: ไม่มี, skip: 0 {"service":"websocket-server"}
2026-01-04 00:20:27.250 [INFO ] [DRUG] Sample wait item - visit_q_no: A004, dept_name: รอจัดยา, code_dept_id: 38 {"service":"websocket-server"}
2026-01-04 00:20:27.250 [INFO ] [DRUG] Unique dept_name values in wait data: {"0":"รอจัดยา","service":"websocket-server"}
2026-01-04 00:20:29.164 [INFO ] [DRUG] เริ่มดึงข้อมูลสำหรับ setting_id: 23, date: 2026-01-04 {"service":"websocket-server"}
2026-01-04 00:20:29.227 [INFO ] [DRUG] ดึง settings สำเร็จ - department_load: 38,39, style_voice: 2, voice: 3 {"service":"websocket-server"}
2026-01-04 00:20:29.258 [INFO ] [DRUG] ผลลัพธ์จาก DB - wait: 11, active: 0, call: ไม่มี, skip: 0 {"service":"websocket-server"}
2026-01-04 00:20:29.258 [INFO ] [DRUG] Sample wait item - visit_q_no: A004, dept_name: รอจัดยา, code_dept_id: 38 {"service":"websocket-server"}
2026-01-04 00:20:29.258 [INFO ] [DRUG] Unique dept_name values in wait data: {"0":"รอจัดยา","service":"websocket-server"}
2026-01-04 00:20:31.165 [INFO ] [DRUG] เริ่มดึงข้อมูลสำหรับ setting_id: 23, date: 2026-01-04 {"service":"websocket-server"}
2026-01-04 00:20:31.227 [INFO ] [DRUG] ดึง settings สำเร็จ - department_load: 38,39, style_voice: 2, voice: 3 {"service":"websocket-server"}
2026-01-04 00:20:31.252 [INFO ] [DRUG] ผลลัพธ์จาก DB - wait: 11, active: 0, call: ไม่มี, skip: 0 {"service":"websocket-server"}
2026-01-04 00:20:31.252 [INFO ] [DRUG] Sample wait item - visit_q_no: A004, dept_name: รอจัดยา, code_dept_id: 38 {"service":"websocket-server"}
2026-01-04 00:20:31.253 [INFO ] [DRUG] Unique dept_name values in wait data: {"0":"รอจัดยา","service":"websocket-server"}
2026-01-04 00:20:33.165 [INFO ] [DRUG] เริ่มดึงข้อมูลสำหรับ setting_id: 23, date: 2026-01-04 {"service":"websocket-server"}
2026-01-04 00:20:33.225 [INFO ] [DRUG] ดึง settings สำเร็จ - department_load: 38,39, style_voice: 2, voice: 3 {"service":"websocket-server"}
2026-01-04 00:20:33.249 [INFO ] [DRUG] ผลลัพธ์จาก DB - wait: 11, active: 0, call: ไม่มี, skip: 0 {"service":"websocket-server"}
2026-01-04 00:20:33.249 [INFO ] [DRUG] Sample wait item - visit_q_no: A004, dept_name: รอจัดยา, code_dept_id: 38 {"service":"websocket-server"}
2026-01-04 00:20:33.249 [INFO ] [DRUG] Unique dept_name values in wait data: {"0":"รอจัดยา","service":"websocket-server"}
2026-01-04 00:20:35.166 [INFO ] [DRUG] เริ่มดึงข้อมูลสำหรับ setting_id: 23, date: 2026-01-04 {"service":"websocket-server"}
2026-01-04 00:20:35.228 [INFO ] [DRUG] ดึง settings สำเร็จ - department_load: 38,39, style_voice: 2, voice: 3 {"service":"websocket-server"}
2026-01-04 00:20:35.252 [INFO ] [DRUG] ผลลัพธ์จาก DB - wait: 11, active: 0, call: ไม่มี, skip: 0 {"service":"websocket-server"}
2026-01-04 00:20:35.252 [INFO ] [DRUG] Sample wait item - visit_q_no: A004, dept_name: รอจัดยา, code_dept_id: 38 {"service":"websocket-server"}
2026-01-04 00:20:35.252 [INFO ] [DRUG] Unique dept_name values in wait data: {"0":"รอจัดยา","service":"websocket-server"}
2026-01-04 00:20:37.167 [INFO ] [DRUG] เริ่มดึงข้อมูลสำหรับ setting_id: 23, date: 2026-01-04 {"service":"websocket-server"}
2026-01-04 00:20:37.232 [INFO ] [DRUG] ดึง settings สำเร็จ - department_load: 38,39, style_voice: 2, voice: 3 {"service":"websocket-server"}
2026-01-04 00:20:37.256 [INFO ] [DRUG] ผลลัพธ์จาก DB - wait: 11, active: 0, call: ไม่มี, skip: 0 {"service":"websocket-server"}
2026-01-04 00:20:37.256 [INFO ] [DRUG] Sample wait item - visit_q_no: A004, dept_name: รอจัดยา, code_dept_id: 38 {"service":"websocket-server"}
2026-01-04 00:20:37.256 [INFO ] [DRUG] Unique dept_name values in wait data: {"0":"รอจัดยา","service":"websocket-server"}
2026-01-04 00:20:39.168 [INFO ] [DRUG] เริ่มดึงข้อมูลสำหรับ setting_id: 23, date: 2026-01-04 {"service":"websocket-server"}
2026-01-04 00:20:39.229 [INFO ] [DRUG] ดึง settings สำเร็จ - department_load: 38,39, style_voice: 2, voice: 3 {"service":"websocket-server"}
2026-01-04 00:20:39.253 [INFO ] [DRUG] ผลลัพธ์จาก DB - wait: 11, active: 0, call: ไม่มี, skip: 0 {"service":"websocket-server"}
2026-01-04 00:20:39.254 [INFO ] [DRUG] Sample wait item - visit_q_no: A004, dept_name: รอจัดยา, code_dept_id: 38 {"service":"websocket-server"}
2026-01-04 00:20:39.255 [INFO ] [DRUG] Unique dept_name values in wait data: {"0":"รอจัดยา","service":"websocket-server"}
2026-01-04 00:20:41.169 [INFO ] [DRUG] เริ่มดึงข้อมูลสำหรับ setting_id: 23, date: 2026-01-04 {"service":"websocket-server"}
2026-01-04 00:20:41.237 [INFO ] [DRUG] ดึง settings สำเร็จ - department_load: 38,39, style_voice: 2, voice: 3 {"service":"websocket-server"}
2026-01-04 00:20:41.260 [INFO ] [DRUG] ผลลัพธ์จาก DB - wait: 11, active: 0, call: ไม่มี, skip: 0 {"service":"websocket-server"}
2026-01-04 00:20:41.260 [INFO ] [DRUG] Sample wait item - visit_q_no: A004, dept_name: รอจัดยา, code_dept_id: 38 {"service":"websocket-server"}
2026-01-04 00:20:41.260 [INFO ] [DRUG] Unique dept_name values in wait data: {"0":"รอจัดยา","service":"websocket-server"}
2026-01-04 00:20:43.171 [INFO ] [DRUG] เริ่มดึงข้อมูลสำหรับ setting_id: 23, date: 2026-01-04 {"service":"websocket-server"}
2026-01-04 00:20:43.233 [INFO ] [DRUG] ดึง settings สำเร็จ - department_load: 38,39, style_voice: 2, voice: 3 {"service":"websocket-server"}
2026-01-04 00:20:43.259 [INFO ] [DRUG] ผลลัพธ์จาก DB - wait: 11, active: 0, call: ไม่มี, skip: 0 {"service":"websocket-server"}
2026-01-04 00:20:43.259 [INFO ] [DRUG] Sample wait item - visit_q_no: A004, dept_name: รอจัดยา, code_dept_id: 38 {"service":"websocket-server"}
2026-01-04 00:20:43.259 [INFO ] [DRUG] Unique dept_name values in wait data: {"0":"รอจัดยา","service":"websocket-server"}
2026-01-04 00:20:45.171 [INFO ] [DRUG] เริ่มดึงข้อมูลสำหรับ setting_id: 23, date: 2026-01-04 {"service":"websocket-server"}
2026-01-04 00:20:45.234 [INFO ] [DRUG] ดึง settings สำเร็จ - department_load: 38,39, style_voice: 2, voice: 3 {"service":"websocket-server"}
2026-01-04 00:20:45.256 [INFO ] [DRUG] ผลลัพธ์จาก DB - wait: 11, active: 0, call: ไม่มี, skip: 0 {"service":"websocket-server"}
2026-01-04 00:20:45.256 [INFO ] [DRUG] Sample wait item - visit_q_no: A004, dept_name: รอจัดยา, code_dept_id: 38 {"service":"websocket-server"}
2026-01-04 00:20:45.256 [INFO ] [DRUG] Unique dept_name values in wait data: {"0":"รอจัดยา","service":"websocket-server"}
2026-01-04 00:20:47.172 [INFO ] [DRUG] เริ่มดึงข้อมูลสำหรับ setting_id: 23, date: 2026-01-04 {"service":"websocket-server"}
2026-01-04 00:20:47.234 [INFO ] [DRUG] ดึง settings สำเร็จ - department_load: 38,39, style_voice: 2, voice: 3 {"service":"websocket-server"}
2026-01-04 00:20:47.254 [INFO ] [DRUG] ผลลัพธ์จาก DB - wait: 11, active: 0, call: ไม่มี, skip: 0 {"service":"websocket-server"}
2026-01-04 00:20:47.254 [INFO ] [DRUG] Sample wait item - visit_q_no: A004, dept_name: รอจัดยา, code_dept_id: 38 {"service":"websocket-server"}
2026-01-04 00:20:47.254 [INFO ] [DRUG] Unique dept_name values in wait data: {"0":"รอจัดยา","service":"websocket-server"}
2026-01-04 00:20:49.172 [INFO ] [DRUG] เริ่มดึงข้อมูลสำหรับ setting_id: 23, date: 2026-01-04 {"service":"websocket-server"}
2026-01-04 00:20:49.236 [INFO ] [DRUG] ดึง settings สำเร็จ - department_load: 38,39, style_voice: 2, voice: 3 {"service":"websocket-server"}
2026-01-04 00:20:49.258 [INFO ] [DRUG] ผลลัพธ์จาก DB - wait: 11, active: 0, call: ไม่มี, skip: 0 {"service":"websocket-server"}
2026-01-04 00:20:49.258 [INFO ] [DRUG] Sample wait item - visit_q_no: A004, dept_name: รอจัดยา, code_dept_id: 38 {"service":"websocket-server"}
2026-01-04 00:20:49.258 [INFO ] [DRUG] Unique dept_name values in wait data: {"0":"รอจัดยา","service":"websocket-server"}
2026-01-04 00:20:51.174 [INFO ] [DRUG] เริ่มดึงข้อมูลสำหรับ setting_id: 23, date: 2026-01-04 {"service":"websocket-server"}
2026-01-04 00:20:51.237 [INFO ] [DRUG] ดึง settings สำเร็จ - department_load: 38,39, style_voice: 2, voice: 3 {"service":"websocket-server"}
2026-01-04 00:20:51.261 [INFO ] [DRUG] ผลลัพธ์จาก DB - wait: 11, active: 0, call: ไม่มี, skip: 0 {"service":"websocket-server"}
2026-01-04 00:20:51.261 [INFO ] [DRUG] Sample wait item - visit_q_no: A004, dept_name: รอจัดยา, code_dept_id: 38 {"service":"websocket-server"}
2026-01-04 00:20:51.261 [INFO ] [DRUG] Unique dept_name values in wait data: {"0":"รอจัดยา","service":"websocket-server"}
2026-01-04 00:20:53.175 [INFO ] [DRUG] เริ่มดึงข้อมูลสำหรับ setting_id: 23, date: 2026-01-04 {"service":"websocket-server"}
2026-01-04 00:20:53.237 [INFO ] [DRUG] ดึง settings สำเร็จ - department_load: 38,39, style_voice: 2, voice: 3 {"service":"websocket-server"}
2026-01-04 00:20:53.258 [INFO ] [DRUG] ผลลัพธ์จาก DB - wait: 11, active: 0, call: ไม่มี, skip: 0 {"service":"websocket-server"}
2026-01-04 00:20:53.258 [INFO ] [DRUG] Sample wait item - visit_q_no: A004, dept_name: รอจัดยา, code_dept_id: 38 {"service":"websocket-server"}
2026-01-04 00:20:53.258 [INFO ] [DRUG] Unique dept_name values in wait data: {"0":"รอจัดยา","service":"websocket-server"}
2026-01-04 00:20:55.176 [INFO ] [DRUG] เริ่มดึงข้อมูลสำหรับ setting_id: 23, date: 2026-01-04 {"service":"websocket-server"}
2026-01-04 00:20:55.242 [INFO ] [DRUG] ดึง settings สำเร็จ - department_load: 38,39, style_voice: 2, voice: 3 {"service":"websocket-server"}
2026-01-04 00:20:55.263 [INFO ] [DRUG] ผลลัพธ์จาก DB - wait: 11, active: 0, call: ไม่มี, skip: 0 {"service":"websocket-server"}
2026-01-04 00:20:55.263 [INFO ] [DRUG] Sample wait item - visit_q_no: A004, dept_name: รอจัดยา, code_dept_id: 38 {"service":"websocket-server"}
2026-01-04 00:20:55.263 [INFO ] [DRUG] Unique dept_name values in wait data: {"0":"รอจัดยา","service":"websocket-server"}
2026-01-04 00:20:57.177 [INFO ] [DRUG] เริ่มดึงข้อมูลสำหรับ setting_id: 23, date: 2026-01-04 {"service":"websocket-server"}
2026-01-04 00:20:57.239 [INFO ] [DRUG] ดึง settings สำเร็จ - department_load: 38,39, style_voice: 2, voice: 3 {"service":"websocket-server"}
2026-01-04 00:20:57.259 [INFO ] [DRUG] ผลลัพธ์จาก DB - wait: 11, active: 0, call: ไม่มี, skip: 0 {"service":"websocket-server"}
2026-01-04 00:20:57.259 [INFO ] [DRUG] Sample wait item - visit_q_no: A004, dept_name: รอจัดยา, code_dept_id: 38 {"service":"websocket-server"}
2026-01-04 00:20:57.259 [INFO ] [DRUG] Unique dept_name values in wait data: {"0":"รอจัดยา","service":"websocket-server"}
2026-01-04 00:20:59.178 [INFO ] [DRUG] เริ่มดึงข้อมูลสำหรับ setting_id: 23, date: 2026-01-04 {"service":"websocket-server"}
2026-01-04 00:20:59.239 [INFO ] [DRUG] ดึง settings สำเร็จ - department_load: 38,39, style_voice: 2, voice: 3 {"service":"websocket-server"}
2026-01-04 00:20:59.260 [INFO ] [DRUG] ผลลัพธ์จาก DB - wait: 11, active: 0, call: ไม่มี, skip: 0 {"service":"websocket-server"}
2026-01-04 00:20:59.260 [INFO ] [DRUG] Sample wait item - visit_q_no: A004, dept_name: รอจัดยา, code_dept_id: 38 {"service":"websocket-server"}
2026-01-04 00:20:59.260 [INFO ] [DRUG] Unique dept_name values in wait data: {"0":"รอจัดยา","service":"websocket-server"}
2026-01-04 00:21:01.179 [INFO ] [DRUG] เริ่มดึงข้อมูลสำหรับ setting_id: 23, date: 2026-01-04 {"service":"websocket-server"}
2026-01-04 00:21:01.244 [INFO ] [DRUG] ดึง settings สำเร็จ - department_load: 38,39, style_voice: 2, voice: 3 {"service":"websocket-server"}
2026-01-04 00:21:01.270 [INFO ] [DRUG] ผลลัพธ์จาก DB - wait: 11, active: 0, call: ไม่มี, skip: 0 {"service":"websocket-server"}
2026-01-04 00:21:01.270 [INFO ] [DRUG] Sample wait item - visit_q_no: A004, dept_name: รอจัดยา, code_dept_id: 38 {"service":"websocket-server"}
2026-01-04 00:21:01.270 [INFO ] [DRUG] Unique dept_name values in wait data: {"0":"รอจัดยา","service":"websocket-server"}
2026-01-04 00:21:03.180 [INFO ] [DRUG] เริ่มดึงข้อมูลสำหรับ setting_id: 23, date: 2026-01-04 {"service":"websocket-server"}
2026-01-04 00:21:03.242 [INFO ] [DRUG] ดึง settings สำเร็จ - department_load: 38,39, style_voice: 2, voice: 3 {"service":"websocket-server"}
2026-01-04 00:21:03.268 [INFO ] [DRUG] ผลลัพธ์จาก DB - wait: 11, active: 0, call: ไม่มี, skip: 0 {"service":"websocket-server"}
2026-01-04 00:21:03.268 [INFO ] [DRUG] Sample wait item - visit_q_no: A004, dept_name: รอจัดยา, code_dept_id: 38 {"service":"websocket-server"}
2026-01-04 00:21:03.268 [INFO ] [DRUG] Unique dept_name values in wait data: {"0":"รอจัดยา","service":"websocket-server"}
2026-01-04 00:21:03.347 [INFO ] Client disconnected {"service":"websocket-server"}
2026-01-04 00:21:05.706 [INFO ] Client connected {"service":"websocket-server"}
2026-01-04 00:21:05.706 [INFO ] Client registered for setting_id: 23 {"service":"websocket-server"}
2026-01-04 00:21:05.706 [INFO ] Client registered for query_type: drug {"service":"websocket-server"}
2026-01-04 00:21:07.181 [INFO ] [DRUG] เริ่มดึงข้อมูลสำหรับ setting_id: 23, date: 2026-01-04 {"service":"websocket-server"}
2026-01-04 00:21:07.241 [INFO ] [DRUG] ดึง settings สำเร็จ - department_load: 38,39, style_voice: 2, voice: 3 {"service":"websocket-server"}
2026-01-04 00:21:07.265 [INFO ] [DRUG] ผลลัพธ์จาก DB - wait: 11, active: 0, call: ไม่มี, skip: 0 {"service":"websocket-server"}
2026-01-04 00:21:07.266 [INFO ] [DRUG] Sample wait item - visit_q_no: A004, dept_name: รอจัดยา, code_dept_id: 38 {"service":"websocket-server"}
2026-01-04 00:21:07.266 [INFO ] [DRUG] Unique dept_name values in wait data: {"0":"รอจัดยา","service":"websocket-server"}
2026-01-04 00:21:07.267 [INFO ] [DRUG] ✅ ส่งข้อมูลกลับไปยัง client สำเร็จ - wait: 11, active: 0, call: ไม่มี {"service":"websocket-server"}
2026-01-04 00:21:09.182 [INFO ] [DRUG] เริ่มดึงข้อมูลสำหรับ setting_id: 23, date: 2026-01-04 {"service":"websocket-server"}
2026-01-04 00:21:09.245 [INFO ] [DRUG] ดึง settings สำเร็จ - department_load: 38,39, style_voice: 2, voice: 3 {"service":"websocket-server"}
2026-01-04 00:21:09.268 [INFO ] [DRUG] ผลลัพธ์จาก DB - wait: 11, active: 0, call: ไม่มี, skip: 0 {"service":"websocket-server"}
2026-01-04 00:21:09.268 [INFO ] [DRUG] Sample wait item - visit_q_no: A004, dept_name: รอจัดยา, code_dept_id: 38 {"service":"websocket-server"}
2026-01-04 00:21:09.268 [INFO ] [DRUG] Unique dept_name values in wait data: {"0":"รอจัดยา","service":"websocket-server"}
2026-01-04 00:21:11.182 [INFO ] [DRUG] เริ่มดึงข้อมูลสำหรับ setting_id: 23, date: 2026-01-04 {"service":"websocket-server"}
2026-01-04 00:21:11.246 [INFO ] [DRUG] ดึง settings สำเร็จ - department_load: 38,39, style_voice: 2, voice: 3 {"service":"websocket-server"}
2026-01-04 00:21:11.270 [INFO ] [DRUG] ผลลัพธ์จาก DB - wait: 11, active: 0, call: ไม่มี, skip: 0 {"service":"websocket-server"}
2026-01-04 00:21:11.270 [INFO ] [DRUG] Sample wait item - visit_q_no: A004, dept_name: รอจัดยา, code_dept_id: 38 {"service":"websocket-server"}
2026-01-04 00:21:11.270 [INFO ] [DRUG] Unique dept_name values in wait data: {"0":"รอจัดยา","service":"websocket-server"}
2026-01-04 00:21:13.183 [INFO ] [DRUG] เริ่มดึงข้อมูลสำหรับ setting_id: 23, date: 2026-01-04 {"service":"websocket-server"}
2026-01-04 00:21:13.251 [INFO ] [DRUG] ดึง settings สำเร็จ - department_load: 38,39, style_voice: 2, voice: 3 {"service":"websocket-server"}
2026-01-04 00:21:13.274 [INFO ] [DRUG] ผลลัพธ์จาก DB - wait: 11, active: 0, call: ไม่มี, skip: 0 {"service":"websocket-server"}
2026-01-04 00:21:13.274 [INFO ] [DRUG] Sample wait item - visit_q_no: A004, dept_name: รอจัดยา, code_dept_id: 38 {"service":"websocket-server"}
2026-01-04 00:21:13.274 [INFO ] [DRUG] Unique dept_name values in wait data: {"0":"รอจัดยา","service":"websocket-server"}
